Country,Code,ContinentCode,Year,Globalization index (0-100),Economic globalization index (0-100),Political globalization index (0-100),Social globalization index (0-100)
Afghanistan,AFG,AS,1981,21.04,25.97,24.02,12
Afghanistan,AFG,AS,1982,21.45,26.95,24.39,11.89
Afghanistan,AFG,AS,1983,21.94,28.15,24.76,11.84
Afghanistan,AFG,AS,1984,21.73,28.15,24.38,11.68
Afghanistan,AFG,AS,1985,21.68,28.37,24.01,11.78
Afghanistan,AFG,AS,1986,22.23,29.19,24.39,12.26
Afghanistan,AFG,AS,1987,22.46,29.95,24.38,12.24
Afghanistan,AFG,AS,1988,23.8,32.83,24.76,13.24
Afghanistan,AFG,AS,1989,23.23,32.05,24.66,12.25
Afghanistan,AFG,AS,1990,23.73,33.17,25.29,11.92
Afghanistan,AFG,AS,1991,23.63,33.07,25.14,11.87
Afghanistan,AFG,AS,1992,23.62,32.47,25.19,12.36
Afghanistan,AFG,AS,1993,23.09,31.1,25.71,11.3
Afghanistan,AFG,AS,1994,24.3,35.16,25.47,11.35
Afghanistan,AFG,AS,1995,24.53,35.87,25.42,11.4
Afghanistan,AFG,AS,1996,24.75,36.78,25.55,10.98
Afghanistan,AFG,AS,1997,24.84,37.23,25.43,11.01
Afghanistan,AFG,AS,1998,25.19,38.67,25.2,11.02
Afghanistan,AFG,AS,1999,25.36,38.68,25.54,11.19
Afghanistan,AFG,AS,2000,24.55,36.25,25.53,11.08
Afghanistan,AFG,AS,2001,24.51,36,25.41,11.43
Afghanistan,AFG,AS,2002,25.06,35.61,25.66,13.42
Afghanistan,AFG,AS,2003,26.35,35.01,27.04,16.55
Afghanistan,AFG,AS,2004,27.03,36.18,27.17,17.47
Afghanistan,AFG,AS,2005,31.4,35.92,35.62,21.27
Afghanistan,AFG,AS,2006,30.82,33.33,35.17,22.6
Afghanistan,AFG,AS,2007,32.22,33.16,37.05,24.99
Afghanistan,AFG,AS,2008,34.13,36.12,39.38,25.3
Afghanistan,AFG,AS,2009,35.13,34.15,40.18,29.61
Afghanistan,AFG,AS,2010,36.63,35.7,42.23,30.38
Afghanistan,AFG,AS,2011,38.88,41.37,42.85,31.27
Afghanistan,AFG,AS,2012,38.87,38.38,44.4,32.28
Afghanistan,AFG,AS,2013,38.45,34.65,45.2,33.67
Afghanistan,AFG,AS,2014,38.1,34.92,43.5,34.42
Afghanistan,AFG,AS,2015,39.79,34.08,46.8,36.59
Afghanistan,AFG,AS,2016,38.48,29.86,47.04,36.21
Afghanistan,AFG,AS,2017,38.16,29.39,47.43,35.12
Afghanistan,AFG,AS,2018,38.52,32.64,45.61,35.4
Afghanistan,AFG,AS,2019,38.39,31.11,45.82,36.22
Afghanistan,AFG,AS,2020,38,29,46,36
Albania,ALB,EU,1981,31.42,23.31,40.52,30.42
Albania,ALB,EU,1982,29.95,22.96,36.12,30.78
Albania,ALB,EU,1983,31.3,23.16,38.95,31.77
Albania,ALB,EU,1984,31.36,22.99,40.15,30.93
Albania,ALB,EU,1985,29.33,23.42,33.02,31.56
Albania,ALB,EU,1986,30.53,22.75,36.87,31.96
Albania,ALB,EU,1987,32.01,23.12,41.72,31.21
Albania,ALB,EU,1988,31.18,25.29,34.91,33.33
Albania,ALB,EU,1989,32.51,25.3,39.25,32.97
Albania,ALB,EU,1990,30.96,25.1,34.34,33.45
Albania,ALB,EU,1991,31.22,29.23,28.87,35.57
Albania,ALB,EU,1992,39.26,41.06,38.14,38.57
Albania,ALB,EU,1993,41.22,41.97,43.18,38.51
Albania,ALB,EU,1994,40.25,33.4,50.58,36.76
Albania,ALB,EU,1995,43.49,32.37,60.35,37.74
Albania,ALB,EU,1996,40.48,30.21,52.3,38.94
Albania,ALB,EU,1997,43.42,29.25,60.78,40.22
Albania,ALB,EU,1998,45.86,32.93,61.41,43.23
Albania,ALB,EU,1999,46.59,36.68,57.2,45.89
Albania,ALB,EU,2000,49.21,39.93,60.03,47.66
Albania,ALB,EU,2001,53.42,42.86,64.45,52.93
Albania,ALB,EU,2002,56.92,47.68,69.16,53.93
Albania,ALB,EU,2003,56.54,48.16,63.7,57.75
Albania,ALB,EU,2004,57.57,48.72,64.05,59.94
Albania,ALB,EU,2005,58.16,49.27,64.44,60.76
Albania,ALB,EU,2006,61.2,51.56,67.31,64.72
Albania,ALB,EU,2007,63.83,54.17,71.19,66.14
Albania,ALB,EU,2008,65.59,57.43,73.69,65.65
Albania,ALB,EU,2009,68.8,60.05,76.72,69.62
Albania,ALB,EU,2010,70.1,64.69,75.12,70.51
Albania,ALB,EU,2011,66.96,63.03,68.95,68.89
Albania,ALB,EU,2012,63.83,61.85,61.22,68.41
Albania,ALB,EU,2013,66.5,61.43,69.3,68.79
Albania,ALB,EU,2014,68.73,66.59,71.23,68.37
Albania,ALB,EU,2015,69.47,66.61,72.96,68.84
Albania,ALB,EU,2016,66.91,68.23,63.89,68.6
Albania,ALB,EU,2017,67.48,69.92,64.12,68.4
Albania,ALB,EU,2018,66.65,68.7,63.28,67.97
Albania,ALB,EU,2019,66.34,68.62,63.32,67.08
Albania,ALB,EU,2020,64,64,63,66
Algeria,DZA,AF,1981,38.41,32.72,59.69,22.84
Algeria,DZA,AF,1982,37.02,29.99,58.06,23
Algeria,DZA,AF,1983,33.12,26.56,50.11,22.69
Algeria,DZA,AF,1984,32.77,25.12,50.32,22.87
Algeria,DZA,AF,1985,35.55,23.99,58.96,23.71
Algeria,DZA,AF,1986,34.1,21.68,56.37,24.25
Algeria,DZA,AF,1987,33.59,20.97,56.2,23.6
Algeria,DZA,AF,1988,34.08,23.18,55.61,23.44
Algeria,DZA,AF,1989,39.87,24.06,70.16,25.4
Algeria,DZA,AF,1990,39.59,23.6,69.82,25.36
Algeria,DZA,AF,1991,41.09,28.81,69.16,25.29
Algeria,DZA,AF,1992,38.51,27.91,64.32,23.29
Algeria,DZA,AF,1993,40.01,28,68.79,23.26
Algeria,DZA,AF,1994,37.54,30.6,59.8,22.21
Algeria,DZA,AF,1995,43.91,31.65,75.79,24.29
Algeria,DZA,AF,1996,43.8,32.62,73.99,24.78
Algeria,DZA,AF,1997,45.34,33.54,76.31,26.17
Algeria,DZA,AF,1998,42.74,36.79,62.96,28.46
Algeria,DZA,AF,1999,44.99,37.34,66.92,30.7
Algeria,DZA,AF,2000,48.44,40.53,73.52,31.26
Algeria,DZA,AF,2001,49.85,39.89,76.99,32.67
Algeria,DZA,AF,2002,49.52,39.38,74.19,35
Algeria,DZA,AF,2003,50.51,39.56,75.06,36.91
Algeria,DZA,AF,2004,51.49,41.03,74.5,38.94
Algeria,DZA,AF,2005,54.6,46.67,76.18,40.95
Algeria,DZA,AF,2006,55.22,46.09,77.43,42.15
Algeria,DZA,AF,2007,57.07,44.23,79.6,47.38
Algeria,DZA,AF,2008,57.52,44.2,80.71,47.65
Algeria,DZA,AF,2009,57.93,46.29,78.42,49.07
Algeria,DZA,AF,2010,58.32,43.6,81.55,49.82
Algeria,DZA,AF,2011,57.73,41.79,80.64,50.77
Algeria,DZA,AF,2012,57.08,41.32,78.51,51.39
Algeria,DZA,AF,2013,56.71,41.13,76.37,52.64
Algeria,DZA,AF,2014,57.17,38.73,78.9,53.87
Algeria,DZA,AF,2015,57.41,38.78,80.17,53.3
Algeria,DZA,AF,2016,56.73,37.66,80.18,52.36
Algeria,DZA,AF,2017,56.78,37.29,80.36,52.69
Algeria,DZA,AF,2018,56.15,38.3,79.88,50.27
Algeria,DZA,AF,2019,55.57,36.16,79.99,50.56
Algeria,DZA,AF,2020,55,35,80,50
Andorra,AND,EU,1981,46.25,,25.63,76.46
Andorra,AND,EU,1982,39.85,,12.68,76.02
Andorra,AND,EU,1983,44.47,,22.86,75.22
Andorra,AND,EU,1984,44,,21.88,75.16
Andorra,AND,EU,1985,45.06,,24.12,75.03
Andorra,AND,EU,1986,45.75,,25.54,75.15
Andorra,AND,EU,1987,45.55,,25.35,75.1
Andorra,AND,EU,1988,46.06,,25.71,76.26
Andorra,AND,EU,1989,46.32,,26.3,76.39
Andorra,AND,EU,1990,45.55,,24.71,76.44
Andorra,AND,EU,1991,44.27,,22.02,76.51
Andorra,AND,EU,1992,45.47,,24.46,76.59
Andorra,AND,EU,1993,46.27,,25.34,77.78
Andorra,AND,EU,1994,45.01,,22.68,77.88
Andorra,AND,EU,1995,42.09,,16.48,77.97
Andorra,AND,EU,1996,41.59,,15.11,78.32
Andorra,AND,EU,1997,43.52,,18.43,79.06
Andorra,AND,EU,1998,46.61,,24.31,79.7
Andorra,AND,EU,1999,47.41,,25.65,80.09
Andorra,AND,EU,2000,47.54,,25.53,80.41
Andorra,AND,EU,2001,45.35,,20.67,80.72
Andorra,AND,EU,2002,46.97,,23.72,81
Andorra,AND,EU,2003,46.58,,22.76,81.34
Andorra,AND,EU,2004,49.27,,27.76,82.41
Andorra,AND,EU,2005,49.32,,27.47,82.89
Andorra,AND,EU,2006,45.04,,18.75,82.68
Andorra,AND,EU,2007,46.86,,20.73,85.33
Andorra,AND,EU,2008,50.82,,29.31,85.25
Andorra,AND,EU,2009,51.57,,30.72,85.71
Andorra,AND,EU,2010,51.15,,29.27,86.14
Andorra,AND,EU,2011,47.43,,21.17,86.33
Andorra,AND,EU,2012,49.01,,24.05,86.49
Andorra,AND,EU,2013,47.97,,21.55,86.92
Andorra,AND,EU,2014,46.32,,17.74,87.29
Andorra,AND,EU,2015,46.48,,17.93,87.51
Andorra,AND,EU,2016,46.52,,17.94,87.58
Andorra,AND,EU,2017,46.88,,18.13,88.4
Andorra,AND,EU,2018,50.38,,22.19,89.24
Andorra,AND,EU,2019,50.73,,21.84,87.8
Andorra,AND,EU,2020,54,,22,87
Angola,AGO,AF,1981,26.43,34.15,31.68,12.69
Angola,AGO,AF,1982,28.14,32.44,38.24,12.89
Angola,AGO,AF,1983,29.06,32.84,40.86,12.54
Angola,AGO,AF,1984,30.5,35.76,42.48,12.23
Angola,AGO,AF,1985,27.63,35.04,34.87,12.11
Angola,AGO,AF,1986,28.72,33.29,39.48,12.47
Angola,AGO,AF,1987,29.41,32.6,42.51,12.13
Angola,AGO,AF,1988,30.62,39.31,39.48,12
Angola,AGO,AF,1989,31.55,36.58,44.59,12.39
Angola,AGO,AF,1990,32.69,39.36,44.66,12.92
Angola,AGO,AF,1991,32.45,40.5,40.54,15.35
Angola,AGO,AF,1992,32.75,47.74,36.12,13.29
Angola,AGO,AF,1993,33.44,51.71,34.29,13.15
Angola,AGO,AF,1994,37.03,54.9,41.12,13.74
Angola,AGO,AF,1995,35.59,54.27,36.95,14.33
Angola,AGO,AF,1996,37.07,55.36,38.53,16.14
Angola,AGO,AF,1997,39.1,55.99,44.67,15.27
Angola,AGO,AF,1998,39.92,56.45,45.59,16.39
Angola,AGO,AF,1999,41.04,60.36,43.38,18.07
Angola,AGO,AF,2000,41.25,59.9,43.7,18.91
Angola,AGO,AF,2001,40.22,59.96,39.42,20.15
Angola,AGO,AF,2002,39.1,54.26,39.58,22.54
Angola,AGO,AF,2003,39.8,53.11,41.58,23.81
Angola,AGO,AF,2004,39.61,52.7,40.49,24.84
Angola,AGO,AF,2005,40.75,52.92,40.61,28.02
Angola,AGO,AF,2006,41.13,50.6,42.45,29.73
Angola,AGO,AF,2007,43.46,51.28,47.58,30.83
Angola,AGO,AF,2008,43.69,50.44,47.28,32.77
Angola,AGO,AF,2009,44.09,50.48,47.16,34.1
Angola,AGO,AF,2010,44.8,51.88,47.07,34.93
Angola,AGO,AF,2011,45.48,50.99,48.12,36.87
Angola,AGO,AF,2012,44.98,47.1,48.43,39.1
Angola,AGO,AF,2013,44.48,46.36,48.53,38.21
Angola,AGO,AF,2014,43.61,43.01,49.36,38.16
Angola,AGO,AF,2015,43.11,40.82,50.7,37.52
Angola,AGO,AF,2016,42.45,39.55,51.13,36.35
Angola,AGO,AF,2017,41.48,36.89,51.17,36.11
Angola,AGO,AF,2018,42.81,42.09,51.44,34.9
Angola,AGO,AF,2019,42.3,42.05,51.13,33.72
Angola,AGO,AF,2020,43,43,51,33
Antigua and Barbuda,ATG,NA,1981,44.33,50.19,16.42,69.09
Antigua and Barbuda,ATG,NA,1982,44.8,53.54,16.41,67.66
Antigua and Barbuda,ATG,NA,1983,43.49,47.96,17.4,67.51
Antigua and Barbuda,ATG,NA,1984,43.87,48.72,17.6,67.77
Antigua and Barbuda,ATG,NA,1985,42.05,47.38,13.66,67.83
Antigua and Barbuda,ATG,NA,1986,45.4,56.03,16.12,67.7
Antigua and Barbuda,ATG,NA,1987,47.5,57.4,20.49,67.98
Antigua and Barbuda,ATG,NA,1988,47.17,54.37,21.85,68.09
Antigua and Barbuda,ATG,NA,1989,46.63,51.85,21.87,68.59
Antigua and Barbuda,ATG,NA,1990,48.26,54.52,23.23,69.63
Antigua and Barbuda,ATG,NA,1991,48.29,55.2,23.81,68.55
Antigua and Barbuda,ATG,NA,1992,48.7,56.25,23.75,68.9
Antigua and Barbuda,ATG,NA,1993,48.33,54.38,24.09,69.01
Antigua and Barbuda,ATG,NA,1994,48.43,54.56,24.25,68.96
Antigua and Barbuda,ATG,NA,1995,54.44,56.24,38.61,69.77
Antigua and Barbuda,ATG,NA,1996,48.84,54.18,25.68,68.95
Antigua and Barbuda,ATG,NA,1997,48.82,53.46,25.82,69.36
Antigua and Barbuda,ATG,NA,1998,49.13,54.18,25.96,69.51
Antigua and Barbuda,ATG,NA,1999,49.52,54.67,26.13,70.05
Antigua and Barbuda,ATG,NA,2000,50.09,56.24,25.92,70.61
Antigua and Barbuda,ATG,NA,2001,51,56.17,27.56,71.61
Antigua and Barbuda,ATG,NA,2002,51.37,56.07,27.77,72.56
Antigua and Barbuda,ATG,NA,2003,53.39,58.7,29.56,74.32
Antigua and Barbuda,ATG,NA,2004,54.11,60.61,29.2,75.2
Antigua and Barbuda,ATG,NA,2005,55.04,61.81,29.37,76.7
Antigua and Barbuda,ATG,NA,2006,56.12,63.46,30.47,77.3
Antigua and Barbuda,ATG,NA,2007,56.71,65.52,30.84,76.89
Antigua and Barbuda,ATG,NA,2008,58.08,70.8,28.43,79
Antigua and Barbuda,ATG,NA,2009,57.97,66.91,31.07,79.18
Antigua and Barbuda,ATG,NA,2010,57.92,65.46,32.53,78.71
Antigua and Barbuda,ATG,NA,2011,58.15,64.54,33.63,79.01
Antigua and Barbuda,ATG,NA,2012,58.61,65.86,33.66,79.21
Antigua and Barbuda,ATG,NA,2013,59.05,66.93,34.2,79.02
Antigua and Barbuda,ATG,NA,2014,59.3,67.45,33.86,79.69
Antigua and Barbuda,ATG,NA,2015,59.71,66.78,34.96,80.28
Antigua and Barbuda,ATG,NA,2016,59.89,66.78,35.15,80.63
Antigua and Barbuda,ATG,NA,2017,60.5,68.57,35.33,80.74
Antigua and Barbuda,ATG,NA,2018,58.1,61.25,33.4,81.96
Antigua and Barbuda,ATG,NA,2019,56.53,61.3,33.8,76.91
Antigua and Barbuda,ATG,NA,2020,55,57,33,76
Argentina,ARG,SA,1981,51.33,41.56,70.19,42.23
Argentina,ARG,SA,1982,49.36,37.14,68.77,42.17
Argentina,ARG,SA,1983,50.25,35.51,72.9,42.34
Argentina,ARG,SA,1984,51.62,38.49,72.88,43.48
Argentina,ARG,SA,1985,51.8,37.66,73.67,44.07
Argentina,ARG,SA,1986,51.56,34.73,74.23,45.71
Argentina,ARG,SA,1987,51.29,34.57,72.81,46.49
Argentina,ARG,SA,1988,51.16,34.56,70.72,48.19
Argentina,ARG,SA,1989,51.82,40.64,67.84,46.99
Argentina,ARG,SA,1990,50.18,36.02,68.7,45.81
Argentina,ARG,SA,1991,51.43,35.37,73.34,45.59
Argentina,ARG,SA,1992,55.34,36.66,82.99,46.35
Argentina,ARG,SA,1993,59.24,44.23,85.83,47.66
Argentina,ARG,SA,1994,60.58,45.7,87.18,48.86
Argentina,ARG,SA,1995,62.66,49.27,88.9,49.8
Argentina,ARG,SA,1996,62.69,48.73,88.88,50.46
Argentina,ARG,SA,1997,64.34,50.36,89.65,53
Argentina,ARG,SA,1998,64.91,51.42,89.94,53.37
Argentina,ARG,SA,1999,66.04,52.31,90.07,55.75
Argentina,ARG,SA,2000,67.34,53.18,90.47,58.36
Argentina,ARG,SA,2001,65.78,47.36,91.12,58.87
Argentina,ARG,SA,2002,66.29,49.7,91.05,58.12
Argentina,ARG,SA,2003,67.45,51.01,91.45,59.89
Argentina,ARG,SA,2004,67.76,51.51,90.85,60.91
Argentina,ARG,SA,2005,66.78,47.13,90.86,62.36
Argentina,ARG,SA,2006,66.72,45.06,91.21,63.9
Argentina,ARG,SA,2007,68.28,44.45,91.93,68.47
Argentina,ARG,SA,2008,68.14,41.97,91.56,70.89
Argentina,ARG,SA,2009,68.18,41.75,91.74,71.05
Argentina,ARG,SA,2010,67.63,40,92.28,70.62
Argentina,ARG,SA,2011,66.89,36.88,92.11,71.69
Argentina,ARG,SA,2012,65.21,31.72,92.47,71.43
Argentina,ARG,SA,2013,65.66,32.13,92.34,72.5
Argentina,ARG,SA,2014,65.92,33.07,92.17,72.51
Argentina,ARG,SA,2015,65.42,31.43,92.09,72.74
Argentina,ARG,SA,2016,66.51,34.99,91.71,72.85
Argentina,ARG,SA,2017,67.89,39.05,91.66,72.95
Argentina,ARG,SA,2018,71.31,50.29,90.97,72.68
Argentina,ARG,SA,2019,70.1,47.83,90.69,71.76
Argentina,ARG,SA,2020,69,46,91,72
Armenia,ARM,AS,1991,29.17,30.29,17.36,39.86
Armenia,ARM,AS,1992,30.52,30.39,20.02,41.16
Armenia,ARM,AS,1993,33.56,37.11,22.52,41.05
Armenia,ARM,AS,1994,36.73,39.93,27.93,42.34
Armenia,ARM,AS,1995,42.29,50.08,30.59,46.19
Armenia,ARM,AS,1996,45.74,57.01,32.65,47.57
Armenia,ARM,AS,1997,48.42,62.9,34.33,48.02
Armenia,ARM,AS,1998,48.15,62.55,35.42,46.47
Armenia,ARM,AS,1999,49.5,62.55,37.35,48.59
Armenia,ARM,AS,2000,50.46,64.79,37.58,49
Armenia,ARM,AS,2001,51.96,65.67,39.22,51
Armenia,ARM,AS,2002,51.79,66.32,40.36,48.69
Armenia,ARM,AS,2003,53.5,67.02,43.36,50.11
Armenia,ARM,AS,2004,54.87,67.89,43.73,53
Armenia,ARM,AS,2005,55.84,66.4,45.72,55.4
Armenia,ARM,AS,2006,57.4,65.68,49.13,57.38
Armenia,ARM,AS,2007,59.6,64.16,53.08,61.55
Armenia,ARM,AS,2008,59.52,62.98,53.49,62.1
Armenia,ARM,AS,2009,61.55,66.92,54.27,63.46
Armenia,ARM,AS,2010,62.98,68.82,54.13,65.99
Armenia,ARM,AS,2011,63.77,69.77,54.76,66.79
Armenia,ARM,AS,2012,67.27,69.14,66.38,66.3
Armenia,ARM,AS,2013,67.33,69.18,66.21,66.6
Armenia,ARM,AS,2014,67.81,70.61,66.07,66.75
Armenia,ARM,AS,2015,68.04,67.73,70.21,66.17
Armenia,ARM,AS,2016,68.27,68.51,70.54,65.77
Armenia,ARM,AS,2017,68.6,69.41,70.57,65.82
Armenia,ARM,AS,2018,68.42,69.98,69.31,65.97
Armenia,ARM,AS,2019,68.36,69.61,69.32,66.15
Armenia,ARM,AS,2020,67,66,69,65
Aruba,ABW,NA,1986,40.23,54.37,4.2,73.68
Aruba,ABW,NA,1987,40.58,55.48,4.21,73.73
Aruba,ABW,NA,1988,41.28,57.67,4.22,73.96
Aruba,ABW,NA,1989,40.98,56.39,4.2,74.13
Aruba,ABW,NA,1990,41.65,58.02,4.15,74.81
Aruba,ABW,NA,1991,42.26,60.31,4.1,74.71
Aruba,ABW,NA,1992,41.92,59.16,4.06,74.7
Aruba,ABW,NA,1993,41.83,58.81,4.02,74.71
Aruba,ABW,NA,1994,41.49,57.48,3.98,74.84
Aruba,ABW,NA,1995,42.24,59.5,3.96,75.34
Aruba,ABW,NA,1996,41.01,55.4,3.95,75.17
Aruba,ABW,NA,1997,41.63,57.21,3.93,75.46
Aruba,ABW,NA,1998,42.03,58.19,3.91,75.85
Aruba,ABW,NA,1999,43.57,61.96,4.47,76.55
Aruba,ABW,NA,2000,44.01,63.24,4.48,76.77
Aruba,ABW,NA,2001,44.96,66.61,4.48,76.75
Aruba,ABW,NA,2002,45.23,67.92,4.48,76.45
Aruba,ABW,NA,2003,44.23,65.14,4.85,75.29
Aruba,ABW,NA,2004,44.69,66.18,4.31,76.41
Aruba,ABW,NA,2005,46.15,70.25,5.02,76.3
Aruba,ABW,NA,2006,46.71,68.67,5.2,79.25
Aruba,ABW,NA,2007,47.27,70.68,5.21,79.11
Aruba,ABW,NA,2008,47.01,68.39,5.38,80.03
Aruba,ABW,NA,2009,48.46,69.01,5.56,83.71
Aruba,ABW,NA,2010,47.23,64.68,5.21,84.06
Aruba,ABW,NA,2011,48.23,69.13,5.21,83.06
Aruba,ABW,NA,2012,48.44,66.34,5.22,86.18
Aruba,ABW,NA,2013,47.11,63.49,5.23,84.55
Aruba,ABW,NA,2014,46.7,62.09,5.24,84.52
Aruba,ABW,NA,2015,46.86,62.61,5.25,84.6
Aruba,ABW,NA,2016,46.77,62.6,5.26,84.48
Aruba,ABW,NA,2017,46.83,62.86,5.26,84.59
Aruba,ABW,NA,2018,45.14,59.51,4.54,85.17
Aruba,ABW,NA,2019,45.26,59.85,4.73,85.03
Aruba,ABW,NA,2020,45,59,5,84
Australia,AUS,OC,1981,62.72,44.79,75.47,67.91
Australia,AUS,OC,1982,62.93,45.05,75.44,68.3
Australia,AUS,OC,1983,63.24,46.17,75.19,68.36
Australia,AUS,OC,1984,63.42,47.09,74.64,68.54
Australia,AUS,OC,1985,64.29,48.59,74.82,69.46
Australia,AUS,OC,1986,64.78,49.79,74.68,69.88
Australia,AUS,OC,1987,65.35,51.79,74.26,70
Australia,AUS,OC,1988,67.06,52.84,77.63,70.71
Australia,AUS,OC,1989,67.26,51.94,78.08,71.76
Australia,AUS,OC,1990,67.46,52.55,77.61,72.22
Australia,AUS,OC,1991,68.69,52.92,80.78,72.38
Australia,AUS,OC,1992,70.44,53.62,84.78,72.91
Australia,AUS,OC,1993,71.38,55,85.59,73.55
Australia,AUS,OC,1994,72.94,58.01,86.26,74.55
Australia,AUS,OC,1995,73.64,58.99,86.33,75.61
Australia,AUS,OC,1996,73.84,60.96,84.42,76.14
Australia,AUS,OC,1997,74.64,60.91,85.28,77.73
Australia,AUS,OC,1998,75.47,62.14,85.43,78.83
Australia,AUS,OC,1999,76.71,65.05,85.34,79.75
Australia,AUS,OC,2000,77.9,64.98,87.91,80.81
Australia,AUS,OC,2001,78.52,66.25,88.44,80.89
Australia,AUS,OC,2002,78.18,64.78,88.16,81.58
Australia,AUS,OC,2003,79.07,67.09,88.23,81.89
Australia,AUS,OC,2004,79,67.1,87.57,82.33
Australia,AUS,OC,2005,79,66.97,87.2,82.82
Australia,AUS,OC,2006,79.79,68.37,87.89,83.12
Australia,AUS,OC,2007,81.22,69.43,88.91,85.31
Australia,AUS,OC,2008,80.33,66.5,88.91,85.57
Australia,AUS,OC,2009,80.75,67.46,89.27,85.51
Australia,AUS,OC,2010,81.42,67.86,89.15,87.25
Australia,AUS,OC,2011,81.69,67.83,89.53,87.71
Australia,AUS,OC,2012,81.34,66.51,90.08,87.43
Australia,AUS,OC,2013,80.62,64.4,89.71,87.74
Australia,AUS,OC,2014,81.22,66.84,89.42,87.39
Australia,AUS,OC,2015,81.17,66.24,89.81,87.48
Australia,AUS,OC,2016,81.83,67.74,89.88,87.86
Australia,AUS,OC,2017,82.05,68.17,90.21,87.76
Australia,AUS,OC,2018,81.51,67.73,88.81,88.22
Australia,AUS,OC,2019,81.38,67.77,88.6,87.99
Australia,AUS,OC,2020,80,65,88,87
Austria,AUT,EU,1981,72.13,62.74,79.48,74.18
Austria,AUT,EU,1982,71.93,62.3,79.24,74.25
Austria,AUT,EU,1983,72.06,61.83,79.93,74.42
Austria,AUT,EU,1984,72.97,63.28,80.68,74.94
Austria,AUT,EU,1985,73.79,65.05,80.65,75.68
Austria,AUT,EU,1986,75.51,65.87,85.13,75.54
Austria,AUT,EU,1987,75.65,66.24,84.56,76.14
Austria,AUT,EU,1988,74.87,66.19,82.15,76.27
Austria,AUT,EU,1989,74.99,68.21,80,76.76
Austria,AUT,EU,1990,75.29,68.13,80.32,77.4
Austria,AUT,EU,1991,78.98,69.86,89.28,77.79
Austria,AUT,EU,1992,79.46,69.68,90.53,78.15
Austria,AUT,EU,1993,79.88,70.11,91.43,78.09
Austria,AUT,EU,1994,80.45,71.23,91.56,78.56
Austria,AUT,EU,1995,82.01,74.47,92.63,78.92
Austria,AUT,EU,1996,83,76.1,93.37,79.53
Austria,AUT,EU,1997,84.07,78.52,93.87,79.84
Austria,AUT,EU,1998,84.89,79.8,94.53,80.35
Austria,AUT,EU,1999,85.31,80.46,94.36,81.11
Austria,AUT,EU,2000,86.76,83.13,94.86,82.28
Austria,AUT,EU,2001,86.75,83.29,95.12,81.84
Austria,AUT,EU,2002,86.35,81.78,95.42,81.85
Austria,AUT,EU,2003,86.9,82.47,95.88,82.34
Austria,AUT,EU,2004,87.5,82.98,95.7,83.82
Austria,AUT,EU,2005,87.78,83.68,95.85,83.83
Austria,AUT,EU,2006,88.07,83.89,96.03,84.29
Austria,AUT,EU,2007,88.79,84.31,96.38,85.66
Austria,AUT,EU,2008,89.02,83.77,96.56,86.72
Austria,AUT,EU,2009,88.53,81.65,96.52,87.42
Austria,AUT,EU,2010,88.2,80.97,96.02,87.62
Austria,AUT,EU,2011,88.42,80.97,96.03,88.26
Austria,AUT,EU,2012,88.6,80.82,96.35,88.65
Austria,AUT,EU,2013,88.26,79.99,96.08,88.69
Austria,AUT,EU,2014,89.44,83.48,95.71,89.15
Austria,AUT,EU,2015,88.97,82.25,96.07,88.59
Austria,AUT,EU,2016,89,82.28,96.08,88.65
Austria,AUT,EU,2017,89.09,82.86,95.96,88.44
Austria,AUT,EU,2018,88.56,82.68,95.45,87.54
Austria,AUT,EU,2019,88.61,83.03,95.27,87.53
Austria,AUT,EU,2020,88,82,95,88
Azerbaijan,AZE,AS,1991,26.65,30.24,19.1,30.86
Azerbaijan,AZE,AS,1992,29.1,30.22,25.67,31.57
Azerbaijan,AZE,AS,1993,29.84,32.49,27.07,29.97
Azerbaijan,AZE,AS,1994,30.08,31.69,29.24,29.26
Azerbaijan,AZE,AS,1995,33,34.25,31.02,33.78
Azerbaijan,AZE,AS,1996,36.69,40.34,35.15,34.43
Azerbaijan,AZE,AS,1997,38.56,44.56,37.28,33.54
Azerbaijan,AZE,AS,1998,39.62,45.08,38.06,35.44
Azerbaijan,AZE,AS,1999,41.07,43.61,39.57,39.95
Azerbaijan,AZE,AS,2000,42.96,49.77,41.06,37.74
Azerbaijan,AZE,AS,2001,45.11,52.35,43.55,39.05
Azerbaijan,AZE,AS,2002,48.65,57.83,45.9,41.8
Azerbaijan,AZE,AS,2003,49.6,59.6,48.92,39.65
Azerbaijan,AZE,AS,2004,51.59,60.82,49.44,44.03
Azerbaijan,AZE,AS,2005,52.87,62.11,50.68,45.35
Azerbaijan,AZE,AS,2006,53.15,60.07,52.31,46.67
Azerbaijan,AZE,AS,2007,56.89,60.77,55.34,54.41
Azerbaijan,AZE,AS,2008,58.05,61.65,56.57,55.79
Azerbaijan,AZE,AS,2009,58.19,59.61,57.33,57.59
Azerbaijan,AZE,AS,2010,59.23,58.94,59.03,59.77
Azerbaijan,AZE,AS,2011,60.07,60.4,60.19,59.58
Azerbaijan,AZE,AS,2012,62.07,64.26,61.6,60.23
Azerbaijan,AZE,AS,2013,61.74,62.7,62.62,59.76
Azerbaijan,AZE,AS,2014,63.02,65.81,62.03,61.1
Azerbaijan,AZE,AS,2015,63.21,66,64.11,59.26
Azerbaijan,AZE,AS,2016,64.64,70.71,64.34,58.45
Azerbaijan,AZE,AS,2017,65.24,70.92,64.74,59.66
Azerbaijan,AZE,AS,2018,67.76,72.04,73.03,57.5
Azerbaijan,AZE,AS,2019,67.2,70.97,72.57,57.39
Azerbaijan,AZE,AS,2020,66,69,72,57
Bahamas,BHS,NA,1981,50.2,56.96,20.63,75.1
Bahamas,BHS,NA,1982,50.04,56.04,20.82,75.31
Bahamas,BHS,NA,1983,49.76,55.18,21.62,74.47
Bahamas,BHS,NA,1984,49.46,54.84,21.22,74.35
Bahamas,BHS,NA,1985,49.54,54.32,22.05,74.21
Bahamas,BHS,NA,1986,49.69,53.95,22.67,74.35
Bahamas,BHS,NA,1987,48.94,52.64,22.49,73.53
Bahamas,BHS,NA,1988,48.73,51.23,23.1,73.62
Bahamas,BHS,NA,1989,49.13,53.73,22.82,72.69
Bahamas,BHS,NA,1990,47.52,48.22,23.05,72.89
Bahamas,BHS,NA,1991,47.98,48.3,24.01,73.2
Bahamas,BHS,NA,1992,47.53,46.02,24.02,74.02
Bahamas,BHS,NA,1993,48.4,48.19,23.98,74.62
Bahamas,BHS,NA,1994,48.42,47.6,24.09,75.14
Bahamas,BHS,NA,1995,53.3,48.64,37.32,74.88
Bahamas,BHS,NA,1996,48,44.38,24.52,76.57
Bahamas,BHS,NA,1997,45.57,37.69,24.23,76.01
Bahamas,BHS,NA,1998,47.11,42.53,24.21,75.98
Bahamas,BHS,NA,1999,47.52,43.78,24.77,75.38
Bahamas,BHS,NA,2000,47.75,41.89,25.18,77.49
Bahamas,BHS,NA,2001,47.62,40.58,25.45,78.05
Bahamas,BHS,NA,2002,47.84,39.21,25.39,80.12
Bahamas,BHS,NA,2003,48.1,39.3,26.25,79.9
Bahamas,BHS,NA,2004,48.8,40.41,26.72,80.48
Bahamas,BHS,NA,2005,48.15,41.98,26.44,77.31
Bahamas,BHS,NA,2006,49.8,43.76,26.62,80.44
Bahamas,BHS,NA,2007,49.73,44.9,27.31,78.42
Bahamas,BHS,NA,2008,53.17,50.25,28.5,82.42
Bahamas,BHS,NA,2009,53.59,49.19,29.35,83.86
Bahamas,BHS,NA,2010,54.15,49.99,30.05,84.07
Bahamas,BHS,NA,2011,54.77,51.46,30.26,84.33
Bahamas,BHS,NA,2012,55.02,51.6,30.64,84.54
Bahamas,BHS,NA,2013,55.12,52.26,30.68,84.17
Bahamas,BHS,NA,2014,56.11,53.44,31.6,85.07
Bahamas,BHS,NA,2015,56.06,51.81,32.7,85.35
Bahamas,BHS,NA,2016,56.04,52.15,32.35,85.32
Bahamas,BHS,NA,2017,55.61,51.26,32.01,85.25
Bahamas,BHS,NA,2018,55.87,48.68,35.39,85.02
Bahamas,BHS,NA,2019,55.81,47.65,35.39,85.85
Bahamas,BHS,NA,2020,55,46,35,85
Bahrain,BHR,AS,1981,50.4,71.92,22.81,56.73
Bahrain,BHR,AS,1982,51.08,73.24,23.2,57.04
Bahrain,BHR,AS,1983,50.6,70.68,24.21,57.16
Bahrain,BHR,AS,1984,51.7,71.6,25.43,58.31
Bahrain,BHR,AS,1985,52.71,72.76,26.4,59.21
Bahrain,BHR,AS,1986,53.01,72.93,26.02,60.35
Bahrain,BHR,AS,1987,52.56,72.56,24.86,60.56
Bahrain,BHR,AS,1988,52.66,72.98,24.45,60.86
Bahrain,BHR,AS,1989,52.28,73,23.57,60.57
Bahrain,BHR,AS,1990,51.82,71,23.6,61.19
Bahrain,BHR,AS,1991,54.68,72.58,30.62,61.08
Bahrain,BHR,AS,1992,55.29,73.45,31.21,61.42
Bahrain,BHR,AS,1993,55.35,73.17,31.98,61.11
Bahrain,BHR,AS,1994,56.69,73.58,32.78,63.97
Bahrain,BHR,AS,1995,57.03,73.47,33.05,64.85
Bahrain,BHR,AS,1996,56.87,73.08,33.59,64.2
Bahrain,BHR,AS,1997,57.08,73.08,34.4,64.02
Bahrain,BHR,AS,1998,59.54,78.57,35.58,64.65
Bahrain,BHR,AS,1999,60.57,79.92,36.96,65
Bahrain,BHR,AS,2000,61.21,80.1,38.16,65.53
Bahrain,BHR,AS,2001,62.35,80.22,39.89,67.12
Bahrain,BHR,AS,2002,62.79,80.85,40.29,67.42
Bahrain,BHR,AS,2003,63.7,80.26,42.47,68.54
Bahrain,BHR,AS,2004,64.95,82.5,44,68.47
Bahrain,BHR,AS,2005,65.38,83.38,44.48,68.39
Bahrain,BHR,AS,2006,66.3,85.49,44.61,68.9
Bahrain,BHR,AS,2007,66.87,85.13,46.11,69.47
Bahrain,BHR,AS,2008,68.05,84.03,47.43,72.88
Bahrain,BHR,AS,2009,68.39,83.24,48.52,73.63
Bahrain,BHR,AS,2010,69.02,84.07,49.14,74.05
Bahrain,BHR,AS,2011,67.96,81.36,49.25,73.5
Bahrain,BHR,AS,2012,69.9,84.81,50.82,74.24
Bahrain,BHR,AS,2013,69.42,82.24,51.11,75.12
Bahrain,BHR,AS,2014,70.14,83.58,51.53,75.53
Bahrain,BHR,AS,2015,69.97,82.57,52.14,75.43
Bahrain,BHR,AS,2016,69.58,81.83,52.01,75.11
Bahrain,BHR,AS,2017,69.66,82.54,52.03,74.6
Bahrain,BHR,AS,2018,68.92,81.96,51.17,73.85
Bahrain,BHR,AS,2019,68.83,81.87,50.66,74.16
Bahrain,BHR,AS,2020,68,81,51,73
Bangladesh,BGD,AS,1981,23.56,17.32,41.71,11.66
Bangladesh,BGD,AS,1982,23.91,17.9,42.1,11.74
Bangladesh,BGD,AS,1983,24.35,18.41,42.18,12.46
Bangladesh,BGD,AS,1984,24.19,18.36,41.65,12.57
Bangladesh,BGD,AS,1985,24.03,17.47,42.15,12.48
Bangladesh,BGD,AS,1986,25.5,19.48,44.62,12.42
Bangladesh,BGD,AS,1987,26.5,20.23,46.54,12.74
Bangladesh,BGD,AS,1988,29.57,20.66,54.75,13.31
Bangladesh,BGD,AS,1989,29.8,20.35,55.23,13.83
Bangladesh,BGD,AS,1990,29.31,20.23,54.22,13.48
Bangladesh,BGD,AS,1991,31.06,20.7,57.08,15.39
Bangladesh,BGD,AS,1992,32.08,21.61,59.46,15.18
Bangladesh,BGD,AS,1993,31.42,21.89,57.86,14.5
Bangladesh,BGD,AS,1994,35.16,26.08,64.35,15.05
Bangladesh,BGD,AS,1995,35.87,26.18,65.61,15.83
Bangladesh,BGD,AS,1996,34.62,20.73,66.8,16.35
Bangladesh,BGD,AS,1997,34.91,21.62,67.46,15.66
Bangladesh,BGD,AS,1998,35.67,21.89,66.97,18.16
Bangladesh,BGD,AS,1999,36.41,22.88,68.14,18.22
Bangladesh,BGD,AS,2000,37.31,23.81,69.05,19.07
Bangladesh,BGD,AS,2001,38.3,23.9,70.47,20.54
Bangladesh,BGD,AS,2002,39.73,26.2,70.46,22.52
Bangladesh,BGD,AS,2003,40.48,26.95,70.58,23.92
Bangladesh,BGD,AS,2004,41.37,27.88,71.2,25.03
Bangladesh,BGD,AS,2005,42.61,29.46,71.92,26.45
Bangladesh,BGD,AS,2006,44.54,32.76,72.09,28.78
Bangladesh,BGD,AS,2007,46.71,32.41,72.95,34.77
Bangladesh,BGD,AS,2008,48.22,29.76,73.32,41.57
Bangladesh,BGD,AS,2009,48.53,28.16,73.31,44.11
Bangladesh,BGD,AS,2010,50.84,33.71,73.6,45.22
Bangladesh,BGD,AS,2011,51.7,34.43,74.28,46.4
Bangladesh,BGD,AS,2012,51.6,34.14,74.06,46.62
Bangladesh,BGD,AS,2013,51.84,34.56,74.24,46.71
Bangladesh,BGD,AS,2014,52.24,33.56,74.05,49.1
Bangladesh,BGD,AS,2015,51.67,30.76,75.05,49.19
Bangladesh,BGD,AS,2016,51.43,30.18,75.11,49.01
Bangladesh,BGD,AS,2017,51.26,29.78,75.1,48.89
Bangladesh,BGD,AS,2018,50.12,29.81,73.98,46.58
Bangladesh,BGD,AS,2019,49.33,29.14,73.85,45
Bangladesh,BGD,AS,2020,50,29,74,46
Barbados,BRB,NA,1981,47.8,45.64,29.44,68.3
Barbados,BRB,NA,1982,47.19,46.22,29.25,66.09
Barbados,BRB,NA,1983,47.66,46.6,30.84,65.54
Barbados,BRB,NA,1984,48.65,48.19,30.63,67.13
Barbados,BRB,NA,1985,48.15,47.76,31.45,65.24
Barbados,BRB,NA,1986,49.2,48.24,32.63,66.74
Barbados,BRB,NA,1987,48.46,46.07,31.83,67.49
Barbados,BRB,NA,1988,48.59,45.7,31.43,68.62
Barbados,BRB,NA,1989,48.59,45.33,30.34,70.1
Barbados,BRB,NA,1990,47.65,43.86,30.18,68.9
Barbados,BRB,NA,1991,48.44,44.4,31.67,69.26
Barbados,BRB,NA,1992,48.17,43.17,31.44,69.9
Barbados,BRB,NA,1993,51.44,48.5,36.07,69.75
Barbados,BRB,NA,1994,51.53,49.04,36.09,69.46
Barbados,BRB,NA,1995,57.53,51,51.57,70.01
Barbados,BRB,NA,1996,53.7,47.87,38.94,74.27
Barbados,BRB,NA,1997,53.01,48.43,38.63,71.95
Barbados,BRB,NA,1998,53.39,47.03,40.67,72.47
Barbados,BRB,NA,1999,53.91,47.97,41.1,72.67
Barbados,BRB,NA,2000,54.32,48.33,41.05,73.58
Barbados,BRB,NA,2001,55.58,49.22,42.14,75.39
Barbados,BRB,NA,2002,56.5,49.59,42.51,77.39
Barbados,BRB,NA,2003,57,50.75,42.95,77.28
Barbados,BRB,NA,2004,57.19,50.93,42.8,77.83
Barbados,BRB,NA,2005,58.73,54.17,43.1,78.91
Barbados,BRB,NA,2006,58.8,55.56,43.33,77.51
Barbados,BRB,NA,2007,60.3,56.35,43.74,80.82
Barbados,BRB,NA,2008,59.65,58.64,40.31,79.99
Barbados,BRB,NA,2009,60.62,57.39,43.98,80.49
Barbados,BRB,NA,2010,62.18,60.72,44.75,81.06
Barbados,BRB,NA,2011,63.88,65.72,44.27,81.64
Barbados,BRB,NA,2012,63.3,64.41,44.87,80.63
Barbados,BRB,NA,2013,63.7,65.62,44.74,80.72
Barbados,BRB,NA,2014,63.43,62.75,46.4,81.14
Barbados,BRB,NA,2015,63.18,61.37,46.79,81.38
Barbados,BRB,NA,2016,63.24,61.48,46.81,81.44
Barbados,BRB,NA,2017,62.51,61.11,46.63,79.78
Barbados,BRB,NA,2018,62.95,57.63,53.14,78.06
Barbados,BRB,NA,2019,63.37,57.83,52.79,79.48
Barbados,BRB,NA,2020,63,58,52,78
Belarus,BLR,EU,1991,34.78,26.72,36.46,40.78
Belarus,BLR,EU,1992,35.08,26.58,36.74,41.54
Belarus,BLR,EU,1993,35.61,26.75,37.58,42.11
Belarus,BLR,EU,1994,38.49,29.58,43.21,42.13
Belarus,BLR,EU,1995,41.34,37.78,45.49,40.4
Belarus,BLR,EU,1996,43.09,42.51,46.38,40.14
Belarus,BLR,EU,1997,43.82,42.64,48.03,40.49
Belarus,BLR,EU,1998,44.35,42.71,50.13,39.79
Belarus,BLR,EU,1999,46.46,44.69,50.88,43.48
Belarus,BLR,EU,2000,47.51,46.59,51.15,44.52
Belarus,BLR,EU,2001,48.96,48.91,52.19,45.56
Belarus,BLR,EU,2002,50.1,49.82,52.67,47.62
Belarus,BLR,EU,2003,51.05,49.18,54.11,49.59
Belarus,BLR,EU,2004,50.93,48.93,54.17,49.4
Belarus,BLR,EU,2005,51.33,48.15,54.69,50.82
Belarus,BLR,EU,2006,52.72,49.04,55.7,53.14
Belarus,BLR,EU,2007,55.36,53.16,57.95,54.74
Belarus,BLR,EU,2008,56.8,49.79,60.82,59.38
Belarus,BLR,EU,2009,58.32,52.64,61.08,60.95
Belarus,BLR,EU,2010,60.3,55.18,62.43,63.07
Belarus,BLR,EU,2011,65.14,56.89,72.69,65.18
Belarus,BLR,EU,2012,66.41,57.67,73.72,67.22
Belarus,BLR,EU,2013,66.92,58.36,73.97,67.79
Belarus,BLR,EU,2014,66.12,57.53,72.74,67.5
Belarus,BLR,EU,2015,67.24,59.87,74.89,66.3
Belarus,BLR,EU,2016,68.81,63.77,75.23,66.88
Belarus,BLR,EU,2017,68.62,62.99,75.22,67.07
Belarus,BLR,EU,2018,67.59,61.79,74.19,66.27
Belarus,BLR,EU,2019,67.25,61.4,74.09,65.73
Belarus,BLR,EU,2020,67,62,74,64
Belgium,BEL,EU,1981,79.49,76.12,91.57,70.49
Belgium,BEL,EU,1982,79.64,76.64,91.57,70.46
Belgium,BEL,EU,1983,80.09,77.28,91.66,71.12
Belgium,BEL,EU,1984,81.1,77.66,92.36,72.99
Belgium,BEL,EU,1985,81.58,78.86,91.88,73.78
Belgium,BEL,EU,1986,81.19,78.49,91,73.86
Belgium,BEL,EU,1987,80.92,78.52,89.81,74.25
Belgium,BEL,EU,1988,80.41,78.66,88.03,74.39
Belgium,BEL,EU,1989,80.25,79.44,86.91,74.34
Belgium,BEL,EU,1990,80.52,80.35,86.71,74.48
Belgium,BEL,EU,1991,82.59,80.99,91.06,75.59
Belgium,BEL,EU,1992,84.07,81.04,94.6,76.34
Belgium,BEL,EU,1993,84.85,82.09,95.93,76.32
Belgium,BEL,EU,1994,85.22,82.56,96.45,76.45
Belgium,BEL,EU,1995,85.23,82.88,95.95,76.68
Belgium,BEL,EU,1996,85.55,84.12,96.08,76.36
Belgium,BEL,EU,1997,86.09,85.83,95.88,76.54
Belgium,BEL,EU,1998,85.53,87,92.78,76.94
Belgium,BEL,EU,1999,86.14,87.69,93.4,77.45
Belgium,BEL,EU,2000,87.28,88.6,94,79.34
Belgium,BEL,EU,2001,87.54,88.68,94.22,79.81
Belgium,BEL,EU,2002,87.14,86.76,94.03,80.6
Belgium,BEL,EU,2003,87.76,87.2,94.55,81.5
Belgium,BEL,EU,2004,87.87,86.87,95.02,81.64
Belgium,BEL,EU,2005,87.99,87.27,95.04,81.61
Belgium,BEL,EU,2006,88.81,86.97,96.97,82.36
Belgium,BEL,EU,2007,90.02,87.46,98.21,84.21
Belgium,BEL,EU,2008,89.87,86.83,98.17,84.41
Belgium,BEL,EU,2009,89.91,86.92,97.9,84.72
Belgium,BEL,EU,2010,90.01,86.9,97.46,85.47
Belgium,BEL,EU,2011,90.12,86.79,97.21,86.14
Belgium,BEL,EU,2012,90.12,86.38,97.41,86.34
Belgium,BEL,EU,2013,90.08,85.22,97.44,87.28
Belgium,BEL,EU,2014,91.11,88.85,97.02,87.32
Belgium,BEL,EU,2015,90.48,88.5,95.72,87.09
Belgium,BEL,EU,2016,90.52,88.43,96,87
Belgium,BEL,EU,2017,90.69,88.54,96.27,87.14
Belgium,BEL,EU,2018,90.46,87.89,96.62,86.69
Belgium,BEL,EU,2019,90.33,88.75,96.63,85.6
Belgium,BEL,EU,2020,90,89,96,85
Belize,BLZ,NA,1981,36.41,45.59,15.8,47.84
Belize,BLZ,NA,1982,38.46,47.05,20.46,47.86
Belize,BLZ,NA,1983,39.19,46.28,23.65,47.65
Belize,BLZ,NA,1984,39.57,46.05,23.86,48.8
Belize,BLZ,NA,1985,40.23,47.22,24.29,49.17
Belize,BLZ,NA,1986,40.52,47.57,24.52,49.47
Belize,BLZ,NA,1987,40.66,46.28,24.73,50.97
Belize,BLZ,NA,1988,40.55,47.14,24.36,50.17
Belize,BLZ,NA,1989,40.64,47.25,23.98,50.68
Belize,BLZ,NA,1990,40.88,45.52,26.09,51.01
Belize,BLZ,NA,1991,41.44,44.49,27.44,52.39
Belize,BLZ,NA,1992,41.49,43.69,28.11,52.66
Belize,BLZ,NA,1993,41.36,43.08,28.2,52.79
Belize,BLZ,NA,1994,42.03,42.65,29.79,53.66
Belize,BLZ,NA,1995,46.5,42.52,43.45,53.52
Belize,BLZ,NA,1996,42.82,41.57,31.67,55.22
Belize,BLZ,NA,1997,43.29,42.46,31.56,55.83
Belize,BLZ,NA,1998,43.36,42.04,31.65,56.38
Belize,BLZ,NA,1999,45.48,43.92,33.25,59.27
Belize,BLZ,NA,2000,46.17,45.99,34.1,58.41
Belize,BLZ,NA,2001,48.11,48.65,36.02,59.67
Belize,BLZ,NA,2002,47.87,47.86,35.61,60.16
Belize,BLZ,NA,2003,50.18,49.32,36.91,64.32
Belize,BLZ,NA,2004,50.8,50.87,38.74,62.78
Belize,BLZ,NA,2005,51.9,52.53,38.7,64.47
Belize,BLZ,NA,2006,54.37,55.15,39.78,68.18
Belize,BLZ,NA,2007,55.08,56.87,40.19,68.18
Belize,BLZ,NA,2008,56.52,61.08,40.58,67.9
Belize,BLZ,NA,2009,56.38,58.83,42.23,68.07
Belize,BLZ,NA,2010,57.1,57.29,42.45,71.56
Belize,BLZ,NA,2011,58.52,62.61,41.6,71.35
Belize,BLZ,NA,2012,59.97,65.26,42.91,71.74
Belize,BLZ,NA,2013,59.37,65.05,42.78,70.28
Belize,BLZ,NA,2014,59.69,65.13,43.57,70.36
Belize,BLZ,NA,2015,59.75,64.17,43.78,71.3
Belize,BLZ,NA,2016,59.9,64.43,43.97,71.31
Belize,BLZ,NA,2017,59.15,62.9,43.63,70.93
Belize,BLZ,NA,2018,56.16,57.35,42.09,69.03
Belize,BLZ,NA,2019,55.95,56.85,41.76,69.25
Belize,BLZ,NA,2020,55,54,41,68
Benin,BEN,AF,1981,28.57,32.79,34.68,17.22
Benin,BEN,AF,1982,28.9,33.04,35.47,17.15
Benin,BEN,AF,1983,29.58,33.88,36.46,17.35
Benin,BEN,AF,1984,30.96,35.97,39.03,16.63
Benin,BEN,AF,1985,31.91,35.96,41.81,16.66
Benin,BEN,AF,1986,31.41,33.16,42.85,16.97
Benin,BEN,AF,1987,31.18,33.47,41.74,17.12
Benin,BEN,AF,1988,31.35,36.13,39.58,17.13
Benin,BEN,AF,1989,30.71,35.73,37.98,17.27
Benin,BEN,AF,1990,30.69,33.04,38.15,19.95
Benin,BEN,AF,1991,33.43,35.83,42.31,21.11
Benin,BEN,AF,1992,34.7,41.95,39.92,21.06
Benin,BEN,AF,1993,33.01,35.2,41.43,21.4
Benin,BEN,AF,1994,35.46,41.21,42.39,21.59
Benin,BEN,AF,1995,39.57,40.94,53.63,22.69
Benin,BEN,AF,1996,38.02,37.43,52.53,22.82
Benin,BEN,AF,1997,38.06,35.54,53.21,24.27
Benin,BEN,AF,1998,39.19,36.37,55.08,24.91
Benin,BEN,AF,1999,39.76,35.99,56.85,25.21
Benin,BEN,AF,2000,40.52,35.42,57.81,27.25
Benin,BEN,AF,2001,41.46,34.41,60.66,28.23
Benin,BEN,AF,2002,41.6,34.96,59.49,29.34
Benin,BEN,AF,2003,41.95,33.81,60.63,30.47
Benin,BEN,AF,2004,43.13,32.77,63.78,31.95
Benin,BEN,AF,2005,42.78,30.61,64.14,32.79
Benin,BEN,AF,2006,44.4,32.62,65.51,34.27
Benin,BEN,AF,2007,47.4,37.46,67.23,36.68
Benin,BEN,AF,2008,46.74,34,67.73,37.83
Benin,BEN,AF,2009,46.7,33.4,67.82,38.28
Benin,BEN,AF,2010,47.79,36.59,67.56,38.58
Benin,BEN,AF,2011,47.08,33.94,67.3,39.51
Benin,BEN,AF,2012,48.08,34.85,67.9,41.06
Benin,BEN,AF,2013,52.92,45.11,68.09,45.09
Benin,BEN,AF,2014,52.1,41.28,69.39,45.21
Benin,BEN,AF,2015,50.57,36.69,69.69,45.02
Benin,BEN,AF,2016,51.25,38.31,70.04,45.01
Benin,BEN,AF,2017,51.35,38.01,70.79,44.85
Benin,BEN,AF,2018,50.96,37.73,70.14,44.6
Benin,BEN,AF,2019,50.53,37.44,69.88,43.86
Benin,BEN,AF,2020,50,36,69,44
Bermuda,BMU,NA,1981,43.62,65.36,5.92,77.84
Bermuda,BMU,NA,1982,43.56,64.58,5.92,78.28
Bermuda,BMU,NA,1983,43.54,63.79,5.94,78.82
Bermuda,BMU,NA,1984,44.59,64.39,5.95,81.77
Bermuda,BMU,NA,1985,44.17,63.36,5.98,81.23
Bermuda,BMU,NA,1986,44.31,63.92,6,81.15
Bermuda,BMU,NA,1987,43.47,60.82,6.03,81.01
Bermuda,BMU,NA,1988,43.51,61.06,6.05,80.82
Bermuda,BMU,NA,1989,43.54,61.27,6.04,80.72
Bermuda,BMU,NA,1990,43.72,62.12,5.99,80.58
Bermuda,BMU,NA,1991,43.45,60.77,6.31,80.47
Bermuda,BMU,NA,1992,43.9,62.05,6.61,80.39
Bermuda,BMU,NA,1993,43.68,60.82,6.89,80.33
Bermuda,BMU,NA,1994,43.64,61,6.81,80.14
Bermuda,BMU,NA,1995,43.63,61.03,6.75,80.14
Bermuda,BMU,NA,1996,43.8,60.87,6.73,80.87
Bermuda,BMU,NA,1997,45.17,65.45,6.67,81.39
Bermuda,BMU,NA,1998,45.3,65.13,6.64,82.12
Bermuda,BMU,NA,1999,44.94,62.9,6.65,82.89
Bermuda,BMU,NA,2000,44.93,62.62,6.66,83.08
Bermuda,BMU,NA,2001,45.89,65.91,6.67,83.34
Bermuda,BMU,NA,2002,46.2,65.95,6.69,84.33
Bermuda,BMU,NA,2003,46.55,66.49,6.89,84.71
Bermuda,BMU,NA,2004,47.27,67.78,7.44,85.12
Bermuda,BMU,NA,2005,47.19,67.17,7.42,85.37
Bermuda,BMU,NA,2006,47.18,67.3,6.88,85.9
Bermuda,BMU,NA,2007,47.24,67.62,6.71,86.04
Bermuda,BMU,NA,2008,46.77,65.98,6.89,85.56
Bermuda,BMU,NA,2009,47.1,66.19,7.25,85.81
Bermuda,BMU,NA,2010,46.76,66.38,6.9,84.82
Bermuda,BMU,NA,2011,46.48,66.99,6.91,83.21
Bermuda,BMU,NA,2012,46.3,65.91,7.28,82.97
Bermuda,BMU,NA,2013,46.69,66.37,7.3,83.78
Bermuda,BMU,NA,2014,46.26,66.45,7.32,82.24
Bermuda,BMU,NA,2015,45.97,66.77,7.34,81.05
Bermuda,BMU,NA,2016,46.2,67.02,7.34,81.66
Bermuda,BMU,NA,2017,46.14,66.87,7.35,81.69
Bermuda,BMU,NA,2018,44.45,64.66,6.65,81.08
Bermuda,BMU,NA,2019,44.28,63.75,6.65,81.35
Bermuda,BMU,NA,2020,43,61,7,80
Bhutan,BTN,AS,1981,23.34,29.39,10.38,31.01
Bhutan,BTN,AS,1982,23.15,28.91,10.37,30.94
Bhutan,BTN,AS,1983,22.95,28.33,10.36,30.94
Bhutan,BTN,AS,1984,23.05,28.73,10.36,30.83
Bhutan,BTN,AS,1985,23.48,29.75,10.56,30.84
Bhutan,BTN,AS,1986,23.51,29.89,10.55,30.81
Bhutan,BTN,AS,1987,23.47,29.73,10.55,30.85
Bhutan,BTN,AS,1988,24.12,31.58,10.55,30.89
Bhutan,BTN,AS,1989,23.75,30.48,10.51,30.96
Bhutan,BTN,AS,1990,23.28,29.01,10.64,30.93
Bhutan,BTN,AS,1991,24.08,30.6,11.32,31
Bhutan,BTN,AS,1992,24.31,31.84,11.26,30.42
Bhutan,BTN,AS,1993,24.06,31.63,11.17,29.94
Bhutan,BTN,AS,1994,24.02,30.77,11.06,30.91
Bhutan,BTN,AS,1995,24.1,30.89,11.15,30.94
Bhutan,BTN,AS,1996,24.46,32.13,11.05,30.83
Bhutan,BTN,AS,1997,23.88,30.82,10.93,30.55
Bhutan,BTN,AS,1998,23.74,31.1,10.84,29.87
Bhutan,BTN,AS,1999,25.1,31.44,11.03,33.67
Bhutan,BTN,AS,2000,25.27,30.27,11.22,35.31
Bhutan,BTN,AS,2001,25.77,30.28,11.54,36.55
Bhutan,BTN,AS,2002,26.05,29.15,11.68,38.58
Bhutan,BTN,AS,2003,26.24,28.75,12.02,39.25
Bhutan,BTN,AS,2004,28.67,31.99,12.53,42.92
Bhutan,BTN,AS,2005,28.77,31.06,13.56,43.15
Bhutan,BTN,AS,2006,31.94,37.4,14.27,45.54
Bhutan,BTN,AS,2007,33.56,37.33,14.99,50.07
Bhutan,BTN,AS,2008,34.07,39.31,14.97,49.55
Bhutan,BTN,AS,2009,34.47,37.07,15.5,52.77
Bhutan,BTN,AS,2010,35.94,39.31,15.67,54.83
Bhutan,BTN,AS,2011,36.79,40.83,15.68,55.9
Bhutan,BTN,AS,2012,37.37,41.31,15.89,57.04
Bhutan,BTN,AS,2013,38.25,43.14,15.9,57.84
Bhutan,BTN,AS,2014,41.49,42.3,25.65,58.37
Bhutan,BTN,AS,2015,42.66,43.06,28.14,58.51
Bhutan,BTN,AS,2016,42.5,42.86,28.65,57.67
Bhutan,BTN,AS,2017,42.4,41.92,28.97,58.06
Bhutan,BTN,AS,2018,41.66,41.85,26.95,57.99
Bhutan,BTN,AS,2019,41.02,40.44,27.12,57.29
Bhutan,BTN,AS,2020,41,41,26,57
Bolivia,BOL,SA,1981,39.16,37.05,46.11,34.33
Bolivia,BOL,SA,1982,38.15,35.27,45.29,33.88
Bolivia,BOL,SA,1983,39.84,37.88,47.5,34.13
Bolivia,BOL,SA,1984,38.53,33.95,47.72,33.93
Bolivia,BOL,SA,1985,38.78,33.27,49.33,33.74
Bolivia,BOL,SA,1986,42.15,42.42,49.78,34.24
Bolivia,BOL,SA,1987,41.03,40.93,47.62,34.54
Bolivia,BOL,SA,1988,40.55,41.95,45.25,34.46
Bolivia,BOL,SA,1989,40.56,43.68,43.32,34.67
Bolivia,BOL,SA,1990,43.18,45.14,49.56,34.84
Bolivia,BOL,SA,1991,44.27,44.36,53.1,35.35
Bolivia,BOL,SA,1992,44.42,44.25,53.07,35.94
Bolivia,BOL,SA,1993,45.76,45.58,53.36,38.34
Bolivia,BOL,SA,1994,49.83,47.23,62.97,39.29
Bolivia,BOL,SA,1995,47.8,48.36,54.66,40.39
Bolivia,BOL,SA,1996,48.38,48.51,54.84,41.79
Bolivia,BOL,SA,1997,50.98,52.08,55.6,45.26
Bolivia,BOL,SA,1998,55.01,51.69,65.38,47.96
Bolivia,BOL,SA,1999,56.28,52.49,68.28,48.07
Bolivia,BOL,SA,2000,56.84,53.45,69.6,47.48
Bolivia,BOL,SA,2001,56.95,53.32,70.22,47.31
Bolivia,BOL,SA,2002,54.84,48.92,70.53,45.06
Bolivia,BOL,SA,2003,57.09,52.27,72.13,46.88
Bolivia,BOL,SA,2004,58.58,53.3,74.29,48.14
Bolivia,BOL,SA,2005,59.57,54.49,74.81,49.42
Bolivia,BOL,SA,2006,60.05,53.96,74.73,51.48
Bolivia,BOL,SA,2007,61,52.63,75.16,55.22
Bolivia,BOL,SA,2008,61,51.19,75.49,56.32
Bolivia,BOL,SA,2009,60.13,49.19,74.98,56.24
Bolivia,BOL,SA,2010,60.05,48.18,74.95,57.01
Bolivia,BOL,SA,2011,60.6,48.45,75.33,58.03
Bolivia,BOL,SA,2012,60.73,49.61,74.58,57.99
Bolivia,BOL,SA,2013,61.12,49.67,74.43,59.25
Bolivia,BOL,SA,2014,60.56,47.63,74.25,59.8
Bolivia,BOL,SA,2015,59.81,46.23,73.87,59.33
Bolivia,BOL,SA,2016,58.62,44.16,73.18,58.53
Bolivia,BOL,SA,2017,59.16,44.76,73.54,59.17
Bolivia,BOL,SA,2018,58.67,44.52,72.28,59.21
Bolivia,BOL,SA,2019,58.22,43.57,72.46,58.62
Bolivia,BOL,SA,2020,57,40,72,59
Bosnia and Herzegovina,BIH,EU,1992,34.5,45.15,19.67,39.22
Bosnia and Herzegovina,BIH,EU,1993,37.23,45.29,27.31,39.32
Bosnia and Herzegovina,BIH,EU,1994,37.26,44.96,28.68,38.27
Bosnia and Herzegovina,BIH,EU,1995,38.71,45.99,31.34,38.81
Bosnia and Herzegovina,BIH,EU,1996,40.07,47.58,31.67,41.09
Bosnia and Herzegovina,BIH,EU,1997,42.51,48.56,36.78,42.13
Bosnia and Herzegovina,BIH,EU,1998,44.15,49.32,37.79,45.5
Bosnia and Herzegovina,BIH,EU,1999,46.35,49.92,42.49,46.68
Bosnia and Herzegovina,BIH,EU,2000,50.82,46.73,54.08,51.75
Bosnia and Herzegovina,BIH,EU,2001,55.27,53.05,58.11,54.58
Bosnia and Herzegovina,BIH,EU,2002,56.2,52.86,59.76,55.94
Bosnia and Herzegovina,BIH,EU,2003,57.18,52.8,61.54,57.2
Bosnia and Herzegovina,BIH,EU,2004,59.92,56.53,63.29,59.93
Bosnia and Herzegovina,BIH,EU,2005,60.61,54.93,65.74,61.25
Bosnia and Herzegovina,BIH,EU,2006,64.23,62.27,68.11,62.04
Bosnia and Herzegovina,BIH,EU,2007,66.4,66.32,70.21,62.18
Bosnia and Herzegovina,BIH,EU,2008,67.71,67.27,71.06,64.42
Bosnia and Herzegovina,BIH,EU,2009,67.61,64.9,72.74,64.86
Bosnia and Herzegovina,BIH,EU,2010,68.71,65.58,73.72,66.59
Bosnia and Herzegovina,BIH,EU,2011,70.01,65.76,74.38,69.88
Bosnia and Herzegovina,BIH,EU,2012,69.65,63.82,75.07,70.13
Bosnia and Herzegovina,BIH,EU,2013,69.09,61.29,75.49,70.67
Bosnia and Herzegovina,BIH,EU,2014,69.63,64.42,74.37,70.15
Bosnia and Herzegovina,BIH,EU,2015,69.61,62.48,76.37,70.04
Bosnia and Herzegovina,BIH,EU,2016,68.24,59.1,76.21,69.56
Bosnia and Herzegovina,BIH,EU,2017,69.27,60.99,76.55,70.38
Bosnia and Herzegovina,BIH,EU,2018,68.78,61.04,74.97,70.53
Bosnia and Herzegovina,BIH,EU,2019,68.19,59.94,74.66,70.18
Bosnia and Herzegovina,BIH,EU,2020,67,57,75,69
Botswana,BWA,AF,1981,41.64,51.16,24.47,49.28
Botswana,BWA,AF,1982,41.87,51.7,24.48,49.42
Botswana,BWA,AF,1983,42.51,53,25.09,49.45
Botswana,BWA,AF,1984,42.17,52.82,24.5,49.19
Botswana,BWA,AF,1985,42.54,53.03,25.7,48.88
Botswana,BWA,AF,1986,42.8,52.16,27.13,49.11
Botswana,BWA,AF,1987,43.76,55.32,26.36,49.61
Botswana,BWA,AF,1988,43.02,52.27,26.92,49.88
Botswana,BWA,AF,1989,42.5,50.76,26.23,50.5
Botswana,BWA,AF,1990,42.96,51.96,26.04,50.89
Botswana,BWA,AF,1991,43.14,50.53,27.72,51.17
Botswana,BWA,AF,1992,42.5,48.64,27.48,51.38
Botswana,BWA,AF,1993,45.36,45.74,40.1,50.23
Botswana,BWA,AF,1994,46.04,46.81,41.53,49.77
Botswana,BWA,AF,1995,43.85,52.03,29.22,50.3
Botswana,BWA,AF,1996,42.2,46.41,28.64,51.54
Botswana,BWA,AF,1997,44.68,52.73,28.68,52.63
Botswana,BWA,AF,1998,45.79,55.57,29.35,52.45
Botswana,BWA,AF,1999,46.85,56.29,29.72,54.54
Botswana,BWA,AF,2000,51.6,61.89,36.5,56.42
Botswana,BWA,AF,2001,51.9,61.4,36.82,57.47
Botswana,BWA,AF,2002,52.48,62.78,37.18,57.48
Botswana,BWA,AF,2003,52.33,60.15,38.47,58.37
Botswana,BWA,AF,2004,52.23,59.28,39.17,58.22
Botswana,BWA,AF,2005,51.14,55.76,39.48,58.2
Botswana,BWA,AF,2006,55.22,57.01,50.58,58.07
Botswana,BWA,AF,2007,57.47,59.52,52.89,59.99
Botswana,BWA,AF,2008,58.3,57.83,55.27,61.81
Botswana,BWA,AF,2009,57.74,58.8,52.82,61.62
Botswana,BWA,AF,2010,54.92,59.11,42.98,62.66
Botswana,BWA,AF,2011,54.07,55.15,42.52,64.55
Botswana,BWA,AF,2012,54.15,53.85,43.33,65.28
Botswana,BWA,AF,2013,55.95,57.45,43.41,66.99
Botswana,BWA,AF,2014,57.82,61.11,44.37,67.99
Botswana,BWA,AF,2015,57.11,59.64,44.25,67.43
Botswana,BWA,AF,2016,57.25,60.09,44.64,67.04
Botswana,BWA,AF,2017,56.55,57.66,45.03,66.95
Botswana,BWA,AF,2018,55.59,55.95,46.19,64.64
Botswana,BWA,AF,2019,55.4,55.98,46.07,64.15
Botswana,BWA,AF,2020,54,53,46,64
Brazil,BRA,SA,1981,43.25,30.12,66.57,33.06
Brazil,BRA,SA,1982,43.2,30.37,66.14,33.09
Brazil,BRA,SA,1983,44.01,32.58,66.75,32.69
Brazil,BRA,SA,1984,44.34,33.29,66.98,32.74
Brazil,BRA,SA,1985,44.48,32.75,67.05,33.65
Brazil,BRA,SA,1986,43.86,30.61,67.1,33.89
Brazil,BRA,SA,1987,42.9,29.57,65.14,33.97
Brazil,BRA,SA,1988,41.51,29.42,61.99,33.14
Brazil,BRA,SA,1989,42.9,28.45,66.06,34.18
Brazil,BRA,SA,1990,42.81,27.91,66.86,33.65
Brazil,BRA,SA,1991,44.05,25.99,72.28,33.88
Brazil,BRA,SA,1992,45.9,29.29,73.69,34.7
Brazil,BRA,SA,1993,46.35,30.1,74.19,34.77
Brazil,BRA,SA,1994,46.58,29.58,74.92,35.23
Brazil,BRA,SA,1995,47.21,30.04,74.62,36.99
Brazil,BRA,SA,1996,48.53,30.96,75.98,38.65
Brazil,BRA,SA,1997,49.58,31.75,75.18,41.8
Brazil,BRA,SA,1998,50.21,33.54,74.32,42.78
Brazil,BRA,SA,1999,51.77,36.92,74.71,43.69
Brazil,BRA,SA,2000,52.05,36.61,74.51,45.01
Brazil,BRA,SA,2001,53.63,39.98,74.69,46.22
Brazil,BRA,SA,2002,54.67,43.21,74.36,46.44
Brazil,BRA,SA,2003,54.51,41.9,74.62,47.02
Brazil,BRA,SA,2004,55.09,41.82,75.2,48.24
Brazil,BRA,SA,2005,56.36,42.33,76.64,50.1
Brazil,BRA,SA,2006,57.05,42.64,76.73,51.79
Brazil,BRA,SA,2007,58.26,44.22,77.58,52.97
Brazil,BRA,SA,2008,59.03,41.45,78.03,57.62
Brazil,BRA,SA,2009,59.45,41.74,78.12,58.5
Brazil,BRA,SA,2010,60.65,43.3,78.86,59.8
Brazil,BRA,SA,2011,60.63,41.35,79.32,61.22
Brazil,BRA,SA,2012,60.56,40.49,79.35,61.83
Brazil,BRA,SA,2013,60.45,38.86,79.21,63.28
Brazil,BRA,SA,2014,60.88,39.36,79.57,63.71
Brazil,BRA,SA,2015,58.9,34.41,79.49,62.81
Brazil,BRA,SA,2016,59.51,35.78,79.4,63.36
Brazil,BRA,SA,2017,60.6,39.43,79.17,63.2
Brazil,BRA,SA,2018,64.49,41.4,89.83,62.24
Brazil,BRA,SA,2019,64.78,41.74,90.15,62.45
Brazil,BRA,SA,2020,64,42,90,61
Brunei,BRN,AS,1984,38.59,52.39,9.21,56.31
Brunei,BRN,AS,1985,39.15,52.87,9.24,57.46
Brunei,BRN,AS,1986,40.04,54.1,12.46,55.73
Brunei,BRN,AS,1987,39.76,53.71,12.49,55.24
Brunei,BRN,AS,1988,40.23,55.42,12.5,55.09
Brunei,BRN,AS,1989,40.23,55.91,13.2,53.99
Brunei,BRN,AS,1990,41.36,55.82,15.43,55.08
Brunei,BRN,AS,1991,41.85,56.56,16.08,55.19
Brunei,BRN,AS,1992,46.47,61.09,25.88,54.75
Brunei,BRN,AS,1993,46.95,61.17,26.81,55.15
Brunei,BRN,AS,1994,44.29,62.24,17.1,56.45
Brunei,BRN,AS,1995,46.55,63.79,17.87,60.83
Brunei,BRN,AS,1996,47.62,65.7,19.2,61
Brunei,BRN,AS,1997,48.2,66.16,19.73,61.76
Brunei,BRN,AS,1998,48.65,67.69,19.58,61.9
Brunei,BRN,AS,1999,49.17,68.53,19.94,62.31
Brunei,BRN,AS,2000,50.13,68.34,21.15,63.93
Brunei,BRN,AS,2001,48.89,67.95,21.26,60.59
Brunei,BRN,AS,2002,48.87,67.6,20.87,61.16
Brunei,BRN,AS,2003,51.94,67.52,27.43,63.39
Brunei,BRN,AS,2004,53.3,66.19,28.59,67.19
Brunei,BRN,AS,2005,52.94,64.81,28.78,67.13
Brunei,BRN,AS,2006,53.52,64.7,30.58,67.07
Brunei,BRN,AS,2007,54.53,64.89,31.75,68.58
Brunei,BRN,AS,2008,59.51,64.69,43.9,70.75
Brunei,BRN,AS,2009,62.63,70.5,47.06,71.59
Brunei,BRN,AS,2010,62.98,69.93,47.61,72.52
Brunei,BRN,AS,2011,63.23,70.06,48.2,72.51
Brunei,BRN,AS,2012,63.93,71.3,49.49,72.17
Brunei,BRN,AS,2013,64.17,71.22,49.4,73.01
Brunei,BRN,AS,2014,64.1,68.83,49.38,74.84
Brunei,BRN,AS,2015,63.66,67.61,49.81,74.19
Brunei,BRN,AS,2016,63.98,68.02,50.15,74.41
Brunei,BRN,AS,2017,63.79,66.8,50.3,74.74
Brunei,BRN,AS,2018,62.12,67.11,48.06,72.37
Brunei,BRN,AS,2019,63.9,70.28,47.54,75.36
Brunei,BRN,AS,2020,63,68,48,75
Bulgaria,BGR,EU,1981,51.05,46.71,62.6,43.83
Bulgaria,BGR,EU,1982,51.24,46.2,63.37,44.15
Bulgaria,BGR,EU,1983,51.65,46.98,63.78,44.21
Bulgaria,BGR,EU,1984,50.67,46.99,63.81,41.22
Bulgaria,BGR,EU,1985,53.13,49.83,69.53,40.04
Bulgaria,BGR,EU,1986,52.47,47.82,69.41,40.17
Bulgaria,BGR,EU,1987,51.36,46.2,67.05,40.82
Bulgaria,BGR,EU,1988,50.89,49.48,62.29,40.89
Bulgaria,BGR,EU,1989,49.88,50.61,58.26,40.77
Bulgaria,BGR,EU,1990,49.47,45.29,59.18,43.94
Bulgaria,BGR,EU,1991,49.49,44.07,60.23,44.17
Bulgaria,BGR,EU,1992,56.43,51.86,72.64,44.8
Bulgaria,BGR,EU,1993,57.34,51.4,75.3,45.31
Bulgaria,BGR,EU,1994,57.53,55.2,66.1,51.31
Bulgaria,BGR,EU,1995,59.47,49.94,77.83,50.65
Bulgaria,BGR,EU,1996,63.93,59.48,80.86,51.46
Bulgaria,BGR,EU,1997,65.65,62.6,81.8,52.54
Bulgaria,BGR,EU,1998,65.37,60.6,82.5,53
Bulgaria,BGR,EU,1999,67.63,62.07,84.62,56.19
Bulgaria,BGR,EU,2000,69.88,66,85.28,58.36
Bulgaria,BGR,EU,2001,70.21,64.38,85.78,60.47
Bulgaria,BGR,EU,2002,69.32,58.78,85.96,63.23
Bulgaria,BGR,EU,2003,71.73,64.16,86.5,64.53
Bulgaria,BGR,EU,2004,72.44,66.6,85.83,64.87
Bulgaria,BGR,EU,2005,72.4,65.88,85.57,65.75
Bulgaria,BGR,EU,2006,75.42,72.01,86.88,67.35
Bulgaria,BGR,EU,2007,78.38,77.08,87.15,70.91
Bulgaria,BGR,EU,2008,78.91,75.44,88.42,72.88
Bulgaria,BGR,EU,2009,77.49,72.45,86.38,73.64
Bulgaria,BGR,EU,2010,77.15,72.52,85.01,73.91
Bulgaria,BGR,EU,2011,77.39,71.9,85.57,74.7
Bulgaria,BGR,EU,2012,78.69,72.42,86.45,77.2
Bulgaria,BGR,EU,2013,79.55,74.54,86.66,77.46
Bulgaria,BGR,EU,2014,80.33,76.92,86.19,77.89
Bulgaria,BGR,EU,2015,80.28,76.98,86.7,77.15
Bulgaria,BGR,EU,2016,80.44,77.38,86.89,77.04
Bulgaria,BGR,EU,2017,80.72,77.82,87.02,77.34
Bulgaria,BGR,EU,2018,79.77,75.21,86.75,77.33
Bulgaria,BGR,EU,2019,79.56,75.67,86.11,76.89
Bulgaria,BGR,EU,2020,79,74,86,77
Burkina Faso,BFA,AF,1981,27.79,28.79,36.34,17.33
Burkina Faso,BFA,AF,1982,28.13,29.05,37.12,17.25
Burkina Faso,BFA,AF,1983,28.48,29.87,37.36,17.23
Burkina Faso,BFA,AF,1984,28.64,30.38,37.38,17.18
Burkina Faso,BFA,AF,1985,28.62,30.81,37.81,16.16
Burkina Faso,BFA,AF,1986,28.79,30.45,38.64,16.21
Burkina Faso,BFA,AF,1987,28.78,30.68,38.31,16.28
Burkina Faso,BFA,AF,1988,28.64,30.28,38.74,15.8
Burkina Faso,BFA,AF,1989,29.16,29.83,39.66,16.94
Burkina Faso,BFA,AF,1990,29.72,30.3,40.74,17.04
Burkina Faso,BFA,AF,1991,30.61,30.38,42.88,17.46
Burkina Faso,BFA,AF,1992,29.55,33.04,36.92,17.69
Burkina Faso,BFA,AF,1993,31.64,32.16,43.03,18.6
Burkina Faso,BFA,AF,1994,32.31,34.2,42.97,18.58
Burkina Faso,BFA,AF,1995,32.56,34.82,42.93,18.75
Burkina Faso,BFA,AF,1996,31.32,31.03,43.1,18.76
Burkina Faso,BFA,AF,1997,31.8,31,43.01,20.43
Burkina Faso,BFA,AF,1998,36.29,31.18,55.4,21.01
Burkina Faso,BFA,AF,1999,36.18,29.07,56.68,21.58
Burkina Faso,BFA,AF,2000,36.85,30.9,56.59,21.83
Burkina Faso,BFA,AF,2001,37.54,30.74,57.83,22.86
Burkina Faso,BFA,AF,2002,37.9,30.08,58.26,24.24
Burkina Faso,BFA,AF,2003,40.4,30.44,63.87,25.68
Burkina Faso,BFA,AF,2004,41.7,31.6,64.78,27.59
Burkina Faso,BFA,AF,2005,42.88,32,66.64,28.9
Burkina Faso,BFA,AF,2006,43.93,31.31,69.01,30.4
Burkina Faso,BFA,AF,2007,44.6,32.76,68.52,31.49
Burkina Faso,BFA,AF,2008,43.91,29.38,69.24,32.21
Burkina Faso,BFA,AF,2009,45.41,28.72,70.03,36.88
Burkina Faso,BFA,AF,2010,48.22,35.59,70.52,37.85
Burkina Faso,BFA,AF,2011,50.27,40.26,70.98,38.84
Burkina Faso,BFA,AF,2012,50.87,40.13,71.95,39.84
Burkina Faso,BFA,AF,2013,52.8,44.72,71.99,40.99
Burkina Faso,BFA,AF,2014,52.66,43.53,72.4,41.41
Burkina Faso,BFA,AF,2015,53.22,44.81,72.46,41.71
Burkina Faso,BFA,AF,2016,53.66,44.82,72.77,42.72
Burkina Faso,BFA,AF,2017,54,45.66,72.74,42.92
Burkina Faso,BFA,AF,2018,52.23,42.18,71.09,42.84
Burkina Faso,BFA,AF,2019,52.04,42.02,70.92,42.59
Burkina Faso,BFA,AF,2020,51,40,70,43
Burma (Myanmar),MMR,AS,1981,22.05,34.03,24.35,6.9
Burma (Myanmar),MMR,AS,1982,21.7,33.87,24.14,6.2
Burma (Myanmar),MMR,AS,1983,21.68,34.13,23.78,6.24
Burma (Myanmar),MMR,AS,1984,21.34,34.34,22.66,6.13
Burma (Myanmar),MMR,AS,1985,21.61,34.19,23.44,6.31
Burma (Myanmar),MMR,AS,1986,21.76,34.47,23.46,6.46
Burma (Myanmar),MMR,AS,1987,21.77,34.27,23.68,6.46
Burma (Myanmar),MMR,AS,1988,21.99,33.86,24.09,7.15
Burma (Myanmar),MMR,AS,1989,21.87,33.84,24.4,6.47
Burma (Myanmar),MMR,AS,1990,21.85,34.6,23.48,6.58
Burma (Myanmar),MMR,AS,1991,21.64,32.96,24.24,6.86
Burma (Myanmar),MMR,AS,1992,21.64,33.36,23.67,7.03
Burma (Myanmar),MMR,AS,1993,23.3,33.63,24.18,11.41
Burma (Myanmar),MMR,AS,1994,23.66,34.14,24.12,12.04
Burma (Myanmar),MMR,AS,1995,23.98,34.34,24.46,12.46
Burma (Myanmar),MMR,AS,1996,23.79,33.41,24.3,13.05
Burma (Myanmar),MMR,AS,1997,26.93,41.56,24.96,13.49
Burma (Myanmar),MMR,AS,1998,29.63,43.99,30.15,13.83
Burma (Myanmar),MMR,AS,1999,30.18,44.49,30.48,14.69
Burma (Myanmar),MMR,AS,2000,30.12,44.23,30.05,15.23
Burma (Myanmar),MMR,AS,2001,33.79,53.42,31.13,15.81
Burma (Myanmar),MMR,AS,2002,34.86,54.15,32.43,16.99
Burma (Myanmar),MMR,AS,2003,33.11,45.91,32.84,19.82
Burma (Myanmar),MMR,AS,2004,33.46,44.9,32.87,21.95
Burma (Myanmar),MMR,AS,2005,34.43,46.95,33.24,22.44
Burma (Myanmar),MMR,AS,2006,34.1,44.84,34.58,22.23
Burma (Myanmar),MMR,AS,2007,34.29,43.23,35.84,23.2
Burma (Myanmar),MMR,AS,2008,33.3,38.34,36.81,24.29
Burma (Myanmar),MMR,AS,2009,33.07,35.8,38.73,24.24
Burma (Myanmar),MMR,AS,2010,32.81,33.82,39.35,24.9
Burma (Myanmar),MMR,AS,2011,34.47,34.31,40.69,28.15
Burma (Myanmar),MMR,AS,2012,36.83,35,43.05,32.26
Burma (Myanmar),MMR,AS,2013,38.85,37.61,44.42,34.33
Burma (Myanmar),MMR,AS,2014,39.74,36.73,46.46,35.89
Burma (Myanmar),MMR,AS,2015,44.45,38.66,55.91,38.53
Burma (Myanmar),MMR,AS,2016,43.96,38.13,55.18,38.32
Burma (Myanmar),MMR,AS,2017,43.93,39.46,54.25,37.79
Burma (Myanmar),MMR,AS,2018,43.73,39.22,52.48,39.28
Burma (Myanmar),MMR,AS,2019,44.58,40.26,52.87,40.4
Burma (Myanmar),MMR,AS,2020,45,43,53,40
Burundi,BDI,AF,1981,17.1,15.57,26.55,9.17
Burundi,BDI,AF,1982,17.33,16.42,26.72,8.84
Burundi,BDI,AF,1983,17.43,15.13,28.32,8.83
Burundi,BDI,AF,1984,18.69,18.67,27.94,9.45
Burundi,BDI,AF,1985,18.79,18.58,28.56,9.24
Burundi,BDI,AF,1986,19.54,20.33,29.17,9.12
Burundi,BDI,AF,1987,22.35,25.01,32.55,9.47
Burundi,BDI,AF,1988,22.17,25.47,31.58,9.46
Burundi,BDI,AF,1989,22.15,25.58,31.16,9.71
Burundi,BDI,AF,1990,22.98,27.42,31.59,9.93
Burundi,BDI,AF,1991,23.75,28.63,32.34,10.3
Burundi,BDI,AF,1992,24.57,30.34,32.42,10.95
Burundi,BDI,AF,1993,24.87,30.9,33.87,9.85
Burundi,BDI,AF,1994,24.91,30.07,34.59,10.08
Burundi,BDI,AF,1995,24.73,28.63,35.65,9.91
Burundi,BDI,AF,1996,23.85,26.34,35.69,9.53
Burundi,BDI,AF,1997,23.42,23.6,36.2,10.45
Burundi,BDI,AF,1998,23.42,22.31,36.16,11.81
Burundi,BDI,AF,1999,23.42,21.31,36.66,12.28
Burundi,BDI,AF,2000,24.5,24.2,36.24,13.07
Burundi,BDI,AF,2001,25.56,26.01,35.95,14.73
Burundi,BDI,AF,2002,26.59,27.05,35.81,16.93
Burundi,BDI,AF,2003,27.83,27.97,37.66,17.86
Burundi,BDI,AF,2004,29.11,30.52,38.05,18.76
Burundi,BDI,AF,2005,30.29,32.83,38.22,19.83
Burundi,BDI,AF,2006,31.63,34.58,40.07,20.26
Burundi,BDI,AF,2007,34.74,31.2,51.6,21.43
Burundi,BDI,AF,2008,36.46,33.95,52.91,22.52
Burundi,BDI,AF,2009,36.74,30.03,55.02,25.17
Burundi,BDI,AF,2010,37.79,29.58,54.74,29.07
Burundi,BDI,AF,2011,37.73,31.71,54.38,27.11
Burundi,BDI,AF,2012,38.88,30.91,55.52,30.2
Burundi,BDI,AF,2013,39.99,30.96,55.73,33.29
Burundi,BDI,AF,2014,41.39,32.59,57.31,34.27
Burundi,BDI,AF,2015,40.64,29.69,58.28,33.95
Burundi,BDI,AF,2016,40.73,29.48,58.46,34.23
Burundi,BDI,AF,2017,40.57,29.55,58.35,33.83
Burundi,BDI,AF,2018,40.11,31.39,56.97,31.97
Burundi,BDI,AF,2019,39.55,30.98,56.46,31.22
Burundi,BDI,AF,2020,40,32,56,32
Cambodia,KHM,AS,1981,18,20.32,21.04,12.64
Cambodia,KHM,AS,1982,17.86,19.86,21.03,12.69
Cambodia,KHM,AS,1983,18.84,22.51,21.24,12.79
Cambodia,KHM,AS,1984,18.77,22.27,21.25,12.8
Cambodia,KHM,AS,1985,19.01,22.82,21.27,12.92
Cambodia,KHM,AS,1986,19.71,24.95,21.29,12.89
Cambodia,KHM,AS,1987,19.03,22.9,21.31,12.87
Cambodia,KHM,AS,1988,19.08,22.99,21.32,12.92
Cambodia,KHM,AS,1989,19.29,23.56,21.23,13.07
Cambodia,KHM,AS,1990,19.41,24.47,20.68,13.08
Cambodia,KHM,AS,1991,19.83,25.48,20.13,13.87
Cambodia,KHM,AS,1992,19.82,23.33,22.18,13.94
Cambodia,KHM,AS,1993,20.5,23.76,22.51,15.22
Cambodia,KHM,AS,1994,22.08,27.82,22.84,15.58
Cambodia,KHM,AS,1995,23.08,32.23,22.46,14.56
Cambodia,KHM,AS,1996,22.77,29.39,23.41,15.52
Cambodia,KHM,AS,1997,27.36,34.43,31.82,15.83
Cambodia,KHM,AS,1998,30.26,42.21,31.43,17.14
Cambodia,KHM,AS,1999,33.92,50.73,32.47,18.54
Cambodia,KHM,AS,2000,36.28,53.25,35.5,20.08
Cambodia,KHM,AS,2001,38.15,56.83,35.91,21.72
Cambodia,KHM,AS,2002,40,58.92,37.23,23.86
Cambodia,KHM,AS,2003,40.58,58.72,38.58,24.46
Cambodia,KHM,AS,2004,42.43,60.65,37.72,28.92
Cambodia,KHM,AS,2005,46.63,62.05,47.9,29.94
Cambodia,KHM,AS,2006,49.74,63.09,54.11,32.02
Cambodia,KHM,AS,2007,51.47,62.76,54.74,36.91
Cambodia,KHM,AS,2008,52.37,63.2,55.45,38.46
Cambodia,KHM,AS,2009,52.64,63.63,54.78,39.51
Cambodia,KHM,AS,2010,54.34,66.25,55.28,41.49
Cambodia,KHM,AS,2011,55.8,67.51,56.62,43.26
Cambodia,KHM,AS,2012,57.28,70.07,56.86,44.91
Cambodia,KHM,AS,2013,57.57,69.44,56.95,46.32
Cambodia,KHM,AS,2014,58.27,68.09,58.19,48.54
Cambodia,KHM,AS,2015,58.62,67.52,59.34,49
Cambodia,KHM,AS,2016,58.98,67.76,59.84,49.33
Cambodia,KHM,AS,2017,59.22,67.97,60.21,49.48
Cambodia,KHM,AS,2018,59.29,67.31,60.16,50.39
Cambodia,KHM,AS,2019,58.32,67.2,59.55,48.2
Cambodia,KHM,AS,2020,57,64,59,49
Cameroon,CMR,AF,1981,36.6,33.13,52.82,22.59
Cameroon,CMR,AF,1982,35.04,33.52,52.45,17.63
Cameroon,CMR,AF,1983,36.03,34.8,53.92,17.8
Cameroon,CMR,AF,1984,36.53,34.45,55.69,17.85
Cameroon,CMR,AF,1985,38.25,38.11,56.59,18.36
Cameroon,CMR,AF,1986,36.67,32.33,57.27,18.89
Cameroon,CMR,AF,1987,34.84,28.07,56.1,19
Cameroon,CMR,AF,1988,34.21,28.7,53.55,19.1
Cameroon,CMR,AF,1989,34.13,31.28,50.73,19.09
Cameroon,CMR,AF,1990,34.58,32.34,51.05,19.02
Cameroon,CMR,AF,1991,34.51,29.82,53.38,19
Cameroon,CMR,AF,1992,39.58,32.31,64,20.84
Cameroon,CMR,AF,1993,38.88,30.49,63.96,20.64
Cameroon,CMR,AF,1994,35.66,31.94,53.46,20.25
Cameroon,CMR,AF,1995,36.67,33.73,54.21,20.7
Cameroon,CMR,AF,1996,36.95,34.34,54.16,21
Cameroon,CMR,AF,1997,37.34,35.09,54.89,20.62
Cameroon,CMR,AF,1998,40.36,33.52,64.71,21.26
Cameroon,CMR,AF,1999,40.68,34.13,65.23,21.06
Cameroon,CMR,AF,2000,42.18,37.17,65.38,22.37
Cameroon,CMR,AF,2001,42.87,37.47,66.1,23.46
Cameroon,CMR,AF,2002,43.88,37.49,67,25.66
Cameroon,CMR,AF,2003,44.04,35.32,67.56,27.94
Cameroon,CMR,AF,2004,45.15,37.05,68.02,29.08
Cameroon,CMR,AF,2005,44.84,34.84,68.33,30.19
Cameroon,CMR,AF,2006,44.86,31.96,69.68,31.91
Cameroon,CMR,AF,2007,46.1,34.77,70.16,32.31
Cameroon,CMR,AF,2008,46.68,34.17,70.82,34.09
Cameroon,CMR,AF,2009,46.37,34.01,69.96,34.26
Cameroon,CMR,AF,2010,46.2,34.23,69.78,33.74
Cameroon,CMR,AF,2011,48.1,37.35,70.13,36.04
Cameroon,CMR,AF,2012,49.08,38.35,71.12,37.02
Cameroon,CMR,AF,2013,49.8,36.3,70.98,41.63
Cameroon,CMR,AF,2014,51.46,39.36,72.25,42.24
Cameroon,CMR,AF,2015,51.36,37.66,73.59,42.29
Cameroon,CMR,AF,2016,51.18,37.08,73.47,42.48
Cameroon,CMR,AF,2017,51.38,37.55,73.63,42.41
Cameroon,CMR,AF,2018,50.51,37.74,72.82,40.33
Cameroon,CMR,AF,2019,50.41,38.35,72.66,39.54
Cameroon,CMR,AF,2020,49,36,72,39
Canada,CAN,NA,1981,68.74,48.96,79.67,77.58
Canada,CAN,NA,1982,67.88,47.92,79.44,76.27
Canada,CAN,NA,1983,67.54,47.2,79.38,76.05
Canada,CAN,NA,1984,68.32,48.56,79.97,76.42
Canada,CAN,NA,1985,68.29,48.62,79.57,76.67
Canada,CAN,NA,1986,68.31,48.76,79.31,76.85
Canada,CAN,NA,1987,68.05,48.54,78.49,77.13
Canada,CAN,NA,1988,67.83,48.8,77.35,77.33
Canada,CAN,NA,1989,68.16,51.61,75.53,77.34
Canada,CAN,NA,1990,70.79,54.32,79.42,78.62
Canada,CAN,NA,1991,72.86,55.13,85.31,78.15
Canada,CAN,NA,1992,74.12,55.47,88.18,78.71
Canada,CAN,NA,1993,75.5,58.29,89.6,78.61
Canada,CAN,NA,1994,76.58,61.01,90.15,78.59
Canada,CAN,NA,1995,77.57,63.2,90.66,78.84
Canada,CAN,NA,1996,78.66,64.98,90.46,80.55
Canada,CAN,NA,1997,79.88,67.42,90.66,81.56
Canada,CAN,NA,1998,80.94,69.48,90.54,82.81
Canada,CAN,NA,1999,81.78,70.51,90.96,83.86
Canada,CAN,NA,2000,82.67,71.54,91.65,84.82
Canada,CAN,NA,2001,82.36,70.33,91.91,84.85
Canada,CAN,NA,2002,80.79,66.55,91.47,84.34
Canada,CAN,NA,2003,81.4,67.92,91.5,84.8
Canada,CAN,NA,2004,81.63,68.4,91.58,84.91
Canada,CAN,NA,2005,81.75,68.07,91.92,85.25
Canada,CAN,NA,2006,81.83,67.91,91.71,85.87
Canada,CAN,NA,2007,82.67,68.25,91.77,88
Canada,CAN,NA,2008,82.71,67.37,92.09,88.69
Canada,CAN,NA,2009,83.01,67.61,92.25,89.18
Canada,CAN,NA,2010,83.07,67.54,92.09,89.59
Canada,CAN,NA,2011,83.12,67.15,92.25,89.95
Canada,CAN,NA,2012,83.2,67.36,92.01,90.22
Canada,CAN,NA,2013,83.19,67.2,92.06,90.33
Canada,CAN,NA,2014,84.24,70.2,92.11,90.42
Canada,CAN,NA,2015,84.22,69.77,92.47,90.42
Canada,CAN,NA,2016,84.34,70.5,92.36,90.15
Canada,CAN,NA,2017,84.74,71.71,92.41,90.1
Canada,CAN,NA,2018,84.18,70.98,92.32,89.42
Canada,CAN,NA,2019,84.25,71.44,92.14,89.35
Canada,CAN,NA,2020,84,71,91,90
Cape Verde,CPV,AF,1981,31.31,42.2,14.44,38.32
Cape Verde,CPV,AF,1982,32.32,45.43,14.43,37.93
Cape Verde,CPV,AF,1983,33.42,48.84,14.43,37.6
Cape Verde,CPV,AF,1984,32.97,47.72,14.63,37.2
Cape Verde,CPV,AF,1985,33.19,47.93,15.02,37.21
Cape Verde,CPV,AF,1986,33.44,45.3,15.79,40.21
Cape Verde,CPV,AF,1987,32.36,42.03,15.99,40.19
Cape Verde,CPV,AF,1988,32.09,40.53,16,41.07
Cape Verde,CPV,AF,1989,33,41.93,16.32,42.07
Cape Verde,CPV,AF,1990,32.95,40.97,17.58,41.57
Cape Verde,CPV,AF,1991,35.68,40.19,23.14,45.08
Cape Verde,CPV,AF,1992,37.41,41.81,25.67,46.01
Cape Verde,CPV,AF,1993,39.74,35.49,39.03,45.54
Cape Verde,CPV,AF,1994,42.27,41.52,40.24,45.52
Cape Verde,CPV,AF,1995,39.13,43.51,28.99,45.88
Cape Verde,CPV,AF,1996,39.77,43.68,29.29,47.48
Cape Verde,CPV,AF,1997,40.49,45.1,29.64,47.8
Cape Verde,CPV,AF,1998,40.34,43.4,30.05,48.78
Cape Verde,CPV,AF,1999,41.82,45.65,30.75,50.29
Cape Verde,CPV,AF,2000,47.17,49.12,42.46,50.4
Cape Verde,CPV,AF,2001,48.04,49.09,43.22,52.46
Cape Verde,CPV,AF,2002,44.48,50.31,31.94,52.31
Cape Verde,CPV,AF,2003,45.36,51.29,32.87,53.02
Cape Verde,CPV,AF,2004,45.88,52.22,32.71,53.84
Cape Verde,CPV,AF,2005,46.93,54.36,33.11,54.37
Cape Verde,CPV,AF,2006,48.25,51.66,34.05,60.83
Cape Verde,CPV,AF,2007,48.75,50.35,35.55,62.28
Cape Verde,CPV,AF,2008,48.74,49.71,35.95,62.48
Cape Verde,CPV,AF,2009,49.2,49.72,36.54,63.28
Cape Verde,CPV,AF,2010,50.34,51.49,36.24,65.32
Cape Verde,CPV,AF,2011,50.46,51.03,37.17,65.13
Cape Verde,CPV,AF,2012,50.54,50.95,37.4,65.16
Cape Verde,CPV,AF,2013,50.78,50.73,37.11,66.53
Cape Verde,CPV,AF,2014,50.79,50.61,37.87,65.79
Cape Verde,CPV,AF,2015,50.54,49.78,37.91,65.89
Cape Verde,CPV,AF,2016,51.46,51.44,38.26,66.64
Cape Verde,CPV,AF,2017,55.16,52.33,47.52,67.18
Cape Verde,CPV,AF,2018,56.29,57.75,45.66,66.68
Cape Verde,CPV,AF,2019,55.01,57.03,45.38,63.2
Cape Verde,CPV,AF,2020,55,56,47,63
Central African Republic,CAF,AF,1981,28.05,25.83,36.42,21
Central African Republic,CAF,AF,1982,28.09,26.57,36.22,20.52
Central African Republic,CAF,AF,1983,28.4,26.75,37.24,20.18
Central African Republic,CAF,AF,1984,29.02,27.05,39.85,18.9
Central African Republic,CAF,AF,1985,28.65,25.83,40.26,18.64
Central African Republic,CAF,AF,1986,28.29,24.51,40.3,18.9
Central African Republic,CAF,AF,1987,28.22,26.73,37.93,18.85
Central African Republic,CAF,AF,1988,27.3,25.76,36.35,18.75
Central African Republic,CAF,AF,1989,26.93,25.98,35.14,18.65
Central African Republic,CAF,AF,1990,26.47,24.88,34.21,19.48
Central African Republic,CAF,AF,1991,27.68,26.97,36.09,18.91
Central African Republic,CAF,AF,1992,27.79,27.49,35.8,19
Central African Republic,CAF,AF,1993,28.39,28.72,35.68,19.7
Central African Republic,CAF,AF,1994,30.43,34.99,35.2,19.82
Central African Republic,CAF,AF,1995,30.66,34.21,36.19,20.33
Central African Republic,CAF,AF,1996,29.28,30.84,36.31,19.52
Central African Republic,CAF,AF,1997,29.73,30.91,37.27,19.81
Central African Republic,CAF,AF,1998,29.8,30.41,37,20.92
Central African Republic,CAF,AF,1999,29.78,29.69,37.51,21.1
Central African Republic,CAF,AF,2000,29.9,29.93,37.48,21.25
Central African Republic,CAF,AF,2001,29.49,29.26,37.11,21.09
Central African Republic,CAF,AF,2002,29.26,29.18,36.96,20.61
Central African Republic,CAF,AF,2003,29.56,28.54,37.52,21.69
Central African Republic,CAF,AF,2004,29.75,28.95,37.17,22.25
Central African Republic,CAF,AF,2005,34.29,30.18,47.65,23.79
Central African Republic,CAF,AF,2006,34.92,29.67,49.22,24.66
Central African Republic,CAF,AF,2007,35.67,30.63,50.05,25.08
Central African Republic,CAF,AF,2008,36.33,30.37,51.34,26.13
Central African Republic,CAF,AF,2009,36.51,28.83,51.91,27.81
Central African Republic,CAF,AF,2010,38.39,29.58,51.61,33.43
Central African Republic,CAF,AF,2011,37.78,28.97,51.56,32.23
Central African Republic,CAF,AF,2012,37.73,27.88,51.2,33.7
Central African Republic,CAF,AF,2013,37.4,29.91,50.7,30.93
Central African Republic,CAF,AF,2014,37.98,30.89,50.17,32.31
Central African Republic,CAF,AF,2015,37.8,30.02,50.72,32.09
Central African Republic,CAF,AF,2016,35.82,31.12,41.79,34.4
Central African Republic,CAF,AF,2017,39.04,31.14,51.17,34.33
Central African Republic,CAF,AF,2018,37.9,30.95,49.61,32.59
Central African Republic,CAF,AF,2019,38.32,32.48,49.32,32.56
Central African Republic,CAF,AF,2020,39,34,49,33
Chad,TCD,AF,1981,21.95,18.37,32.65,12.11
Chad,TCD,AF,1982,21.28,17.81,31.69,11.73
Chad,TCD,AF,1983,23.68,23.47,33.13,11.48
Chad,TCD,AF,1984,24.46,24.68,34.96,10.35
Chad,TCD,AF,1985,24.93,25.17,35.6,10.59
Chad,TCD,AF,1986,25.55,26.44,36.05,10.68
Chad,TCD,AF,1987,25.79,27.89,35.23,10.82
Chad,TCD,AF,1988,24.74,26.77,33.64,10.59
Chad,TCD,AF,1989,24.71,27.26,32.64,11.2
Chad,TCD,AF,1990,24.35,26.42,32.68,10.9
Chad,TCD,AF,1991,24.17,24.27,34.38,10.65
Chad,TCD,AF,1992,24.2,24.35,34.29,10.74
Chad,TCD,AF,1993,26.97,31.21,34.57,11.81
Chad,TCD,AF,1994,32.77,35.14,45.95,12.53
Chad,TCD,AF,1995,33.41,36.92,46.04,12.54
Chad,TCD,AF,1996,27.98,32.21,35.76,12.59
Chad,TCD,AF,1997,28.31,33.35,35.34,12.94
Chad,TCD,AF,1998,33.33,33.34,47.45,14.74
Chad,TCD,AF,1999,34.44,34.25,49.43,15
Chad,TCD,AF,2000,30,34.62,36.51,15.86
Chad,TCD,AF,2001,31.51,36.51,37.91,17.06
Chad,TCD,AF,2002,33.16,40.28,37.22,19.18
Chad,TCD,AF,2003,33.17,38.29,38.66,19.78
Chad,TCD,AF,2004,37.05,36.14,50.19,20.97
Chad,TCD,AF,2005,36.28,32.43,50.95,21.77
Chad,TCD,AF,2006,37.11,32.94,52.69,21.85
Chad,TCD,AF,2007,37.46,32.65,52.94,23.1
Chad,TCD,AF,2008,37.52,31.23,53.61,24.22
Chad,TCD,AF,2009,37.84,31.22,54.08,24.78
Chad,TCD,AF,2010,37.57,31.46,52.85,25.19
Chad,TCD,AF,2011,38.28,32.28,52.08,27.7
Chad,TCD,AF,2012,38.97,31.68,53.59,28.94
Chad,TCD,AF,2013,39.21,30.23,55.25,29.37
Chad,TCD,AF,2014,40.73,31.44,57.74,30.06
Chad,TCD,AF,2015,40.73,30.76,57.83,30.75
Chad,TCD,AF,2016,40.49,28.87,58.63,31.19
Chad,TCD,AF,2017,41.05,29.95,59,31.38
Chad,TCD,AF,2018,41.43,31.58,59.3,30.25
Chad,TCD,AF,2019,41.8,32.41,59.17,30.67
Chad,TCD,AF,2020,40,29,59,30
Chile,CHL,SA,1981,51.94,46.51,64.25,45.04
Chile,CHL,SA,1982,50.86,45.25,63.13,44.18
Chile,CHL,SA,1983,50.89,45.51,64.89,42.26
Chile,CHL,SA,1984,50.8,46.09,64.49,41.82
Chile,CHL,SA,1985,51.15,46.11,65.08,42.26
Chile,CHL,SA,1986,52.09,48.24,65.84,42.2
Chile,CHL,SA,1987,51.2,46.18,64.58,42.84
Chile,CHL,SA,1988,50.78,46.63,61.98,43.74
Chile,CHL,SA,1989,50.4,46.56,59.61,45.01
Chile,CHL,SA,1990,51.47,46.84,60.08,47.5
Chile,CHL,SA,1991,52.98,45.82,64.94,48.17
Chile,CHL,SA,1992,53.23,44.27,66.02,49.41
Chile,CHL,SA,1993,54.14,44.76,66.53,51.13
Chile,CHL,SA,1994,57.43,46.73,73.55,52
Chile,CHL,SA,1995,60.67,52.33,75.96,53.72
Chile,CHL,SA,1996,59.51,47.43,76.31,54.79
Chile,CHL,SA,1997,62.53,52.36,78.52,56.72
Chile,CHL,SA,1998,63.49,53.69,79.43,57.36
Chile,CHL,SA,1999,65.62,56.92,81.94,58.01
Chile,CHL,SA,2000,67.71,60.47,82.53,60.12
Chile,CHL,SA,2001,71.34,68.57,83.58,61.86
Chile,CHL,SA,2002,71.87,69.32,82.86,63.42
Chile,CHL,SA,2003,73.88,74.33,82.99,64.32
Chile,CHL,SA,2004,74.97,74.71,85.16,65.05
Chile,CHL,SA,2005,75.22,74.27,85.78,65.61
Chile,CHL,SA,2006,75.91,73.77,85.77,68.19
Chile,CHL,SA,2007,77.9,75.39,86.84,71.46
Chile,CHL,SA,2008,78.41,75.93,87.4,71.89
Chile,CHL,SA,2009,77.5,74,87.7,70.81
Chile,CHL,SA,2010,78.13,73.59,87.88,72.93
Chile,CHL,SA,2011,78.39,73.4,87.86,73.91
Chile,CHL,SA,2012,77.75,71.32,87.88,74.03
Chile,CHL,SA,2013,77.37,70.03,87.87,74.2
Chile,CHL,SA,2014,78.32,72.01,88.04,74.9
Chile,CHL,SA,2015,77.36,68.83,88.08,75.18
Chile,CHL,SA,2016,77.33,68.71,88.24,75.03
Chile,CHL,SA,2017,77.78,70.18,87.73,75.43
Chile,CHL,SA,2018,76.08,66.66,86.51,75.06
Chile,CHL,SA,2019,75.84,67.43,86.17,73.92
Chile,CHL,SA,2020,76,67,86,75
China,CHN,AS,1981,26.23,18.93,49.23,10.52
China,CHN,AS,1982,28.69,21.71,53.67,10.69
China,CHN,AS,1983,29.06,21.47,54.53,11.17
China,CHN,AS,1984,29.44,21.58,55.36,11.37
China,CHN,AS,1985,31.1,22.68,58.88,11.75
China,CHN,AS,1986,32.32,24.42,60.42,12.13
China,CHN,AS,1987,32.78,25.35,60.42,12.57
China,CHN,AS,1988,33.1,25.86,60.2,13.24
China,CHN,AS,1989,32.62,25.51,59.63,12.74
China,CHN,AS,1990,36.57,26.66,68.13,14.92
China,CHN,AS,1991,38.26,27.77,71.59,15.41
China,CHN,AS,1992,39.34,28.88,72.95,16.19
China,CHN,AS,1993,41.96,33.07,75,17.8
China,CHN,AS,1994,42.92,33.36,75.6,19.78
China,CHN,AS,1995,44.42,34,77.66,21.59
China,CHN,AS,1996,45.24,33.93,78.64,23.15
China,CHN,AS,1997,46.91,35.6,80.29,24.84
China,CHN,AS,1998,49.1,36.01,80.14,31.16
China,CHN,AS,1999,50.66,37,81.74,33.25
China,CHN,AS,2000,52.4,39.37,82.04,35.78
China,CHN,AS,2001,54,40.41,83.5,38.1
China,CHN,AS,2002,54.95,41.89,83.5,39.48
China,CHN,AS,2003,57.57,46.55,84.57,41.59
China,CHN,AS,2004,59.86,49.6,85.77,44.21
China,CHN,AS,2005,61.38,52.74,85.96,45.43
China,CHN,AS,2006,61.48,50.45,87.72,46.27
China,CHN,AS,2007,63.56,51.69,88.48,50.52
China,CHN,AS,2008,62.38,46.7,88.83,51.61
China,CHN,AS,2009,62.04,45.62,89.06,51.45
China,CHN,AS,2010,63.44,49.12,89.29,51.92
China,CHN,AS,2011,63.65,48.28,89.51,53.18
China,CHN,AS,2012,63.64,47.26,89.43,54.22
China,CHN,AS,2013,64.32,47.92,89.66,55.37
China,CHN,AS,2014,64.87,48.98,89.3,56.32
China,CHN,AS,2015,64.22,46.05,90.35,56.25
China,CHN,AS,2016,64.56,46.65,90.54,56.48
China,CHN,AS,2017,65.11,47.87,90.61,56.84
China,CHN,AS,2018,64.28,44.95,90.29,57.61
China,CHN,AS,2019,64.57,45.56,90.18,57.96
China,CHN,AS,2020,65,46,90,59
Colombia,COL,SA,1981,42.93,30.97,55.25,42.56
Colombia,COL,SA,1982,42.59,30.88,54.62,42.28
Colombia,COL,SA,1983,42.67,29.37,56.64,42
Colombia,COL,SA,1984,42.84,29.79,56.89,41.82
Colombia,COL,SA,1985,43.24,31.63,57.76,40.32
Colombia,COL,SA,1986,44.11,33.77,58.2,40.37
Colombia,COL,SA,1987,43.98,33.97,57.23,40.73
Colombia,COL,SA,1988,43.18,33.66,55.45,40.43
Colombia,COL,SA,1989,42.44,34.36,52.67,40.29
Colombia,COL,SA,1990,42.42,34.9,51.74,40.64
Colombia,COL,SA,1991,43.66,35.24,55.89,39.86
Colombia,COL,SA,1992,46.63,33.68,65.42,40.79
Colombia,COL,SA,1993,47.8,32.9,65.98,44.51
Colombia,COL,SA,1994,46.62,30.59,65.44,43.82
Colombia,COL,SA,1995,48.24,33.98,65.11,45.63
Colombia,COL,SA,1996,46.09,36.33,54.95,46.99
Colombia,COL,SA,1997,49.82,37.79,64.46,47.2
Colombia,COL,SA,1998,47.2,39.08,55.3,47.21
Colombia,COL,SA,1999,48.56,39.96,55.87,49.85
Colombia,COL,SA,2000,51.76,40.09,65.78,49.4
Colombia,COL,SA,2001,52.41,41.73,66.34,49.15
Colombia,COL,SA,2002,47.79,38.14,55.98,49.27
Colombia,COL,SA,2003,49.3,41.43,56.48,50
Colombia,COL,SA,2004,52.23,43.13,61.94,51.62
Colombia,COL,SA,2005,53.45,44.57,62.18,53.6
Colombia,COL,SA,2006,57.79,45.96,72.18,55.23
Colombia,COL,SA,2007,60.1,45.99,74.23,60.07
Colombia,COL,SA,2008,59.64,43.94,74.2,60.79
Colombia,COL,SA,2009,60.01,43.22,76.1,60.7
Colombia,COL,SA,2010,61.34,45.03,77.35,61.63
Colombia,COL,SA,2011,62.12,48.06,76.85,61.45
Colombia,COL,SA,2012,62.79,48.67,77.21,62.48
Colombia,COL,SA,2013,64.12,50.69,77.97,63.7
Colombia,COL,SA,2014,64,50.05,78.45,63.49
Colombia,COL,SA,2015,64.59,51.68,78.88,63.2
Colombia,COL,SA,2016,64.92,51.36,79.51,63.88
Colombia,COL,SA,2017,65.09,51.95,79.64,63.68
Colombia,COL,SA,2018,63.66,48.93,79.16,62.89
Colombia,COL,SA,2019,63.92,49.31,79.19,63.24
Colombia,COL,SA,2020,63,48,79,62
Comoros,COM,AF,1981,21.93,23.41,13.53,30.57
Comoros,COM,AF,1982,22.85,26.89,13.52,30.46
Comoros,COM,AF,1983,22.93,26.28,13.5,31.21
Comoros,COM,AF,1984,23.62,29.44,13.5,30.68
Comoros,COM,AF,1985,23.56,29.66,13.5,30.31
Comoros,COM,AF,1986,22.74,26.81,14.06,29.54
Comoros,COM,AF,1987,23.09,27.73,14.06,29.83
Comoros,COM,AF,1988,23.08,28.22,13.68,29.82
Comoros,COM,AF,1989,24.04,29.77,14.01,31
Comoros,COM,AF,1990,23.06,26.16,14.33,30.69
Comoros,COM,AF,1991,24.63,27.67,15.56,32.7
Comoros,COM,AF,1992,25.13,26.67,16.03,34.5
Comoros,COM,AF,1993,24.83,27.3,16.27,32.76
Comoros,COM,AF,1994,26.86,33.04,17.58,32.5
Comoros,COM,AF,1995,26.78,31.15,18.34,32.95
Comoros,COM,AF,1996,25.85,30.2,17.27,32.2
Comoros,COM,AF,1997,26.38,30.39,17.61,33.24
Comoros,COM,AF,1998,26.13,29.01,18.36,32.78
Comoros,COM,AF,1999,26.36,29.23,18.92,32.65
Comoros,COM,AF,2000,28.55,29.06,24.61,32.71
Comoros,COM,AF,2001,28.56,27.38,25.88,32.67
Comoros,COM,AF,2002,28.69,26.88,25.03,34.48
Comoros,COM,AF,2003,29.16,25.33,27.41,34.42
Comoros,COM,AF,2004,28.48,23.93,25.8,35.43
Comoros,COM,AF,2005,29.78,25.44,26.52,37.22
Comoros,COM,AF,2006,31.37,27.53,27.63,38.96
Comoros,COM,AF,2007,31.86,27.13,28.71,39.54
Comoros,COM,AF,2008,33.15,28.76,29.82,40.72
Comoros,COM,AF,2009,34.34,29.44,31.28,42.02
Comoros,COM,AF,2010,35.23,32.38,31.47,41.96
Comoros,COM,AF,2011,35.8,32.43,31.13,44
Comoros,COM,AF,2012,35.81,33.44,31.7,42.53
Comoros,COM,AF,2013,35.33,30.66,31.73,43.36
Comoros,COM,AF,2014,35.47,30.17,32.47,43.33
Comoros,COM,AF,2015,36.18,30.05,33.57,44.27
Comoros,COM,AF,2016,36.66,30.16,34.31,44.78
Comoros,COM,AF,2017,36.81,29.55,35.03,44.91
Comoros,COM,AF,2018,40.42,34.96,35.89,50.14
Comoros,COM,AF,2019,40.55,33.84,35.75,51.63
Comoros,COM,AF,2020,39,31,35,50
Costa Rica,CRC,NA,1981,51.03,49.38,58.42,45.28
Costa Rica,CRC,NA,1982,51.15,50.11,58.61,44.73
Costa Rica,CRC,NA,1983,51.13,48.12,59.84,45.43
Costa Rica,CRC,NA,1984,50.67,46.48,59.86,45.66
Costa Rica,CRC,NA,1985,50.6,45.6,60.12,46.09
Costa Rica,CRC,NA,1986,49.78,43.19,60.18,45.98
Costa Rica,CRC,NA,1987,49.34,43.95,57.85,46.22
Costa Rica,CRC,NA,1988,49.07,45.36,54.9,46.97
Costa Rica,CRC,NA,1989,48.42,45.92,52.24,47.1
Costa Rica,CRC,NA,1990,48.85,46.19,52.11,48.26
Costa Rica,CRC,NA,1991,48.68,43.46,53.86,48.72
Costa Rica,CRC,NA,1992,48.7,43.21,52.64,50.25
Costa Rica,CRC,NA,1993,50.41,45.01,53.93,52.28
Costa Rica,CRC,NA,1994,51.9,48.63,53.73,53.35
Costa Rica,CRC,NA,1995,54.45,54.31,54.27,54.76
Costa Rica,CRC,NA,1996,55.88,56.68,54.36,56.6
Costa Rica,CRC,NA,1997,57.6,58.89,55.95,57.97
Costa Rica,CRC,NA,1998,59.91,63.24,56.91,59.58
Costa Rica,CRC,NA,1999,63.48,70.79,59.46,60.2
Costa Rica,CRC,NA,2000,62.55,67.82,59.13,60.69
Costa Rica,CRC,NA,2001,63.24,66.49,60.81,62.43
Costa Rica,CRC,NA,2002,62.72,64.82,60.11,63.24
Costa Rica,CRC,NA,2003,63.86,65.97,61.79,63.83
Costa Rica,CRC,NA,2004,63.88,64.61,61.57,65.47
Costa Rica,CRC,NA,2005,64.77,66.07,61.53,66.72
Costa Rica,CRC,NA,2006,66.25,68.69,62.14,67.9
Costa Rica,CRC,NA,2007,67.95,68.73,63.32,71.8
Costa Rica,CRC,NA,2008,67.25,64.86,64.06,72.82
Costa Rica,CRC,NA,2009,66.86,63.33,64.12,73.13
Costa Rica,CRC,NA,2010,67.11,63.47,64.21,73.63
Costa Rica,CRC,NA,2011,67.71,63.84,63.96,75.33
Costa Rica,CRC,NA,2012,67.57,62.89,64.27,75.56
Costa Rica,CRC,NA,2013,68.46,64.36,64.56,76.45
Costa Rica,CRC,NA,2014,69.45,66.23,64.48,77.62
Costa Rica,CRC,NA,2015,68.62,63.11,65.46,77.29
Costa Rica,CRC,NA,2016,71.74,63.52,74.11,77.59
Costa Rica,CRC,NA,2017,72.38,64.14,74.97,78.04
Costa Rica,CRC,NA,2018,71.49,63.94,74.23,76.3
Costa Rica,CRC,NA,2019,71.85,63.99,74.29,77.27
Costa Rica,CRC,NA,2020,71,64,74,76
Croatia,HRV,EU,1991,45.23,42.77,38.83,54.09
Croatia,HRV,EU,1992,45.06,40.55,38.58,56.04
Croatia,HRV,EU,1993,45.56,41.98,38.31,56.39
Croatia,HRV,EU,1994,47.94,42.39,43.14,58.29
Croatia,HRV,EU,1995,49.41,42.3,46.71,59.2
Croatia,HRV,EU,1996,51.9,44.65,49.35,61.71
Croatia,HRV,EU,1997,55.58,51.07,52.4,63.28
Croatia,HRV,EU,1998,57,52.15,54.39,64.45
Croatia,HRV,EU,1999,61.71,54.02,67.33,63.78
Croatia,HRV,EU,2000,64.52,56.83,68.35,68.4
Croatia,HRV,EU,2001,65.89,55.18,71.36,71.14
Croatia,HRV,EU,2002,67.65,57.5,72.92,72.53
Croatia,HRV,EU,2003,70.6,62,75.86,73.93
Croatia,HRV,EU,2004,73.86,66.19,79.43,75.94
Croatia,HRV,EU,2005,75.23,68.51,80.27,76.9
Croatia,HRV,EU,2006,75.91,70.08,81.49,76.17
Croatia,HRV,EU,2007,78.12,71.49,83.85,79.02
Croatia,HRV,EU,2008,78.4,69.92,85.29,79.99
Croatia,HRV,EU,2009,77.63,67.75,85.77,79.37
Croatia,HRV,EU,2010,77.26,67.17,85.78,78.82
Croatia,HRV,EU,2011,77.26,67.14,85.57,79.07
Croatia,HRV,EU,2012,77.99,68.65,85.9,79.42
Croatia,HRV,EU,2013,78.14,69.35,85.21,79.86
Croatia,HRV,EU,2014,80.1,73.12,84.84,82.32
Croatia,HRV,EU,2015,80.31,73.05,85.31,82.57
Croatia,HRV,EU,2016,81.18,75.01,85.3,83.23
Croatia,HRV,EU,2017,81.34,75.7,85.47,82.87
Croatia,HRV,EU,2018,81.19,74.84,85.79,82.94
Croatia,HRV,EU,2019,81.49,75.37,85.79,83.3
Croatia,HRV,EU,2020,81,74,85,84
Cuba,CUB,NA,1981,40.57,,49.99,28.06
Cuba,CUB,NA,1982,40.4,,49.95,27.8
Cuba,CUB,NA,1983,40.53,,50.34,27.55
Cuba,CUB,NA,1984,40.45,,50.16,27.74
Cuba,CUB,NA,1985,40.52,,50.56,27.64
Cuba,CUB,NA,1986,40.62,,50.78,27.55
Cuba,CUB,NA,1987,40.06,,50.82,27.77
Cuba,CUB,NA,1988,40.26,,51.8,27.93
Cuba,CUB,NA,1989,39.99,,51.83,27.21
Cuba,CUB,NA,1990,39.26,,51.36,28.36
Cuba,CUB,NA,1991,38.59,,51.25,28.76
Cuba,CUB,NA,1992,38.07,,49.95,29.6
Cuba,CUB,NA,1993,37.74,,50.01,29.46
Cuba,CUB,NA,1994,42.41,,58.79,30.42
Cuba,CUB,NA,1995,47.29,,66.7,31.25
Cuba,CUB,NA,1996,49.59,,68.85,32.7
Cuba,CUB,NA,1997,50.5,,70.04,32.9
Cuba,CUB,NA,1998,46.54,,60.34,34.6
Cuba,CUB,NA,1999,47.81,,61.67,35.98
Cuba,CUB,NA,2000,48.5,,61.82,36.58
Cuba,CUB,NA,2001,49.74,,63.02,38.56
Cuba,CUB,NA,2002,49.98,,62.45,39.58
Cuba,CUB,NA,2003,51.17,,63.75,40.7
Cuba,CUB,NA,2004,51.22,,63.6,40.79
Cuba,CUB,NA,2005,52.08,,64.12,42.1
Cuba,CUB,NA,2006,53.53,,64.61,44.52
Cuba,CUB,NA,2007,54.99,,66.37,46.12
Cuba,CUB,NA,2008,56.54,,67.34,47.63
Cuba,CUB,NA,2009,56.23,,67.26,48.32
Cuba,CUB,NA,2010,57.13,,68.31,48.69
Cuba,CUB,NA,2011,57.66,,68.48,49.18
Cuba,CUB,NA,2012,56.86,,68.82,47.27
Cuba,CUB,NA,2013,57.34,,68.99,48.61
Cuba,CUB,NA,2014,56.85,,68.76,47.93
Cuba,CUB,NA,2015,57.54,,69.77,49.12
Cuba,CUB,NA,2016,58.01,,70.02,50.13
Cuba,CUB,NA,2017,62.55,,79.43,50.26
Cuba,CUB,NA,2018,62.12,,78.49,48.93
Cuba,CUB,NA,2019,62.87,,78.32,50.92
Cuba,CUB,NA,2020,59,,69,51
Cyprus,CYP,EU,1981,51.36,47.73,44.21,62.15
Cyprus,CYP,EU,1982,51.82,48.39,44.57,62.5
Cyprus,CYP,EU,1983,52.25,48.58,45.97,62.21
Cyprus,CYP,EU,1984,51.76,48.49,45.59,61.2
Cyprus,CYP,EU,1985,52.59,48.06,47.21,62.5
Cyprus,CYP,EU,1986,52.23,44.52,48.84,63.35
Cyprus,CYP,EU,1987,51.44,44.35,46.28,63.68
Cyprus,CYP,EU,1988,53.58,47,50.05,63.69
Cyprus,CYP,EU,1989,53.96,48.33,48.63,64.92
Cyprus,CYP,EU,1990,55.45,49.48,50.13,66.74
Cyprus,CYP,EU,1991,56.68,49.74,52.91,67.39
Cyprus,CYP,EU,1992,56.32,48.67,53.4,66.9
Cyprus,CYP,EU,1993,58.52,52.05,56.28,67.25
Cyprus,CYP,EU,1994,59.08,52.56,56.19,68.48
Cyprus,CYP,EU,1995,60.49,54.85,57,69.6
Cyprus,CYP,EU,1996,59.86,52.63,57.08,69.85
Cyprus,CYP,EU,1997,61.94,54.9,57.34,73.59
Cyprus,CYP,EU,1998,61.08,50.45,57.59,75.2
Cyprus,CYP,EU,1999,63.54,55.77,58.85,76.01
Cyprus,CYP,EU,2000,64.48,57.13,58.97,77.34
Cyprus,CYP,EU,2001,65.13,57.27,59.88,78.24
Cyprus,CYP,EU,2002,65.3,57.46,59.47,78.96
Cyprus,CYP,EU,2003,66.36,59.85,60.33,78.89
Cyprus,CYP,EU,2004,73.27,76.08,62.42,81.3
Cyprus,CYP,EU,2005,74.2,77.88,63.17,81.53
Cyprus,CYP,EU,2006,75.27,79.02,64.83,81.97
Cyprus,CYP,EU,2007,81.16,81.57,76.42,85.5
Cyprus,CYP,EU,2008,81.66,82.14,77.6,85.25
Cyprus,CYP,EU,2009,80.8,80.26,77.73,84.4
Cyprus,CYP,EU,2010,81.42,80.28,77.36,86.63
Cyprus,CYP,EU,2011,81.4,79.68,77.7,86.81
Cyprus,CYP,EU,2012,81.43,78.29,79.09,86.92
Cyprus,CYP,EU,2013,80.98,77.72,79.07,86.16
Cyprus,CYP,EU,2014,83.05,83.06,79.41,86.68
Cyprus,CYP,EU,2015,78,81.76,66.3,85.92
Cyprus,CYP,EU,2016,78.66,83.52,66.49,85.99
Cyprus,CYP,EU,2017,79.12,84.08,66.69,86.6
Cyprus,CYP,EU,2018,83.06,85.77,78.11,85.3
Cyprus,CYP,EU,2019,81.64,83.55,78.14,83.24
Cyprus,CYP,EU,2020,80,84,69,86
Czechia,CZE,EU,1993,65.92,58.51,73.9,65.34
Czechia,CZE,EU,1994,67.41,59.52,76.42,66.29
Czechia,CZE,EU,1995,69.33,62.13,78.32,67.53
Czechia,CZE,EU,1996,69.8,63,78.15,68.24
Czechia,CZE,EU,1997,71.84,65.55,79.34,70.62
Czechia,CZE,EU,1998,72.71,68.1,79.08,70.94
Czechia,CZE,EU,1999,74.44,70.57,81.56,71.2
Czechia,CZE,EU,2000,76.64,73.95,83.5,72.48
Czechia,CZE,EU,2001,78.34,75.65,86.1,73.28
Czechia,CZE,EU,2002,78.62,74.54,86.49,74.84
Czechia,CZE,EU,2003,78.72,74.06,86.78,75.34
Czechia,CZE,EU,2004,80.38,78.2,86.94,76
Czechia,CZE,EU,2005,80.9,78.67,87.65,76.39
Czechia,CZE,EU,2006,81.63,78.73,88.39,77.76
Czechia,CZE,EU,2007,83.08,79.55,89.43,80.27
Czechia,CZE,EU,2008,82.96,78.13,89.81,80.94
Czechia,CZE,EU,2009,82.39,77.8,88.96,80.43
Czechia,CZE,EU,2010,82.76,78.39,88.3,81.59
Czechia,CZE,EU,2011,82.82,78.11,88.33,82.02
Czechia,CZE,EU,2012,83.6,79.07,88.72,83.01
Czechia,CZE,EU,2013,83.5,78.73,88.66,83.12
Czechia,CZE,EU,2014,84.86,82.66,89.02,82.91
Czechia,CZE,EU,2015,85.01,82.57,89.72,82.76
Czechia,CZE,EU,2016,85.26,82.74,90.22,82.82
Czechia,CZE,EU,2017,85.68,84.04,90.16,82.84
Czechia,CZE,EU,2018,84.88,82.69,89.54,82.42
Czechia,CZE,EU,2019,84.85,82.67,89.19,82.69
Czechia,CZE,EU,2020,85,82,89,84
Democratic Republic of the Congo,COD,AF,1981,27.28,18.69,49.66,10.73
Democratic Republic of the Congo,COD,AF,1982,26.97,18.08,50.05,9.98
Democratic Republic of the Congo,COD,AF,1983,27.55,18.52,51.49,9.72
Democratic Republic of the Congo,COD,AF,1984,29.66,23.14,52.83,9.77
Democratic Republic of the Congo,COD,AF,1985,30.65,24.62,54.5,9.39
Democratic Republic of the Congo,COD,AF,1986,30.83,23.83,55.76,9.44
Democratic Republic of the Congo,COD,AF,1987,30.74,25.54,53.98,9.24
Democratic Republic of the Congo,COD,AF,1988,29.61,24.85,51.59,9.09
Democratic Republic of the Congo,COD,AF,1989,29.63,25.92,49.91,9.91
Democratic Republic of the Congo,COD,AF,1990,29.62,25.77,50.06,9.9
Democratic Republic of the Congo,COD,AF,1991,30.32,24.59,52.06,11.29
Democratic Republic of the Congo,COD,AF,1992,30.48,25.12,51.82,11.52
Democratic Republic of the Congo,COD,AF,1993,29.73,23.61,51.94,10.65
Democratic Republic of the Congo,COD,AF,1994,30.94,26.84,51.91,10.93
Democratic Republic of the Congo,COD,AF,1995,31.55,28.88,51.71,10.83
Democratic Republic of the Congo,COD,AF,1996,31.67,29.24,51.81,10.72
Democratic Republic of the Congo,COD,AF,1997,32.95,30.83,53.79,10.8
Democratic Republic of the Congo,COD,AF,1998,32.71,30.5,53.61,10.64
Democratic Republic of the Congo,COD,AF,1999,33.38,30.45,54.66,11.71
Democratic Republic of the Congo,COD,AF,2000,31.66,26.05,53.42,12.63
Democratic Republic of the Congo,COD,AF,2001,34.05,31.07,53.57,14.59
Democratic Republic of the Congo,COD,AF,2002,33.69,28.11,53.94,16.46
Democratic Republic of the Congo,COD,AF,2003,34.87,30.35,53.66,18.13
Democratic Republic of the Congo,COD,AF,2004,35.24,31.42,53.29,18.59
Democratic Republic of the Congo,COD,AF,2005,36.27,33.96,53.24,19.1
Democratic Republic of the Congo,COD,AF,2006,36.53,31.97,54.74,20.57
Democratic Republic of the Congo,COD,AF,2007,41.06,33.83,64.87,21.67
Democratic Republic of the Congo,COD,AF,2008,42.6,35.55,66.51,22.91
Democratic Republic of the Congo,COD,AF,2009,43.73,38.79,65.78,23.76
Democratic Republic of the Congo,COD,AF,2010,43.85,39.19,65.08,24.51
Democratic Republic of the Congo,COD,AF,2011,44.54,39.09,65.17,26.79
Democratic Republic of the Congo,COD,AF,2012,43.8,35.33,65.75,28.02
Democratic Republic of the Congo,COD,AF,2013,45,38.33,65.47,28.85
Democratic Republic of the Congo,COD,AF,2014,45.06,34.9,68.64,29.33
Democratic Republic of the Congo,COD,AF,2015,46.16,33.52,69.76,33.33
Democratic Republic of the Congo,COD,AF,2016,45.06,31.41,68.63,33.44
Democratic Republic of the Congo,COD,AF,2017,45.25,31.91,68.36,33.83
Democratic Republic of the Congo,COD,AF,2018,44.54,33.69,68.54,30
Democratic Republic of the Congo,COD,AF,2019,43.74,32.18,68.3,29.35
Democratic Republic of the Congo,COD,AF,2020,45,33,68,32
Denmark,DNK,EU,1981,77.19,64.97,89.1,77.49
Denmark,DNK,EU,1982,77.22,64.73,89.28,77.66
Denmark,DNK,EU,1983,77.43,64.87,89.43,77.98
Denmark,DNK,EU,1984,77.14,66.5,87.17,77.76
Denmark,DNK,EU,1985,79.2,70.05,88.94,78.59
Denmark,DNK,EU,1986,78.18,67.36,88.92,78.26
Denmark,DNK,EU,1987,78.15,67.06,88.69,78.69
Denmark,DNK,EU,1988,79.14,71.11,87.15,79.17
Denmark,DNK,EU,1989,77.93,72.47,82.09,79.23
Denmark,DNK,EU,1990,78.67,73.38,83.22,79.41
Denmark,DNK,EU,1991,80.08,74.45,86.91,78.89
Denmark,DNK,EU,1992,81.05,74.8,89.29,79.08
Denmark,DNK,EU,1993,81.4,75.51,89.9,78.79
Denmark,DNK,EU,1994,82.3,76.37,91.1,79.43
Denmark,DNK,EU,1995,83.1,76.73,91.46,81.11
Denmark,DNK,EU,1996,83.14,77.77,91.4,80.25
Denmark,DNK,EU,1997,83.92,79.09,92.08,80.6
Denmark,DNK,EU,1998,84.42,79.77,91.84,81.65
Denmark,DNK,EU,1999,84.8,81.29,91.38,81.72
Denmark,DNK,EU,2000,86.82,84.87,91.82,83.77
Denmark,DNK,EU,2001,87.52,84.69,92.93,84.94
Denmark,DNK,EU,2002,86.91,82.59,92.32,85.82
Denmark,DNK,EU,2003,87.02,82.71,92.05,86.3
Denmark,DNK,EU,2004,86.87,82.59,92.58,85.43
Denmark,DNK,EU,2005,87.87,84.34,93.03,86.24
Denmark,DNK,EU,2006,88,84.17,92.82,87.02
Denmark,DNK,EU,2007,88.97,84.68,93.68,88.55
Denmark,DNK,EU,2008,88.78,84.24,93.5,88.61
Denmark,DNK,EU,2009,87.81,81.64,93.39,88.41
Denmark,DNK,EU,2010,88.32,82.18,94.04,88.74
Denmark,DNK,EU,2011,88.47,82.26,93.9,89.25
Denmark,DNK,EU,2012,87.94,81.77,92.69,89.37
Denmark,DNK,EU,2013,88.2,82.27,93.02,89.31
Denmark,DNK,EU,2014,88.84,83.94,93.27,89.3
Denmark,DNK,EU,2015,89.01,84,93.33,89.71
Denmark,DNK,EU,2016,89.2,83.89,93.77,89.93
Denmark,DNK,EU,2017,89.28,84.46,93.77,89.6
Denmark,DNK,EU,2018,87.96,84.35,92.63,86.9
Denmark,DNK,EU,2019,87.8,84.53,92.1,86.78
Denmark,DNK,EU,2020,88,84,93,87
Djibouti,DJI,AF,1981,37.41,56.45,23.73,37.66
Djibouti,DJI,AF,1982,37.49,57.7,23.33,37.38
Djibouti,DJI,AF,1983,37.38,57.45,23.31,37.29
Djibouti,DJI,AF,1984,36.68,57.38,21.98,36.83
Djibouti,DJI,AF,1985,36.39,56.75,21.98,36.48
Djibouti,DJI,AF,1986,36.31,56.75,21.97,36.26
Djibouti,DJI,AF,1987,36.68,57.44,22.54,36.09
Djibouti,DJI,AF,1988,36.59,57.19,22.54,35.95
Djibouti,DJI,AF,1989,36.64,56.04,22.66,36.81
Djibouti,DJI,AF,1990,36.78,56.05,22.95,36.85
Djibouti,DJI,AF,1991,37.14,55.34,24.53,36.68
Djibouti,DJI,AF,1992,36.55,55.35,24.03,35.49
Djibouti,DJI,AF,1993,36.77,55.58,24.2,35.68
Djibouti,DJI,AF,1994,40.61,53.3,35.37,36.25
Djibouti,DJI,AF,1995,41.75,53.37,38.08,36.48
Djibouti,DJI,AF,1996,42.07,53.14,38.95,36.58
Djibouti,DJI,AF,1997,36.53,52.19,25.55,36.08
Djibouti,DJI,AF,1998,36.95,53.21,25.67,36.36
Djibouti,DJI,AF,1999,36.84,52.51,26.77,35.41
Djibouti,DJI,AF,2000,36.76,50.45,26.8,36.84
Djibouti,DJI,AF,2001,38.79,49.24,32.43,37.51
Djibouti,DJI,AF,2002,39.15,49.49,31.86,39.01
Djibouti,DJI,AF,2003,40.76,52.72,33.13,39.72
Djibouti,DJI,AF,2004,45.95,52.83,45.23,41.24
Djibouti,DJI,AF,2005,46.44,52.84,46.05,41.72
Djibouti,DJI,AF,2006,48.97,55.11,50.22,42.62
Djibouti,DJI,AF,2007,49.84,58.07,50.03,42.98
Djibouti,DJI,AF,2008,51.33,60.64,50.56,44.64
Djibouti,DJI,AF,2009,51.69,58.58,51.02,46.84
Djibouti,DJI,AF,2010,51.62,55.84,52.06,47.7
Djibouti,DJI,AF,2011,52.58,58.93,52.07,47.96
Djibouti,DJI,AF,2012,53.04,59.29,52.61,48.41
Djibouti,DJI,AF,2013,54.12,62.04,53.18,48.72
Djibouti,DJI,AF,2014,54.71,61.52,54.47,49.43
Djibouti,DJI,AF,2015,55.06,61.11,55.15,50
Djibouti,DJI,AF,2016,54.62,58.64,55.63,50.19
Djibouti,DJI,AF,2017,55.27,59.3,55.94,51.23
Djibouti,DJI,AF,2018,57.02,66.71,54.88,51.59
Djibouti,DJI,AF,2019,56.78,68.28,54.54,50
Djibouti,DJI,AF,2020,57,68,55,50
Dominica,DMA,NA,1981,35.68,31.17,12.26,65.69
Dominica,DMA,NA,1982,35.65,34.33,12.26,62.78
Dominica,DMA,NA,1983,36.21,34.49,13.62,62.76
Dominica,DMA,NA,1984,37.01,36.48,14.21,62.76
Dominica,DMA,NA,1985,36.57,34.93,14.22,62.76
Dominica,DMA,NA,1986,40.32,42.92,18.77,61.94
Dominica,DMA,NA,1987,42.2,45.43,22.01,61.74
Dominica,DMA,NA,1988,42.9,47.08,22.62,61.7
Dominica,DMA,NA,1989,43.53,48.38,22.67,62.39
Dominica,DMA,NA,1990,44.24,49.77,22.93,62.98
Dominica,DMA,NA,1991,45.08,48.39,25.09,64.3
Dominica,DMA,NA,1992,45.55,47.87,25.05,66.22
Dominica,DMA,NA,1993,45.84,46.62,25.4,67.78
Dominica,DMA,NA,1994,46.7,47.85,25.58,69.09
Dominica,DMA,NA,1995,48.14,51.31,26.67,69.12
Dominica,DMA,NA,1996,47.45,48.03,26.88,69.75
Dominica,DMA,NA,1997,48.02,47.89,27.42,70.98
Dominica,DMA,NA,1998,49.55,53.09,27.23,71.17
Dominica,DMA,NA,1999,48.69,49.62,27.58,71.28
Dominica,DMA,NA,2000,49.5,51.28,27.92,71.87
Dominica,DMA,NA,2001,48.73,48.11,28.12,72.17
Dominica,DMA,NA,2002,48.99,48.36,28.69,72.09
Dominica,DMA,NA,2003,49.73,48.63,29.62,73.05
Dominica,DMA,NA,2004,54.46,50.31,40.78,73.32
Dominica,DMA,NA,2005,52.53,55.79,29.98,74.74
Dominica,DMA,NA,2006,52.39,55.53,30.18,74.35
Dominica,DMA,NA,2007,53.15,57.77,30.74,74.05
Dominica,DMA,NA,2008,55.58,66.15,31.09,73.56
Dominica,DMA,NA,2009,54.61,60.64,31.47,75.14
Dominica,DMA,NA,2010,54.91,61.34,31.14,75.8
Dominica,DMA,NA,2011,55.17,60.94,31.17,76.92
Dominica,DMA,NA,2012,56.38,61.83,34.09,76.51
Dominica,DMA,NA,2013,56.84,63.52,33.93,76.6
Dominica,DMA,NA,2014,58.39,67.46,33.62,78.15
Dominica,DMA,NA,2015,58.46,67.59,34.52,77.24
Dominica,DMA,NA,2016,57.91,66.62,34.35,76.68
Dominica,DMA,NA,2017,56.95,63.38,34.36,76.69
Dominica,DMA,NA,2018,54.08,56.8,32.12,76.35
Dominica,DMA,NA,2019,52.76,56.5,31.62,73.22
Dominica,DMA,NA,2020,51,55,31,71
Dominican Republic,DOM,NA,1981,37.52,24.49,42.97,45.1
Dominican Republic,DOM,NA,1982,36.22,22.17,41.75,44.76
Dominican Republic,DOM,NA,1983,36.98,21.99,44.36,44.6
Dominican Republic,DOM,NA,1984,36.04,19.49,44.15,44.46
Dominican Republic,DOM,NA,1985,40.97,33.82,44.41,44.68
Dominican Republic,DOM,NA,1986,40.48,31.59,45.02,44.84
Dominican Republic,DOM,NA,1987,41.21,34.54,43.85,45.23
Dominican Republic,DOM,NA,1988,41.83,37.62,42.68,45.19
Dominican Republic,DOM,NA,1989,41.16,37.02,40.98,45.48
Dominican Republic,DOM,NA,1990,40.46,34.75,41.1,45.52
Dominican Republic,DOM,NA,1991,39.87,31.43,42.53,45.64
Dominican Republic,DOM,NA,1992,40,31.61,42.58,45.8
Dominican Republic,DOM,NA,1993,41.56,36.02,42.72,45.93
Dominican Republic,DOM,NA,1994,40.34,33.67,41.88,45.48
Dominican Republic,DOM,NA,1995,41.74,37.93,42.19,45.1
Dominican Republic,DOM,NA,1996,44.06,35.82,48.14,48.22
Dominican Republic,DOM,NA,1997,44.49,35.99,48,49.49
Dominican Republic,DOM,NA,1998,45.2,36.62,48.31,50.67
Dominican Republic,DOM,NA,1999,47,38.4,50.09,52.5
Dominican Republic,DOM,NA,2000,51.47,39.09,61.13,54.2
Dominican Republic,DOM,NA,2001,54.55,45.48,62.52,55.64
Dominican Republic,DOM,NA,2002,52.8,45.77,52.95,59.69
Dominican Republic,DOM,NA,2003,56.84,56.42,53.95,60.16
Dominican Republic,DOM,NA,2004,59.44,55.4,64.75,58.16
Dominican Republic,DOM,NA,2005,59.22,53.63,64.88,59.16
Dominican Republic,DOM,NA,2006,61.9,58.51,67.41,59.78
Dominican Republic,DOM,NA,2007,63.6,59.08,68.87,62.86
Dominican Republic,DOM,NA,2008,60.55,58.53,59.54,63.57
Dominican Republic,DOM,NA,2009,60.57,55.87,60.25,65.58
Dominican Republic,DOM,NA,2010,62.16,56.66,61.25,68.58
Dominican Republic,DOM,NA,2011,62.74,57.22,61.55,69.46
Dominican Republic,DOM,NA,2012,62.86,56.8,62.2,69.59
Dominican Republic,DOM,NA,2013,66.15,57.64,71,69.8
Dominican Republic,DOM,NA,2014,66.58,58.82,71.13,69.78
Dominican Republic,DOM,NA,2015,63.64,57.57,63.24,70.1
Dominican Republic,DOM,NA,2016,66.66,56.53,72.37,71.08
Dominican Republic,DOM,NA,2017,67,56.24,73.37,71.39
Dominican Republic,DOM,NA,2018,65.31,51.49,71.11,73.33
Dominican Republic,DOM,NA,2019,65.14,51.98,70.68,72.75
Dominican Republic,DOM,NA,2020,65,51,71,73
Ecuador,ECU,SA,1981,44.14,32.53,60.78,39.1
Ecuador,ECU,SA,1982,43.89,31.58,61.32,38.77
Ecuador,ECU,SA,1983,44.82,32.63,62.95,38.87
Ecuador,ECU,SA,1984,45.41,34.26,62.76,39.22
Ecuador,ECU,SA,1985,45.59,34.55,64.17,38.05
Ecuador,ECU,SA,1986,45.91,35.56,64.43,37.75
Ecuador,ECU,SA,1987,45.56,37.3,61.9,37.48
Ecuador,ECU,SA,1988,45.37,38.48,58.55,39.08
Ecuador,ECU,SA,1989,44.42,38.55,55.88,38.81
Ecuador,ECU,SA,1990,44.86,38.7,56.38,39.49
Ecuador,ECU,SA,1991,47.72,38.35,67.04,37.76
Ecuador,ECU,SA,1992,48.99,38.04,68.13,40.79
Ecuador,ECU,SA,1993,50.57,41.42,67.88,42.41
Ecuador,ECU,SA,1994,50.98,41.69,67.28,43.96
Ecuador,ECU,SA,1995,48.82,41.99,60.13,44.34
Ecuador,ECU,SA,1996,49.28,41.64,61.46,44.75
Ecuador,ECU,SA,1997,54.06,42.06,72.16,47.96
Ecuador,ECU,SA,1998,52.16,44.38,62.74,49.36
Ecuador,ECU,SA,1999,54.58,49.71,62.96,51.08
Ecuador,ECU,SA,2000,55.58,51.41,63.07,52.25
Ecuador,ECU,SA,2001,54.65,47.51,63.2,53.23
Ecuador,ECU,SA,2002,55.21,39.26,72.19,54.19
Ecuador,ECU,SA,2003,56.32,39.14,73.29,56.52
Ecuador,ECU,SA,2004,58.17,41.76,75.78,56.97
Ecuador,ECU,SA,2005,59.12,41.96,77.09,58.33
Ecuador,ECU,SA,2006,59.7,42.01,77.58,59.51
Ecuador,ECU,SA,2007,60.65,42.88,78.44,60.64
Ecuador,ECU,SA,2008,60.94,41.27,77.68,63.86
Ecuador,ECU,SA,2009,60.93,38.52,78,66.28
Ecuador,ECU,SA,2010,61.31,39.47,77.66,66.81
Ecuador,ECU,SA,2011,61.02,38.64,77.62,66.79
Ecuador,ECU,SA,2012,61.21,38.41,77.75,67.47
Ecuador,ECU,SA,2013,62.08,40.99,77.71,67.53
Ecuador,ECU,SA,2014,60.43,35.26,77.91,68.13
Ecuador,ECU,SA,2015,60.48,35.54,77.91,68.01
Ecuador,ECU,SA,2016,59.86,35.57,77.25,66.75
Ecuador,ECU,SA,2017,61.72,41.6,77.12,66.43
Ecuador,ECU,SA,2018,60.05,39.02,77.22,63.92
Ecuador,ECU,SA,2019,59.24,39.42,77.4,60.9
Ecuador,ECU,SA,2020,59,37,77,62
Egypt,EGY,AF,1981,47.71,47.43,70.74,24.97
Egypt,EGY,AF,1982,47.02,45.72,70.34,25.01
Egypt,EGY,AF,1983,48.53,46.05,74.1,25.43
Egypt,EGY,AF,1984,48.84,45.34,74.95,26.25
Egypt,EGY,AF,1985,48.4,43.43,75.22,26.53
Egypt,EGY,AF,1986,48.69,44.19,75.3,26.57
Egypt,EGY,AF,1987,49.24,46.94,73.98,26.81
Egypt,EGY,AF,1988,50.54,53.03,72.02,26.58
Egypt,EGY,AF,1989,51.34,51.3,75.87,26.84
Egypt,EGY,AF,1990,50.66,48.38,76.03,27.57
Egypt,EGY,AF,1991,53.92,53.22,81.52,27.02
Egypt,EGY,AF,1992,54.93,53.9,83.36,27.53
Egypt,EGY,AF,1993,55.29,52.26,85.84,27.77
Egypt,EGY,AF,1994,57.87,56.47,87,30.12
Egypt,EGY,AF,1995,57.9,55.46,86.97,31.28
Egypt,EGY,AF,1996,57.81,55.44,86.3,31.7
Egypt,EGY,AF,1997,58.31,54.75,87.04,33.15
Egypt,EGY,AF,1998,58.92,54.83,87.58,34.36
Egypt,EGY,AF,1999,60.02,55.2,88.64,36.21
Egypt,EGY,AF,2000,60.28,54.62,88.56,37.65
Egypt,EGY,AF,2001,60.62,55.12,88.56,38.18
Egypt,EGY,AF,2002,59.6,51.38,88.24,39.2
Egypt,EGY,AF,2003,59.87,51.26,88.5,39.84
Egypt,EGY,AF,2004,61.97,55.57,88.15,42.19
Egypt,EGY,AF,2005,64.37,59.26,88.91,44.94
Egypt,EGY,AF,2006,65.84,60.49,90.29,46.73
Egypt,EGY,AF,2007,67.43,62.93,90.66,48.71
Egypt,EGY,AF,2008,68.77,60.66,90.78,54.88
Egypt,EGY,AF,2009,67.85,55.9,91.52,56.13
Egypt,EGY,AF,2010,68.32,56.39,91.96,56.62
Egypt,EGY,AF,2011,67.67,53.31,92.15,57.55
Egypt,EGY,AF,2012,66.95,49.74,92.06,59.05
Egypt,EGY,AF,2013,65.87,43.79,91.92,61.91
Egypt,EGY,AF,2014,66.19,44.52,91.46,62.59
Egypt,EGY,AF,2015,64.06,38.5,91.52,62.16
Egypt,EGY,AF,2016,63.93,37.57,91.83,62.39
Egypt,EGY,AF,2017,66.76,45.63,91.83,62.81
Egypt,EGY,AF,2018,68.34,51.02,91.47,62.51
Egypt,EGY,AF,2019,68.05,49.43,91.48,63.23
Egypt,EGY,AF,2020,66,44,91,63
El Salvador,SLV,NA,1981,40.46,38.36,44.39,38.62
El Salvador,SLV,NA,1982,40.38,38.33,44.53,38.27
El Salvador,SLV,NA,1983,41.1,39.31,45.54,38.45
El Salvador,SLV,NA,1984,41.38,39.63,45.37,39.13
El Salvador,SLV,NA,1985,41.29,39.34,46.18,38.35
El Salvador,SLV,NA,1986,41.02,38.46,45.82,38.76
El Salvador,SLV,NA,1987,40.64,38.68,44.26,38.99
El Salvador,SLV,NA,1988,40.02,37.92,42.89,39.24
El Salvador,SLV,NA,1989,39.22,38.3,41.16,38.19
El Salvador,SLV,NA,1990,39.03,37.23,41.31,38.54
El Salvador,SLV,NA,1991,38.59,35.83,41.8,38.15
El Salvador,SLV,NA,1992,42.07,38.37,46.7,41.13
El Salvador,SLV,NA,1993,43.02,40.66,47.15,41.25
El Salvador,SLV,NA,1994,43.05,39.55,47.04,42.56
El Salvador,SLV,NA,1995,47.24,41.65,57.64,42.44
El Salvador,SLV,NA,1996,50.2,46.18,62.31,42.12
El Salvador,SLV,NA,1997,51.25,50.15,62.79,40.81
El Salvador,SLV,NA,1998,53.59,52.86,63.28,44.63
El Salvador,SLV,NA,1999,55.47,54.98,64.79,46.63
El Salvador,SLV,NA,2000,56.18,55.56,65.69,47.29
El Salvador,SLV,NA,2001,58.75,61.13,66.56,48.55
El Salvador,SLV,NA,2002,58.9,60.05,67.6,49.06
El Salvador,SLV,NA,2003,59.45,61.09,67.32,49.94
El Salvador,SLV,NA,2004,60.53,61.49,68.68,51.42
El Salvador,SLV,NA,2005,61.95,62.06,69.14,54.65
El Salvador,SLV,NA,2006,63.54,63.33,71.53,55.77
El Salvador,SLV,NA,2007,66.49,65.51,72.54,61.41
El Salvador,SLV,NA,2008,65.88,64.69,72.98,59.97
El Salvador,SLV,NA,2009,65.22,62.19,73.39,60.07
El Salvador,SLV,NA,2010,65.11,60.44,74.42,60.48
El Salvador,SLV,NA,2011,65.28,59.21,74.58,62.04
El Salvador,SLV,NA,2012,65.44,58.36,74.69,63.28
El Salvador,SLV,NA,2013,66.19,60.03,74.61,63.94
El Salvador,SLV,NA,2014,68.09,65.82,74.74,63.71
El Salvador,SLV,NA,2015,67.19,61.13,75.8,64.62
El Salvador,SLV,NA,2016,67,61.24,75.9,63.87
El Salvador,SLV,NA,2017,67.25,61.96,75.38,64.42
El Salvador,SLV,NA,2018,65.04,57.83,73.35,63.94
El Salvador,SLV,NA,2019,64.92,58.27,73.35,63.14
El Salvador,SLV,NA,2020,65,58,74,63
Equatorial Guinea,GNQ,AF,1981,29.01,50.97,13.82,25.75
Equatorial Guinea,GNQ,AF,1982,28.75,50.18,13.81,25.84
Equatorial Guinea,GNQ,AF,1983,31.43,53.29,18.11,25.66
Equatorial Guinea,GNQ,AF,1984,31.85,54.74,18.12,25.59
Equatorial Guinea,GNQ,AF,1985,31.38,53.93,18.33,24.55
Equatorial Guinea,GNQ,AF,1986,32.65,57.16,18.93,24.55
Equatorial Guinea,GNQ,AF,1987,32.41,56.3,18.95,24.55
Equatorial Guinea,GNQ,AF,1988,33.1,58.29,18.78,25.02
Equatorial Guinea,GNQ,AF,1989,33.38,58.67,19.17,24.94
Equatorial Guinea,GNQ,AF,1990,33.18,56.79,19.98,25.11
Equatorial Guinea,GNQ,AF,1991,34.72,60.15,21.33,24.82
Equatorial Guinea,GNQ,AF,1992,33.32,55.02,21.29,25.69
Equatorial Guinea,GNQ,AF,1993,34.04,56.92,22.21,24.64
Equatorial Guinea,GNQ,AF,1994,34.61,58.85,22.21,24.3
Equatorial Guinea,GNQ,AF,1995,37.86,69.21,22.22,23.81
Equatorial Guinea,GNQ,AF,1996,36.98,65.69,22.83,23.8
Equatorial Guinea,GNQ,AF,1997,37.26,65.09,23.4,24.75
Equatorial Guinea,GNQ,AF,1998,37.77,65.92,23.4,25.68
Equatorial Guinea,GNQ,AF,1999,37.19,63.68,23.94,25.52
Equatorial Guinea,GNQ,AF,2000,37.07,62.85,23.91,26.24
Equatorial Guinea,GNQ,AF,2001,38.19,63.24,24.09,29.74
Equatorial Guinea,GNQ,AF,2002,38.97,64.13,24.27,31.41
Equatorial Guinea,GNQ,AF,2003,39.93,63.22,26.02,33.4
Equatorial Guinea,GNQ,AF,2004,40.04,62.74,25.49,35.11
Equatorial Guinea,GNQ,AF,2005,39.6,60.49,25.85,35.52
Equatorial Guinea,GNQ,AF,2006,40.4,60.52,27.76,35.59
Equatorial Guinea,GNQ,AF,2007,40.77,60.94,27.99,36.1
Equatorial Guinea,GNQ,AF,2008,40.4,58.91,28.57,36.25
Equatorial Guinea,GNQ,AF,2009,42.16,61.24,29.99,37.85
Equatorial Guinea,GNQ,AF,2010,43.35,61.45,30.74,40.81
Equatorial Guinea,GNQ,AF,2011,43.79,61.13,30.98,42.42
Equatorial Guinea,GNQ,AF,2012,44.19,62.11,31.41,42.12
Equatorial Guinea,GNQ,AF,2013,44.24,62.27,31.47,42.07
Equatorial Guinea,GNQ,AF,2014,43.71,61.32,30.99,41.94
Equatorial Guinea,GNQ,AF,2015,44.82,63.29,32.12,42.13
Equatorial Guinea,GNQ,AF,2016,44.75,61.86,33.06,42.16
Equatorial Guinea,GNQ,AF,2017,44.96,61.51,34,42.05
Equatorial Guinea,GNQ,AF,2018,46.11,63.63,34.71,42.43
Equatorial Guinea,GNQ,AF,2019,45.15,61.76,34.42,41.54
Equatorial Guinea,GNQ,AF,2020,44,59,34,40
Eritrea,ERI,AF,1993,19.2,34.95,8.21,18.78
Eritrea,ERI,AF,1994,22.34,38.74,12.47,20
Eritrea,ERI,AF,1995,22.41,36.73,13.1,21.12
Eritrea,ERI,AF,1996,25.09,43.78,14.47,21.59
Eritrea,ERI,AF,1997,26.91,44.92,17.99,22.02
Eritrea,ERI,AF,1998,25.52,42.77,16.36,21.59
Eritrea,ERI,AF,1999,26.66,47.49,16.54,20.84
Eritrea,ERI,AF,2000,26.37,44.47,16.73,22.38
Eritrea,ERI,AF,2001,25.03,38.68,18.25,21.49
Eritrea,ERI,AF,2002,27.37,45.99,18.75,21.84
Eritrea,ERI,AF,2003,29.23,41.35,26.03,22.83
Eritrea,ERI,AF,2004,28.62,38.31,26.22,23.28
Eritrea,ERI,AF,2005,28.86,38.21,26.59,23.63
Eritrea,ERI,AF,2006,29.75,39.68,26.65,24.99
Eritrea,ERI,AF,2007,29.78,37.61,27.23,26.13
Eritrea,ERI,AF,2008,30,38.37,27.45,25.9
Eritrea,ERI,AF,2009,29.72,37.4,27.5,25.81
Eritrea,ERI,AF,2010,29.78,36.91,27.39,26.55
Eritrea,ERI,AF,2011,30.79,39.67,27.45,27.2
Eritrea,ERI,AF,2012,30,36.3,27.88,27.16
Eritrea,ERI,AF,2013,32.25,38.42,27.95,32.04
Eritrea,ERI,AF,2014,29.81,36.65,26.37,28.04
Eritrea,ERI,AF,2015,30.4,37.2,27.32,28.28
Eritrea,ERI,AF,2016,30.38,36.87,27.53,28.24
Eritrea,ERI,AF,2017,30.33,36.35,27.55,28.52
Eritrea,ERI,AF,2018,30.99,38.19,28.48,27.91
Eritrea,ERI,AF,2019,30.88,37.46,28.52,28.14
Eritrea,ERI,AF,2020,31,37,29,29
Estonia,EST,EU,1991,46.98,60.85,22.66,57.42
Estonia,EST,EU,1992,52.11,67.43,31.24,57.67
Estonia,EST,EU,1993,54.83,69.34,34.57,60.58
Estonia,EST,EU,1994,56.92,69.77,38.39,62.58
Estonia,EST,EU,1995,62.7,72.24,51.84,64.01
Estonia,EST,EU,1996,65.42,76.22,53.71,66.34
Estonia,EST,EU,1997,69.54,81.94,58.3,68.38
Estonia,EST,EU,1998,70.26,82.26,58.42,70.12
Estonia,EST,EU,1999,71.19,82.28,59.93,71.37
Estonia,EST,EU,2000,72.72,82.94,61.69,73.53
Estonia,EST,EU,2001,74,84.12,63.5,74.39
Estonia,EST,EU,2002,73.68,82.05,64.24,74.75
Estonia,EST,EU,2003,74.83,82.95,65.32,76.21
Estonia,EST,EU,2004,77.34,86.36,68.55,77.09
Estonia,EST,EU,2005,77.35,85.89,69.46,76.71
Estonia,EST,EU,2006,78.34,86.18,70.89,77.97
Estonia,EST,EU,2007,79.71,86.04,72.09,81
Estonia,EST,EU,2008,80.43,85.47,74.23,81.58
Estonia,EST,EU,2009,80.11,84.46,74.46,81.41
Estonia,EST,EU,2010,80.71,85.38,74.52,82.23
Estonia,EST,EU,2011,82.08,85.62,76.36,84.27
Estonia,EST,EU,2012,82.56,86.03,76.87,84.8
Estonia,EST,EU,2013,82.73,85.57,77.17,85.46
Estonia,EST,EU,2014,82.99,85.94,77.67,85.36
Estonia,EST,EU,2015,83.71,85.95,79.3,85.88
Estonia,EST,EU,2016,83.64,86.14,79.9,84.87
Estonia,EST,EU,2017,83.89,86.27,80.05,85.34
Estonia,EST,EU,2018,82.91,85.62,78.63,84.47
Estonia,EST,EU,2019,82.58,86.13,78.49,83.13
Estonia,EST,EU,2020,82,86,77,84
Ethiopia,ETH,AF,1981,20.11,15.75,39.1,5.48
Ethiopia,ETH,AF,1982,20.59,16.85,39.26,5.67
Ethiopia,ETH,AF,1983,20.58,16.4,39.49,5.86
Ethiopia,ETH,AF,1984,20.68,16.91,39.13,5.99
Ethiopia,ETH,AF,1985,21.15,17.38,39.74,6.31
Ethiopia,ETH,AF,1986,21.39,17.86,40.35,5.96
Ethiopia,ETH,AF,1987,21.41,17.67,40.38,6.17
Ethiopia,ETH,AF,1988,21.15,16.81,40.4,6.24
Ethiopia,ETH,AF,1989,21.05,16.57,40.27,6.32
Ethiopia,ETH,AF,1990,21.27,16.69,40.58,6.54
Ethiopia,ETH,AF,1991,21.96,15.75,42.01,8.13
Ethiopia,ETH,AF,1992,23.1,18.2,42.09,9.02
Ethiopia,ETH,AF,1993,22.7,17.83,42.05,8.23
Ethiopia,ETH,AF,1994,28.31,23.02,52.73,9.18
Ethiopia,ETH,AF,1995,29.12,24.42,53.69,9.26
Ethiopia,ETH,AF,1996,25.22,23.34,42.71,9.61
Ethiopia,ETH,AF,1997,27.48,23.42,49.07,9.97
Ethiopia,ETH,AF,1998,29.45,26.12,51.21,11.01
Ethiopia,ETH,AF,1999,29.88,26.77,52.19,10.67
Ethiopia,ETH,AF,2000,30.48,26.71,53.86,10.88
Ethiopia,ETH,AF,2001,31.82,29.1,54.29,12.07
Ethiopia,ETH,AF,2002,32.29,29.68,54.15,13.02
Ethiopia,ETH,AF,2003,37.88,34.93,65.56,13.16
Ethiopia,ETH,AF,2004,39.48,34.2,69.58,14.67
Ethiopia,ETH,AF,2005,40.43,34.9,71.41,14.98
Ethiopia,ETH,AF,2006,40.74,33.06,73.06,16.1
Ethiopia,ETH,AF,2007,41.11,30.86,73.99,18.48
Ethiopia,ETH,AF,2008,42.28,29.62,74.18,23.02
Ethiopia,ETH,AF,2009,41.84,27.02,74.33,24.18
Ethiopia,ETH,AF,2010,43.33,30.22,74.82,24.94
Ethiopia,ETH,AF,2011,44.55,31.57,75.63,26.44
Ethiopia,ETH,AF,2012,44.22,29.03,76.22,27.42
Ethiopia,ETH,AF,2013,44.41,28.42,76.32,28.5
Ethiopia,ETH,AF,2014,45.27,30.03,76.46,29.3
Ethiopia,ETH,AF,2015,45.19,28.18,77.16,30.24
Ethiopia,ETH,AF,2016,44.73,26.99,77.7,29.5
Ethiopia,ETH,AF,2017,44.63,26.58,78.04,29.28
Ethiopia,ETH,AF,2018,45.47,31.07,77.06,28.29
Ethiopia,ETH,AF,2019,46.4,46.47,39.07,53.66
Ethiopia,ETH,AF,2020,46,47,39,53
Faroe Islands,FRO,EU,1981,32.82,,2.18,74.58
Faroe Islands,FRO,EU,1982,32.64,,2.18,74.2
Faroe Islands,FRO,EU,1983,32.84,,2.19,73.81
Faroe Islands,FRO,EU,1984,32.83,,2.19,73.5
Faroe Islands,FRO,EU,1985,33.18,,2.19,73.29
Faroe Islands,FRO,EU,1986,33.19,,2.2,73.08
Faroe Islands,FRO,EU,1987,33.03,,2.21,73.05
Faroe Islands,FRO,EU,1988,33.2,,2.21,73.03
Faroe Islands,FRO,EU,1989,32.88,,2.21,73.05
Faroe Islands,FRO,EU,1990,32.79,,2.39,73.05
Faroe Islands,FRO,EU,1991,32.87,,2.38,73.18
Faroe Islands,FRO,EU,1992,35.56,,2.17,73.52
Faroe Islands,FRO,EU,1993,35.33,,2.15,73
Faroe Islands,FRO,EU,1994,35.43,,2.13,73.08
Faroe Islands,FRO,EU,1995,34.66,,2.12,72.68
Faroe Islands,FRO,EU,1996,34.38,,2.11,71.51
Faroe Islands,FRO,EU,1997,34.55,,2.1,71.92
Faroe Islands,FRO,EU,1998,35.01,,2.09,73.08
Faroe Islands,FRO,EU,1999,35.95,,2.28,74.2
Faroe Islands,FRO,EU,2000,37.76,,2.28,74.99
Faroe Islands,FRO,EU,2001,37.6,,2.28,75.63
Faroe Islands,FRO,EU,2002,37.96,,2.29,76.64
Faroe Islands,FRO,EU,2003,38.6,,3.02,78.28
Faroe Islands,FRO,EU,2004,38.06,,3.21,79.51
Faroe Islands,FRO,EU,2005,40.17,,3.56,79.85
Faroe Islands,FRO,EU,2006,40.49,,3.93,80.64
Faroe Islands,FRO,EU,2007,41.93,,3.93,83.39
Faroe Islands,FRO,EU,2008,42.31,,4.3,84.25
Faroe Islands,FRO,EU,2009,41.53,,3.93,83.95
Faroe Islands,FRO,EU,2010,41.95,,3.93,84.6
Faroe Islands,FRO,EU,2011,42.58,,4.31,84.65
Faroe Islands,FRO,EU,2012,42.95,,4.31,84.98
Faroe Islands,FRO,EU,2013,42.99,,4.32,85.01
Faroe Islands,FRO,EU,2014,42.96,,4.33,85.22
Faroe Islands,FRO,EU,2015,42.9,,4.34,85
Faroe Islands,FRO,EU,2016,42.99,,4.34,84.87
Faroe Islands,FRO,EU,2017,42.92,,4.35,84.78
Faroe Islands,FRO,EU,2018,42.36,,4.01,84.2
Faroe Islands,FRO,EU,2019,42.04,74,4,83.74
Faroe Islands,FRO,EU,2020,42,,4,82
Fiji,FJI,OC,1981,41.56,43.07,36.47,45.31
Fiji,FJI,OC,1982,41.59,42.82,36.64,45.48
Fiji,FJI,OC,1983,41.86,42.53,37.74,45.49
Fiji,FJI,OC,1984,41.4,41.39,37.3,45.73
Fiji,FJI,OC,1985,42.3,43.19,37.99,45.89
Fiji,FJI,OC,1986,41.87,41.31,38.29,46.2
Fiji,FJI,OC,1987,42.01,42.72,39.42,43.99
Fiji,FJI,OC,1988,43.38,43.9,41.36,44.95
Fiji,FJI,OC,1989,44.56,45.36,43.34,45.01
Fiji,FJI,OC,1990,44.06,44.33,40.41,47.6
Fiji,FJI,OC,1991,43.49,43.25,40.36,47.02
Fiji,FJI,OC,1992,44.96,46.24,40.58,48.2
Fiji,FJI,OC,1993,45.13,45.72,42.43,47.34
Fiji,FJI,OC,1994,46.46,46.55,44.2,48.74
Fiji,FJI,OC,1995,47.28,46.85,44.82,50.3
Fiji,FJI,OC,1996,46.56,43.02,44.73,52.18
Fiji,FJI,OC,1997,46.97,42.21,45.85,53.13
Fiji,FJI,OC,1998,47.79,43.35,46.05,54.27
Fiji,FJI,OC,1999,48.18,42.09,47.74,55.02
Fiji,FJI,OC,2000,49.03,41.09,49.34,57.04
Fiji,FJI,OC,2001,50.95,43.79,49.43,60.05
Fiji,FJI,OC,2002,51.53,43.47,49.48,62.17
Fiji,FJI,OC,2003,54.16,49.81,50.45,62.65
Fiji,FJI,OC,2004,53.19,48.63,48.93,62.48
Fiji,FJI,OC,2005,54.5,51.8,48.76,63.41
Fiji,FJI,OC,2006,55.24,53.31,49.6,63.22
Fiji,FJI,OC,2007,54.86,52.16,49.82,63.04
Fiji,FJI,OC,2008,56.38,53.01,49.88,66.78
Fiji,FJI,OC,2009,55.93,53.05,50.61,64.6
Fiji,FJI,OC,2010,57.59,55.6,51.37,66.29
Fiji,FJI,OC,2011,57.44,54.26,51.4,67.19
Fiji,FJI,OC,2012,58.41,55.2,52.15,68.42
Fiji,FJI,OC,2013,58.27,54.62,52.02,68.75
Fiji,FJI,OC,2014,58.63,55.05,52.07,69.35
Fiji,FJI,OC,2015,58.55,54.25,52.69,69.29
Fiji,FJI,OC,2016,58.12,53.76,52.82,68.33
Fiji,FJI,OC,2017,58.04,53.56,52.8,68.33
Fiji,FJI,OC,2018,57.24,52.11,50.92,69.8
Fiji,FJI,OC,2019,56.93,52.07,50.9,68.87
Fiji,FJI,OC,2020,55,49,51,68
Finland,FIN,EU,1981,68.68,58.44,79.23,68.38
Finland,FIN,EU,1982,70.68,58.44,84.06,69.55
Finland,FIN,EU,1983,70.63,58.8,84.45,68.65
Finland,FIN,EU,1984,71.93,60.43,84.64,70.72
Finland,FIN,EU,1985,73.08,62.11,86.14,70.99
Finland,FIN,EU,1986,72.56,59.23,86.77,71.69
Finland,FIN,EU,1987,73.4,61,86.68,72.52
Finland,FIN,EU,1988,72.57,60.57,84.39,72.75
Finland,FIN,EU,1989,71.01,61.37,78.01,73.64
Finland,FIN,EU,1990,71.78,62.55,78.99,73.8
Finland,FIN,EU,1991,74.67,64,85.69,74.33
Finland,FIN,EU,1992,75.71,65.85,86.9,74.38
Finland,FIN,EU,1993,77.56,70.14,88.47,74.06
Finland,FIN,EU,1994,78.55,71.49,89.08,75.08
Finland,FIN,EU,1995,79.45,72.2,89.57,76.59
Finland,FIN,EU,1996,80.69,73.02,90.25,78.8
Finland,FIN,EU,1997,81.82,75.72,90.73,79
Finland,FIN,EU,1998,82.29,76.68,90.61,79.58
Finland,FIN,EU,1999,82.75,77.57,90.95,79.73
Finland,FIN,EU,2000,84.59,82.08,91.08,80.62
Finland,FIN,EU,2001,85.06,82.02,91.62,81.53
Finland,FIN,EU,2002,83.9,79.3,90.27,82.13
Finland,FIN,EU,2003,84.31,79.74,91,82.18
Finland,FIN,EU,2004,85.4,80.75,93.52,81.93
Finland,FIN,EU,2005,84.55,81.6,89.99,82.06
Finland,FIN,EU,2006,85.46,81.78,91.23,83.37
Finland,FIN,EU,2007,86.66,82.24,92.57,85.18
Finland,FIN,EU,2008,86.5,83.34,91.5,84.67
Finland,FIN,EU,2009,85.77,80.6,91.85,84.86
Finland,FIN,EU,2010,85.85,80.49,91.73,85.33
Finland,FIN,EU,2011,85.99,80.8,91.05,86.12
Finland,FIN,EU,2012,86.68,81.27,92.39,86.37
Finland,FIN,EU,2013,86.52,80.22,92.64,86.71
Finland,FIN,EU,2014,87.5,82.53,93.08,86.88
Finland,FIN,EU,2015,87.24,82.1,93.25,86.38
Finland,FIN,EU,2016,87.19,82.12,93.46,86
Finland,FIN,EU,2017,87.66,82.97,93.82,86.18
Finland,FIN,EU,2018,87.7,83.09,93.65,86.32
Finland,FIN,EU,2019,87.68,83.86,93.27,85.84
Finland,FIN,EU,2020,87,82,93,86
France,FRA,EU,1981,73.95,60.36,94.8,66.68
France,FRA,EU,1982,73.01,57.91,95.01,66.11
France,FRA,EU,1983,74.54,60.55,95.12,67.95
France,FRA,EU,1984,74.99,61.94,95.04,67.98
France,FRA,EU,1985,75.58,63.06,95.16,68.52
France,FRA,EU,1986,74.47,60.12,94.26,69.03
France,FRA,EU,1987,73.65,59.46,93.11,68.38
France,FRA,EU,1988,73.71,59.91,92.12,69.11
France,FRA,EU,1989,74.11,62.47,90.73,69.13
France,FRA,EU,1990,74.82,64.13,90.67,69.66
France,FRA,EU,1991,77,65.56,94.74,70.7
France,FRA,EU,1992,77.7,66.09,95.97,71.05
France,FRA,EU,1993,79.05,68.94,97.01,71.2
France,FRA,EU,1994,78.31,66.24,97.17,71.54
France,FRA,EU,1995,78.55,66.46,97.28,71.91
France,FRA,EU,1996,78.74,67.54,96.08,72.59
France,FRA,EU,1997,80.08,70.97,95.71,73.56
France,FRA,EU,1998,81.14,73.05,96.14,74.22
France,FRA,EU,1999,81.76,74.56,96.16,74.55
France,FRA,EU,2000,83.56,77.32,96.6,76.75
France,FRA,EU,2001,83.73,76.87,96.43,77.9
France,FRA,EU,2002,83.64,75.4,96.29,79.22
France,FRA,EU,2003,83.68,74.59,96.75,79.7
France,FRA,EU,2004,84.06,74.81,97.04,80.34
France,FRA,EU,2005,84.2,75.04,97.32,80.25
France,FRA,EU,2006,84.78,75.58,97.76,81
France,FRA,EU,2007,86.17,76.18,98.38,83.95
France,FRA,EU,2008,85.89,75.1,98.53,84.03
France,FRA,EU,2009,85.62,74.17,98.54,84.14
France,FRA,EU,2010,86.41,75.64,98.59,85
France,FRA,EU,2011,86.46,75.02,98.47,85.9
France,FRA,EU,2012,86.89,75.22,98.35,87.09
France,FRA,EU,2013,86.76,74.85,98.24,87.18
France,FRA,EU,2014,87.69,77.44,98.27,87.36
France,FRA,EU,2015,87.5,77.27,98.28,86.94
France,FRA,EU,2016,87.27,77.55,98.17,86.09
France,FRA,EU,2017,87.4,78.06,98.17,85.96
France,FRA,EU,2018,87.69,79.21,97.98,85.88
France,FRA,EU,2019,87.63,79.46,97.99,85.45
France,FRA,EU,2020,87,77,98,86
Gabon,GAB,AF,1981,45.79,49.78,43.67,43.73
Gabon,GAB,AF,1982,46.49,50.99,44.71,43.51
Gabon,GAB,AF,1983,46.18,50.7,44.16,43.45
Gabon,GAB,AF,1984,45.88,49.63,44.39,43.39
Gabon,GAB,AF,1985,47.62,51.39,47.52,43.62
Gabon,GAB,AF,1986,47.4,49.33,48.94,43.59
Gabon,GAB,AF,1987,47.1,48.72,47.39,45.01
Gabon,GAB,AF,1988,46.09,48.21,45.6,44.32
Gabon,GAB,AF,1989,46.33,48.84,44.14,45.98
Gabon,GAB,AF,1990,45.93,47.67,43.3,46.9
Gabon,GAB,AF,1991,48.45,51.23,46.42,47.63
Gabon,GAB,AF,1992,47.59,49.71,46.23,46.75
Gabon,GAB,AF,1993,48.97,53.81,46.03,46.9
Gabon,GAB,AF,1994,48.6,53.18,46.61,45.79
Gabon,GAB,AF,1995,48.64,53.29,46.46,45.93
Gabon,GAB,AF,1996,46.96,48.54,45.69,46.63
Gabon,GAB,AF,1997,46.72,49.15,44.46,46.54
Gabon,GAB,AF,1998,52.38,50.08,58.85,47.82
Gabon,GAB,AF,1999,52.92,49.37,60.29,48.75
Gabon,GAB,AF,2000,51.87,49.11,55.96,50.43
Gabon,GAB,AF,2001,48.65,48.16,46.87,51.11
Gabon,GAB,AF,2002,47.99,46.54,46.16,51.56
Gabon,GAB,AF,2003,48.42,46.63,46.6,52.33
Gabon,GAB,AF,2004,53.01,46.93,57.82,54.39
Gabon,GAB,AF,2005,52.96,44.49,59.25,55.32
Gabon,GAB,AF,2006,53.25,44.87,61.44,53.46
Gabon,GAB,AF,2007,54.1,45.46,62.46,54.4
Gabon,GAB,AF,2008,54.53,44.77,63.93,54.91
Gabon,GAB,AF,2009,54.62,48.44,62.84,52.41
Gabon,GAB,AF,2010,54.69,48.77,60.4,54.93
Gabon,GAB,AF,2011,49.57,43.79,50.87,54.34
Gabon,GAB,AF,2012,51.12,45.85,51.33,56.52
Gabon,GAB,AF,2013,51.6,46.7,51.43,57.01
Gabon,GAB,AF,2014,54.48,42.02,64.03,57.56
Gabon,GAB,AF,2015,54.02,40.76,64.4,57.09
Gabon,GAB,AF,2016,53.42,38.92,64.52,57.04
Gabon,GAB,AF,2017,53.77,39.8,64.49,57.23
Gabon,GAB,AF,2018,53.47,40.39,63.13,57.12
Gabon,GAB,AF,2019,52.89,39.11,63.01,56.79
Gabon,GAB,AF,2020,53,39,63,56
Gambia,GMB,AF,1981,32.3,39.42,22.1,35.51
Gambia,GMB,AF,1982,33.69,44.21,22.1,34.8
Gambia,GMB,AF,1983,34.07,45.36,22.3,34.56
Gambia,GMB,AF,1984,32.72,40.42,23.28,34.54
Gambia,GMB,AF,1985,31.87,37.65,23.12,34.97
Gambia,GMB,AF,1986,33.7,43.27,23.14,34.72
Gambia,GMB,AF,1987,37.22,52.24,23.17,36.2
Gambia,GMB,AF,1988,36.26,49.78,23,36
Gambia,GMB,AF,1989,35.94,47.97,23.12,36.78
Gambia,GMB,AF,1990,36.55,48.85,23.72,37.08
Gambia,GMB,AF,1991,33.56,37.74,25.81,37.25
Gambia,GMB,AF,1992,34.09,38.71,25.81,37.89
Gambia,GMB,AF,1993,34.38,40.16,25.56,37.53
Gambia,GMB,AF,1994,34.9,41.55,31.33,31.71
Gambia,GMB,AF,1995,34.35,38.97,31.77,32.23
Gambia,GMB,AF,1996,34.81,40.83,31.55,31.95
Gambia,GMB,AF,1997,35.95,42.4,32.88,32.44
Gambia,GMB,AF,1998,39.99,41.67,44.75,33.29
Gambia,GMB,AF,1999,40.65,43.13,45.36,33.18
Gambia,GMB,AF,2000,41.69,44.2,47.87,32.64
Gambia,GMB,AF,2001,43.05,44.86,49.27,34.71
Gambia,GMB,AF,2002,44.64,46.82,50.19,36.59
Gambia,GMB,AF,2003,46.76,49.36,51.55,39.08
Gambia,GMB,AF,2004,47.67,49.8,51.91,41.06
Gambia,GMB,AF,2005,48.82,51.5,52.62,42.09
Gambia,GMB,AF,2006,49.76,52.17,52.69,44.21
Gambia,GMB,AF,2007,50.74,52.82,54.19,44.98
Gambia,GMB,AF,2008,49.85,48.02,55.58,45.8
Gambia,GMB,AF,2009,50.22,49.38,55.82,45.27
Gambia,GMB,AF,2010,51.42,51.62,56.19,46.26
Gambia,GMB,AF,2011,54.58,56.48,57.25,49.82
Gambia,GMB,AF,2012,54.33,56.79,57.46,48.52
Gambia,GMB,AF,2013,51.32,48.55,56.57,48.75
Gambia,GMB,AF,2014,51.75,51.64,57,46.38
Gambia,GMB,AF,2015,51.37,46.48,57.14,50.46
Gambia,GMB,AF,2016,52.37,48.53,57.61,50.92
Gambia,GMB,AF,2017,52.54,48.09,58.66,50.78
Gambia,GMB,AF,2018,53.44,50.88,57.72,51.64
Gambia,GMB,AF,2019,52.57,48.35,57.61,51.71
Gambia,GMB,AF,2020,52,46,57,52
Georgia,GEO,AS,1991,31.84,36.55,19.51,39.94
Georgia,GEO,AS,1992,32.76,36.53,22.14,40.03
Georgia,GEO,AS,1993,33.82,36.59,24.31,40.99
Georgia,GEO,AS,1994,34.3,40.44,25.89,36.71
Georgia,GEO,AS,1995,39,44.86,32.1,40.1
Georgia,GEO,AS,1996,41.08,47.56,33.46,42.29
Georgia,GEO,AS,1997,42.79,50.35,35.71,42.28
Georgia,GEO,AS,1998,45.04,54.73,36.23,44.11
Georgia,GEO,AS,1999,48.62,59.53,38.3,47.98
Georgia,GEO,AS,2000,49.95,60.35,41,48.4
Georgia,GEO,AS,2001,51.34,61.29,41.78,50.92
Georgia,GEO,AS,2002,52.45,62.38,42.06,52.96
Georgia,GEO,AS,2003,52.62,60.83,44.86,52.15
Georgia,GEO,AS,2004,52.93,61.01,45.08,52.68
Georgia,GEO,AS,2005,54.85,63.01,46.52,55.04
Georgia,GEO,AS,2006,59.53,66.78,50.14,61.81
Georgia,GEO,AS,2007,62.13,74,53.06,59.14
Georgia,GEO,AS,2008,63.37,73.69,54.72,61.58
Georgia,GEO,AS,2009,64.11,71.63,55.34,65.44
Georgia,GEO,AS,2010,65.67,70.91,55.26,71.22
Georgia,GEO,AS,2011,66.46,70.7,55.85,73.3
Georgia,GEO,AS,2012,68.1,74.65,56.17,73.85
Georgia,GEO,AS,2013,68.73,75.65,56.29,74.65
Georgia,GEO,AS,2014,70.23,79.47,56.39,75.15
Georgia,GEO,AS,2015,74.28,80.11,67.41,75.38
Georgia,GEO,AS,2016,74.83,80.35,69,75.17
Georgia,GEO,AS,2017,75.69,82.02,69.41,75.64
Georgia,GEO,AS,2018,71.58,81.03,59.49,74.41
Georgia,GEO,AS,2019,71.36,81.48,59.36,73.37
Georgia,GEO,AS,2020,70,79,59,73
Germany,DEU,EU,1981,72.62,61.17,85.91,70.78
Germany,DEU,EU,1982,72.85,61.65,86.1,70.8
Germany,DEU,EU,1983,72.78,61.07,86,71.27
Germany,DEU,EU,1984,73.24,62.17,86.05,71.5
Germany,DEU,EU,1985,74.12,64.39,86.06,71.93
Germany,DEU,EU,1986,73.7,63.11,85.87,72.12
Germany,DEU,EU,1987,73.73,63.52,85.28,72.4
Germany,DEU,EU,1988,73.11,63.38,83.15,72.8
Germany,DEU,EU,1989,72.46,65.26,79.03,73.11
Germany,DEU,EU,1990,72.15,65.83,78.91,71.7
Germany,DEU,EU,1991,77.1,66.13,91.73,73.43
Germany,DEU,EU,1992,77.47,65.4,93.01,73.99
Germany,DEU,EU,1993,78.08,65.98,95.5,72.77
Germany,DEU,EU,1994,77.86,66.12,94.6,72.84
Germany,DEU,EU,1995,78.24,66.52,94.76,73.44
Germany,DEU,EU,1996,79.04,67.74,95.13,74.24
Germany,DEU,EU,1997,80.45,71.18,95.14,75.03
Germany,DEU,EU,1998,81.32,73.39,95.08,75.5
Germany,DEU,EU,1999,82.44,75.29,95.35,76.69
Germany,DEU,EU,2000,84.55,78.84,95.94,78.86
Germany,DEU,EU,2001,84.75,78.66,96.09,79.5
Germany,DEU,EU,2002,84.74,77.57,96.27,80.37
Germany,DEU,EU,2003,85.4,78.26,96.73,81.22
Germany,DEU,EU,2004,85.85,79.08,96.23,82.25
Germany,DEU,EU,2005,86.41,80.1,96.21,82.91
Germany,DEU,EU,2006,87.06,80.69,97.03,83.45
Germany,DEU,EU,2007,87.88,80.35,97.95,85.36
Germany,DEU,EU,2008,87.54,79.34,97.42,85.87
Germany,DEU,EU,2009,87.07,78.14,97.16,85.9
Germany,DEU,EU,2010,87,77.47,97.06,86.48
Germany,DEU,EU,2011,87.17,77.73,96.96,86.82
Germany,DEU,EU,2012,87.33,77.94,97,87.05
Germany,DEU,EU,2013,87.37,77.73,97.04,87.32
Germany,DEU,EU,2014,87.73,79.11,96.77,87.32
Germany,DEU,EU,2015,87.62,78.69,97.03,87.15
Germany,DEU,EU,2016,88.29,79.86,97.56,87.43
Germany,DEU,EU,2017,88.69,80.48,97.96,87.63
Germany,DEU,EU,2018,88.83,80.6,97.9,87.99
Germany,DEU,EU,2019,88.73,81.16,97.72,87.3
Germany,DEU,EU,2020,88,80,98,88
Ghana,GHA,AF,1981,38.59,33.96,64.07,16.87
Ghana,GHA,AF,1982,38.04,32.15,64.43,16.69
Ghana,GHA,AF,1983,38.94,34.05,65.26,16.64
Ghana,GHA,AF,1984,36.9,29.09,64.24,16.6
Ghana,GHA,AF,1985,37.88,30.61,65.68,16.55
Ghana,GHA,AF,1986,37.87,29.81,66.4,16.6
Ghana,GHA,AF,1987,38.12,32.12,64.64,16.83
Ghana,GHA,AF,1988,36.59,31.27,61,16.8
Ghana,GHA,AF,1989,36.44,32.7,58.18,17.76
Ghana,GHA,AF,1990,37.53,29.96,63.93,18.01
Ghana,GHA,AF,1991,38.11,28.72,67.73,17.14
Ghana,GHA,AF,1992,40.97,35.4,68.31,18.38
Ghana,GHA,AF,1993,43.35,38.93,70.72,19.54
Ghana,GHA,AF,1994,45.72,44.73,71.39,20.11
Ghana,GHA,AF,1995,45.97,43.75,72.77,20.45
Ghana,GHA,AF,1996,45.31,40.02,73.13,21.94
Ghana,GHA,AF,1997,46.54,40.28,74.55,23.97
Ghana,GHA,AF,1998,48.1,44.17,74.86,24.39
Ghana,GHA,AF,1999,49.28,44.68,75.74,26.57
Ghana,GHA,AF,2000,52.24,51,77.26,27.52
Ghana,GHA,AF,2001,53.23,50.86,78,29.93
Ghana,GHA,AF,2002,52.69,48.31,77.93,31.02
Ghana,GHA,AF,2003,54.83,51.73,78.23,33.72
Ghana,GHA,AF,2004,54.36,49.04,78.14,35.17
Ghana,GHA,AF,2005,55.66,49.63,77.81,38.9
Ghana,GHA,AF,2006,53.41,42.5,78.29,38.88
Ghana,GHA,AF,2007,54.4,43.71,78.77,40.16
Ghana,GHA,AF,2008,53.54,40.06,78.73,41.34
Ghana,GHA,AF,2009,55.55,45.11,79.03,41.97
Ghana,GHA,AF,2010,56.05,43.27,78.08,46.43
Ghana,GHA,AF,2011,57.38,45.51,78,48.28
Ghana,GHA,AF,2012,58.81,46.57,78.87,50.66
Ghana,GHA,AF,2013,56.07,37.42,78.81,51.81
Ghana,GHA,AF,2014,57.59,40.46,79.66,52.43
Ghana,GHA,AF,2015,59.23,43.95,80.17,53.35
Ghana,GHA,AF,2016,60.69,47.73,80.68,53.35
Ghana,GHA,AF,2017,61.46,49.79,81.39,52.83
Ghana,GHA,AF,2018,61.13,50.23,81.82,51.34
Ghana,GHA,AF,2019,61.03,50.71,82.01,50.39
Ghana,GHA,AF,2020,61,49,82,52
Greece,GRC,EU,1981,56.81,40.38,70.1,59.96
Greece,GRC,EU,1982,56.8,39.88,70.5,60.04
Greece,GRC,EU,1983,58.12,42.57,71.53,60.26
Greece,GRC,EU,1984,58.46,43.96,71.2,60.21
Greece,GRC,EU,1985,59.23,45.82,71.69,60.17
Greece,GRC,EU,1986,59.55,45.52,72.73,60.4
Greece,GRC,EU,1987,58.91,46.16,70.98,59.58
Greece,GRC,EU,1988,57.05,45.18,66.44,59.55
Greece,GRC,EU,1989,55.99,46.19,61.96,59.82
Greece,GRC,EU,1990,56.5,45.85,61.79,61.86
Greece,GRC,EU,1991,62.39,46.43,77.3,63.44
Greece,GRC,EU,1992,65.38,50.47,81.74,63.92
Greece,GRC,EU,1993,67.4,52.99,84.79,64.41
Greece,GRC,EU,1994,67.82,54.12,84.4,64.96
Greece,GRC,EU,1995,68.11,54.19,84.67,65.47
Greece,GRC,EU,1996,69.22,56.82,85.35,65.48
Greece,GRC,EU,1997,70.29,58.59,86.25,66.04
Greece,GRC,EU,1998,72.1,62.94,87.06,66.31
Greece,GRC,EU,1999,73.88,66.73,87.53,67.39
Greece,GRC,EU,2000,76.16,71.61,87.49,69.38
Greece,GRC,EU,2001,76.85,69.94,88.13,72.47
Greece,GRC,EU,2002,76.35,66.2,89.13,73.71
Greece,GRC,EU,2003,77.24,68.1,89.35,74.26
Greece,GRC,EU,2004,77.75,68.9,89.17,75.19
Greece,GRC,EU,2005,77.31,67.85,89.16,74.92
Greece,GRC,EU,2006,78.46,69.02,90.56,75.8
Greece,GRC,EU,2007,80.22,70.11,92.07,78.48
Greece,GRC,EU,2008,80.75,70.49,92.1,79.67
Greece,GRC,EU,2009,79.89,68.59,91.79,79.28
Greece,GRC,EU,2010,79.75,67.91,91.63,79.71
Greece,GRC,EU,2011,80.12,68.1,91.69,80.58
Greece,GRC,EU,2012,80.23,68.8,91.54,80.35
Greece,GRC,EU,2013,80.77,69.91,92.04,80.37
Greece,GRC,EU,2014,81.95,73.35,91.56,80.93
Greece,GRC,EU,2015,81.54,71.9,91.75,80.96
Greece,GRC,EU,2016,81.58,71.04,91.95,81.76
Greece,GRC,EU,2017,82.43,72.88,91.95,82.46
Greece,GRC,EU,2018,82.89,73.8,92.04,82.83
Greece,GRC,EU,2019,83.65,75.74,91.76,83.46
Greece,GRC,EU,2020,83,74,91,84
Grenada,GRD,NA,1981,37.59,37.89,17.85,58.35
Grenada,GRD,NA,1982,37.03,36.56,17.83,57.83
Grenada,GRD,NA,1983,36.97,36.23,17.82,57.96
Grenada,GRD,NA,1984,36.86,32.77,17.82,60.54
Grenada,GRD,NA,1985,37.01,33.69,17.46,60.58
Grenada,GRD,NA,1986,38.24,38.05,17.66,60.31
Grenada,GRD,NA,1987,38.72,37.65,17.67,62.03
Grenada,GRD,NA,1988,41.26,39.84,22.25,62.69
Grenada,GRD,NA,1989,41.52,38.78,23.82,62.66
Grenada,GRD,NA,1990,42.51,40.56,24.85,62.96
Grenada,GRD,NA,1991,43.45,39.8,27.56,63.44
Grenada,GRD,NA,1992,43.24,37.86,27.7,64.33
Grenada,GRD,NA,1993,46.12,46.67,27.65,65.32
Grenada,GRD,NA,1994,46.33,48.78,28.37,63.38
Grenada,GRD,NA,1995,46.7,49.33,28.9,63.41
Grenada,GRD,NA,1996,46.6,46.28,28.53,66.13
Grenada,GRD,NA,1997,47.75,46.84,29.22,68.28
Grenada,GRD,NA,1998,47.86,48.33,29.37,67.17
Grenada,GRD,NA,1999,47.22,46.8,29.89,66.03
Grenada,GRD,NA,2000,49.43,49.31,30.95,69.23
Grenada,GRD,NA,2001,49.57,51.49,30.74,68.03
Grenada,GRD,NA,2002,49.79,51.98,30.76,68.25
Grenada,GRD,NA,2003,51.81,53.51,31.67,71.84
Grenada,GRD,NA,2004,51.26,55.42,31.48,68.85
Grenada,GRD,NA,2005,52.18,58.65,32.01,68.25
Grenada,GRD,NA,2006,55.46,54.23,43.59,69.18
Grenada,GRD,NA,2007,57.11,56.17,43.7,72.23
Grenada,GRD,NA,2008,57.86,60.93,43.35,70.76
Grenada,GRD,NA,2009,58.4,61.26,43.86,71.53
Grenada,GRD,NA,2010,58.85,61.12,44.65,72.11
Grenada,GRD,NA,2011,58.98,61.2,44.97,72.1
Grenada,GRD,NA,2012,58.88,61.53,44.24,72.34
Grenada,GRD,NA,2013,58.14,60.2,44.02,71.55
Grenada,GRD,NA,2014,60.28,64.98,44.99,72.72
Grenada,GRD,NA,2015,60.08,65.25,45.42,71.44
Grenada,GRD,NA,2016,58.9,63.48,43.3,71.79
Grenada,GRD,NA,2017,55.54,64.39,33.89,71.35
Grenada,GRD,NA,2018,52.38,56.38,31.59,71.32
Grenada,GRD,NA,2019,51.61,54.37,31.47,70.9
Grenada,GRD,NA,2020,52,54,31,71
Guatemala,GTM,NA,1981,35.37,30.34,50.47,25.3
Guatemala,GTM,NA,1982,34.34,28.03,49.64,25.36
Guatemala,GTM,NA,1983,34.7,26.84,52.02,25.24
Guatemala,GTM,NA,1984,33.85,24.71,51.63,25.21
Guatemala,GTM,NA,1985,34.31,23.71,52.27,26.96
Guatemala,GTM,NA,1986,35.57,25.76,52.88,28.05
Guatemala,GTM,NA,1987,35.45,27.07,51.31,27.96
Guatemala,GTM,NA,1988,35.75,28.57,49.71,28.95
Guatemala,GTM,NA,1989,36.85,32.9,48.52,29.13
Guatemala,GTM,NA,1990,36.8,33.73,48.64,28.03
Guatemala,GTM,NA,1991,36.84,33.81,49.1,27.62
Guatemala,GTM,NA,1992,40.19,34.67,58.15,27.76
Guatemala,GTM,NA,1993,37.28,34.09,49.77,27.98
Guatemala,GTM,NA,1994,40.38,34.56,57.99,28.6
Guatemala,GTM,NA,1995,42.24,34.52,61.47,30.72
Guatemala,GTM,NA,1996,42.17,34.61,59.18,32.71
Guatemala,GTM,NA,1997,40.22,36.42,49.6,34.65
Guatemala,GTM,NA,1998,41.16,38.14,49.16,36.2
Guatemala,GTM,NA,1999,42.66,39.66,50.07,38.26
Guatemala,GTM,NA,2000,44.51,43.71,50.1,39.72
Guatemala,GTM,NA,2001,50.72,52.07,58.06,42.01
Guatemala,GTM,NA,2002,50.23,47.03,59.77,43.91
Guatemala,GTM,NA,2003,50.91,48.59,60.14,44.01
Guatemala,GTM,NA,2004,55.38,48.6,72.15,45.4
Guatemala,GTM,NA,2005,58.15,52.88,74.44,47.14
Guatemala,GTM,NA,2006,60.6,56.5,75.64,49.65
Guatemala,GTM,NA,2007,62.73,58.02,77.46,52.7
Guatemala,GTM,NA,2008,63.13,56.76,78.14,54.47
Guatemala,GTM,NA,2009,62.81,55.9,77.88,54.64
Guatemala,GTM,NA,2010,63.26,54.35,78.33,57.1
Guatemala,GTM,NA,2011,63.44,54.59,78.82,56.9
Guatemala,GTM,NA,2012,63.75,54.6,79.32,57.33
Guatemala,GTM,NA,2013,64.11,55.05,79.26,58.02
Guatemala,GTM,NA,2014,64.4,56.02,78.86,58.31
Guatemala,GTM,NA,2015,64.16,54.87,79.23,58.37
Guatemala,GTM,NA,2016,63.36,53.19,79.08,57.82
Guatemala,GTM,NA,2017,63.31,52.24,78.75,58.93
Guatemala,GTM,NA,2018,61.65,49.8,76.85,58.31
Guatemala,GTM,NA,2019,61.51,49.29,76.88,58.37
Guatemala,GTM,NA,2020,61,49,77,58
Guinea,GIN,AF,1981,28.43,31.47,41.15,9.89
Guinea,GIN,AF,1982,28.41,31.26,41.35,9.87
Guinea,GIN,AF,1983,28.45,30.98,41.77,9.86
Guinea,GIN,AF,1984,29.3,30.71,42.92,11.69
Guinea,GIN,AF,1985,29.48,30.93,43.14,11.79
Guinea,GIN,AF,1986,29.88,30.33,43.36,13.56
Guinea,GIN,AF,1987,29.23,29.49,43.02,12.77
Guinea,GIN,AF,1988,29.66,29.37,43.24,14.09
Guinea,GIN,AF,1989,30.82,32.16,43.43,14.47
Guinea,GIN,AF,1990,31.89,34.19,43.61,15.47
Guinea,GIN,AF,1991,34.76,32.06,53.84,15.59
Guinea,GIN,AF,1992,33.91,28.8,54.36,15.93
Guinea,GIN,AF,1993,34.35,28.75,55.58,16.03
Guinea,GIN,AF,1994,33.74,27.23,55.39,16
Guinea,GIN,AF,1995,34.72,28.01,56.95,16.53
Guinea,GIN,AF,1996,34.3,27.08,56.9,16.3
Guinea,GIN,AF,1997,34.12,25.67,57.36,16.81
Guinea,GIN,AF,1998,35.74,28.09,58.28,18.32
Guinea,GIN,AF,1999,36.03,28.13,59.37,17.97
Guinea,GIN,AF,2000,37.8,28.52,63.01,19.19
Guinea,GIN,AF,2001,38.93,30.85,62.82,20.47
Guinea,GIN,AF,2002,38.16,28.07,62.95,21
Guinea,GIN,AF,2003,39.11,27.64,64.52,22.83
Guinea,GIN,AF,2004,36.81,24.72,60.89,22.84
Guinea,GIN,AF,2005,39.61,29.93,63.74,22.77
Guinea,GIN,AF,2006,39.25,25.9,64.35,25.55
Guinea,GIN,AF,2007,39.45,25.7,64.35,26.44
Guinea,GIN,AF,2008,40.37,26.2,64.44,28.85
Guinea,GIN,AF,2009,41.38,26.53,64.05,32.31
Guinea,GIN,AF,2010,42.24,27.6,63.31,34.81
Guinea,GIN,AF,2011,44.92,33.12,63.48,37.12
Guinea,GIN,AF,2012,45.27,33.58,63.97,37.2
Guinea,GIN,AF,2013,45.03,31.09,64.56,38.6
Guinea,GIN,AF,2014,44.89,28.92,66.49,38.44
Guinea,GIN,AF,2015,43.9,25.81,67.44,37.65
Guinea,GIN,AF,2016,47.93,36.23,68.06,38.25
Guinea,GIN,AF,2017,47.81,36.39,68.41,37.25
Guinea,GIN,AF,2018,48.34,34.84,69.12,39.96
Guinea,GIN,AF,2019,48.56,36.01,69.51,38.89
Guinea,GIN,AF,2020,51,43,69,39
Guinea-Bissau,GNB,AF,1981,25.48,31.87,19.82,25.25
Guinea-Bissau,GNB,AF,1982,25.06,30.02,20.19,25.42
Guinea-Bissau,GNB,AF,1983,24.88,29.35,20.39,25.31
Guinea-Bissau,GNB,AF,1984,26.83,34.45,20.98,25.48
Guinea-Bissau,GNB,AF,1985,27.8,36.21,21.37,26.27
Guinea-Bissau,GNB,AF,1986,27.97,37.26,21.57,25.45
Guinea-Bissau,GNB,AF,1987,27.26,34.87,21.97,25.25
Guinea-Bissau,GNB,AF,1988,28.25,37.48,22.37,25.16
Guinea-Bissau,GNB,AF,1989,28.66,37.91,22.51,25.87
Guinea-Bissau,GNB,AF,1990,28.69,34.88,24.12,27.34
Guinea-Bissau,GNB,AF,1991,32.94,36.75,34.44,27.05
Guinea-Bissau,GNB,AF,1992,34.37,39.99,35.56,26.88
Guinea-Bissau,GNB,AF,1993,33.47,35.74,37.15,26.7
Guinea-Bissau,GNB,AF,1994,36.82,42.31,39.48,27.76
Guinea-Bissau,GNB,AF,1995,36.29,39.7,39.79,28.48
Guinea-Bissau,GNB,AF,1996,36.13,35.98,43.68,27.45
Guinea-Bissau,GNB,AF,1997,37.74,41.08,43.48,27.42
Guinea-Bissau,GNB,AF,1998,36.6,39.56,42.7,26.25
Guinea-Bissau,GNB,AF,1999,36.49,37.52,43.55,27.12
Guinea-Bissau,GNB,AF,2000,31.29,32.37,32.89,28.27
Guinea-Bissau,GNB,AF,2001,30.35,29.47,33.03,28.19
Guinea-Bissau,GNB,AF,2002,29.79,27.86,32.3,28.94
Guinea-Bissau,GNB,AF,2003,35.65,28.7,46.79,30.16
Guinea-Bissau,GNB,AF,2004,35.73,28.47,46.36,31.2
Guinea-Bissau,GNB,AF,2005,31.22,28.1,32.24,33.4
Guinea-Bissau,GNB,AF,2006,32.75,29.19,33.87,35.31
Guinea-Bissau,GNB,AF,2007,35.31,34.29,35.52,36.19
Guinea-Bissau,GNB,AF,2008,35.54,33.83,35.5,37.45
Guinea-Bissau,GNB,AF,2009,36.84,37.09,36.02,37.51
Guinea-Bissau,GNB,AF,2010,41.22,35.09,48.12,39.87
Guinea-Bissau,GNB,AF,2011,41.45,35.5,48.05,40.27
Guinea-Bissau,GNB,AF,2012,36.43,31.63,38.62,39.09
Guinea-Bissau,GNB,AF,2013,38.85,28.99,48.1,38.84
Guinea-Bissau,GNB,AF,2014,41.53,35.43,48.77,39.79
Guinea-Bissau,GNB,AF,2015,42.14,37.43,48.61,39.8
Guinea-Bissau,GNB,AF,2016,39.14,28.64,48.52,39.67
Guinea-Bissau,GNB,AF,2017,40.93,33.65,48.75,40.3
Guinea-Bissau,GNB,AF,2018,39.33,36.19,39.52,42.74
Guinea-Bissau,GNB,AF,2019,39.68,37.23,39.19,43.05
Guinea-Bissau,GNB,AF,2020,41,34,47,44
Guyana,GUY,SA,1981,40.64,50.51,30.26,42.13
Guyana,GUY,SA,1982,40.67,51.24,30.05,41.69
Guyana,GUY,SA,1983,40.85,51.18,30.65,41.65
Guyana,GUY,SA,1984,40.86,51,31.46,40.96
Guyana,GUY,SA,1985,41.11,52.34,32.07,39.69
Guyana,GUY,SA,1986,40.92,52.82,32.47,38.13
Guyana,GUY,SA,1987,40.99,54.52,32.28,36.83
Guyana,GUY,SA,1988,40.97,54.34,32.47,36.71
Guyana,GUY,SA,1989,45.58,55.74,43.15,37.89
Guyana,GUY,SA,1990,47.82,57.94,47.18,38.17
Guyana,GUY,SA,1991,45.63,61.06,37.65,38.69
Guyana,GUY,SA,1992,49.05,60.71,45.71,40.82
Guyana,GUY,SA,1993,51.79,65.54,46.93,43.12
Guyana,GUY,SA,1994,53.34,65.37,48.97,45.87
Guyana,GUY,SA,1995,54.49,65.73,51.17,46.65
Guyana,GUY,SA,1996,50.81,67.3,38.76,47.3
Guyana,GUY,SA,1997,51.29,67.13,39.32,48.35
Guyana,GUY,SA,1998,51.17,66.21,39.73,48.47
Guyana,GUY,SA,1999,52.27,66.39,40.8,50.51
Guyana,GUY,SA,2000,53.32,64.92,40.79,55.33
Guyana,GUY,SA,2001,54.48,66.07,41.31,57.2
Guyana,GUY,SA,2002,53.97,66.41,41.14,55.42
Guyana,GUY,SA,2003,55.11,65.23,41.89,59.37
Guyana,GUY,SA,2004,55.77,64.45,43.75,60.16
Guyana,GUY,SA,2005,54.49,62.47,43.71,58.22
Guyana,GUY,SA,2006,54.92,60.18,44.65,60.88
Guyana,GUY,SA,2007,55.43,58.95,45.06,63.35
Guyana,GUY,SA,2008,57.24,65.24,45.07,62.48
Guyana,GUY,SA,2009,55.94,62.03,44.71,62.13
Guyana,GUY,SA,2010,56.96,62.83,45.29,63.88
Guyana,GUY,SA,2011,57.08,63.5,43.91,65.1
Guyana,GUY,SA,2012,57.15,62.89,44.68,65.1
Guyana,GUY,SA,2013,56.52,61.07,44.71,65
Guyana,GUY,SA,2014,55.88,58.17,45.31,65.34
Guyana,GUY,SA,2015,56.47,56.58,46.42,67.65
Guyana,GUY,SA,2016,55.16,55.33,46.26,64.99
Guyana,GUY,SA,2017,54.68,55.88,46.66,62.43
Guyana,GUY,SA,2018,53.8,55.4,45.4,61.58
Guyana,GUY,SA,2019,52.82,53.42,45.06,60.33
Guyana,GUY,SA,2020,53,55,45,59
Haiti,HTI,NA,1981,30.8,26.57,40.92,24.56
Haiti,HTI,NA,1982,30.72,26.48,40.32,25.01
Haiti,HTI,NA,1983,30.26,25.76,40.38,24.27
Haiti,HTI,NA,1984,29.51,24.42,39.63,24.08
Haiti,HTI,NA,1985,30,25.87,39.67,24.12
Haiti,HTI,NA,1986,29.68,22.73,39.72,26.04
Haiti,HTI,NA,1987,30.18,25.66,39.15,25.36
Haiti,HTI,NA,1988,28.97,22.59,38.59,25.25
Haiti,HTI,NA,1989,28.3,21.57,37.97,24.85
Haiti,HTI,NA,1990,27.42,18.3,37.01,26.24
Haiti,HTI,NA,1991,27.91,18.25,40.17,24.56
Haiti,HTI,NA,1992,28.06,20.12,40,23.44
Haiti,HTI,NA,1993,28.6,21.64,40.19,23.43
Haiti,HTI,NA,1994,29.41,20.81,40.02,26.76
Haiti,HTI,NA,1995,32.03,27.87,40.54,27.36
Haiti,HTI,NA,1996,31.99,26.8,41.06,27.71
Haiti,HTI,NA,1997,32.94,28.92,41.66,27.92
Haiti,HTI,NA,1998,32.9,27.88,41.21,29.21
Haiti,HTI,NA,1999,33.29,27.79,41.72,29.92
Haiti,HTI,NA,2000,34.73,28.78,41.68,33.29
Haiti,HTI,NA,2001,34.28,28.64,41.68,32.11
Haiti,HTI,NA,2002,35.24,31.01,41.35,33.06
Haiti,HTI,NA,2003,37.68,36.59,42.29,34.09
Haiti,HTI,NA,2004,38.17,36.34,42.66,35.38
Haiti,HTI,NA,2005,39.83,39.19,42.82,37.43
Haiti,HTI,NA,2006,41.08,40.19,43.05,39.93
Haiti,HTI,NA,2007,41.29,38.73,44.73,40.25
Haiti,HTI,NA,2008,44.34,46.94,44.94,41.31
Haiti,HTI,NA,2009,44.64,46.73,45.14,42.19
Haiti,HTI,NA,2010,46.41,50.18,46.08,43.23
Haiti,HTI,NA,2011,45.84,48.3,46.51,42.86
Haiti,HTI,NA,2012,46.67,49.39,47.31,43.47
Haiti,HTI,NA,2013,46.66,50.28,47.2,42.72
Haiti,HTI,NA,2014,46.83,50.61,48.17,41.96
Haiti,HTI,NA,2015,46.85,50.48,48.22,42.07
Haiti,HTI,NA,2016,46.58,49.94,48.26,41.73
Haiti,HTI,NA,2017,46.31,49.22,48.3,41.59
Haiti,HTI,NA,2018,44.51,44.11,47.95,41.45
Haiti,HTI,NA,2019,42.22,36.68,47.8,41.79
Haiti,HTI,NA,2020,41,33,48,42
Honduras,HND,NA,1981,35.98,32.44,41.25,34.26
Honduras,HND,NA,1982,35.82,31.64,40.83,34.99
Honduras,HND,NA,1983,35.93,30.93,43.64,33.21
Honduras,HND,NA,1984,35.33,28.67,42.85,34.46
Honduras,HND,NA,1985,35.46,28.7,43.49,34.19
Honduras,HND,NA,1986,35.88,28.74,43.52,35.39
Honduras,HND,NA,1987,34.72,27.51,40.95,35.71
Honduras,HND,NA,1988,33.73,27.53,38.17,35.5
Honduras,HND,NA,1989,33.72,29.28,36.65,35.22
Honduras,HND,NA,1990,34.41,30.85,36.83,35.53
Honduras,HND,NA,1991,36.11,33.81,38.67,35.85
Honduras,HND,NA,1992,39.98,35.53,47.65,36.76
Honduras,HND,NA,1993,42.12,41.8,48.14,36.41
Honduras,HND,NA,1994,46.25,47.89,54.2,36.67
Honduras,HND,NA,1995,49.17,49.35,58.22,39.92
Honduras,HND,NA,1996,51.11,51.55,59.07,42.72
Honduras,HND,NA,1997,52.23,53.93,58.82,43.94
Honduras,HND,NA,1998,53.05,54.1,59.58,45.48
Honduras,HND,NA,1999,54.26,56.5,59.62,46.66
Honduras,HND,NA,2000,54.48,57.65,59.78,46
Honduras,HND,NA,2001,56.8,62.59,61.53,46.3
Honduras,HND,NA,2002,56.76,59.34,62.84,48.08
Honduras,HND,NA,2003,58.13,61.49,64.48,48.44
Honduras,HND,NA,2004,59.91,64.3,64.86,50.57
Honduras,HND,NA,2005,60.03,63.45,63.43,53.22
Honduras,HND,NA,2006,61.49,66.36,64.14,53.97
Honduras,HND,NA,2007,63.87,66.21,66.06,59.35
Honduras,HND,NA,2008,63.93,65.6,66.21,59.98
Honduras,HND,NA,2009,62.08,61.42,65.64,59.17
Honduras,HND,NA,2010,61.76,58.52,66.89,59.86
Honduras,HND,NA,2011,62.09,59.34,67.15,59.77
Honduras,HND,NA,2012,62.04,58.78,67.49,59.84
Honduras,HND,NA,2013,62.81,61.38,67.42,59.64
Honduras,HND,NA,2014,63.24,62.02,67.76,59.95
Honduras,HND,NA,2015,63.76,61.97,69.34,59.96
Honduras,HND,NA,2016,63.03,59.31,69.63,60.15
Honduras,HND,NA,2017,62.87,59.39,69.02,60.21
Honduras,HND,NA,2018,60.49,54.91,66.27,60.29
Honduras,HND,NA,2019,60.22,54.21,66.17,60.28
Honduras,HND,NA,2020,59,53,66,56
Hong Kong,HKG,AS,1981,54.83,78.7,17.93,68.52
Hong Kong,HKG,AS,1982,55.38,78.82,18.15,69.89
Hong Kong,HKG,AS,1983,55.65,79.13,18.21,70.35
Hong Kong,HKG,AS,1984,55.74,79.28,18.05,70.65
Hong Kong,HKG,AS,1985,56,79.6,18.13,71.02
Hong Kong,HKG,AS,1986,56.21,79.96,18.22,71.22
Hong Kong,HKG,AS,1987,56.22,79.85,18.3,71.27
Hong Kong,HKG,AS,1988,56.45,79.59,18.36,72.2
Hong Kong,HKG,AS,1989,56.53,79.31,18.31,72.81
Hong Kong,HKG,AS,1990,56.72,79.29,18.12,73.61
Hong Kong,HKG,AS,1991,56.93,79.31,18.11,74.26
Hong Kong,HKG,AS,1992,57.5,79.25,18.04,76.15
Hong Kong,HKG,AS,1993,60.64,82.2,23.98,76.54
Hong Kong,HKG,AS,1994,61.95,83.22,25.93,77.5
Hong Kong,HKG,AS,1995,62.55,83.74,26.23,78.49
Hong Kong,HKG,AS,1996,62.34,83.78,26.46,77.56
Hong Kong,HKG,AS,1997,63.02,84.56,27.42,77.82
Hong Kong,HKG,AS,1998,63.47,84.63,27.84,78.7
Hong Kong,HKG,AS,1999,64.04,85,27.96,79.95
Hong Kong,HKG,AS,2000,64.41,85.32,27.88,80.86
Hong Kong,HKG,AS,2001,64.87,85.09,28.25,82.13
Hong Kong,HKG,AS,2002,64.95,84.06,28.64,83.06
Hong Kong,HKG,AS,2003,66.77,88.08,29.16,83.92
Hong Kong,HKG,AS,2004,67,87.8,29.3,84.78
Hong Kong,HKG,AS,2005,67.32,88.25,29.36,85.25
Hong Kong,HKG,AS,2006,67.76,88.67,29.61,85.9
Hong Kong,HKG,AS,2007,68.61,89.28,29.52,87.99
Hong Kong,HKG,AS,2008,68.51,88.98,29.59,87.91
Hong Kong,HKG,AS,2009,68.37,88.51,29.68,87.9
Hong Kong,HKG,AS,2010,68.27,87.6,29.95,88.27
Hong Kong,HKG,AS,2011,68.48,87.89,30,88.57
Hong Kong,HKG,AS,2012,68.51,87.9,30.09,88.59
Hong Kong,HKG,AS,2013,68.42,87.85,30.32,88.14
Hong Kong,HKG,AS,2014,69.11,89.42,30.74,88.2
Hong Kong,HKG,AS,2015,68.65,87.96,30.62,88.45
Hong Kong,HKG,AS,2016,67.79,88.01,30.62,85.75
Hong Kong,HKG,AS,2017,67.97,88.21,30.8,85.93
Hong Kong,HKG,AS,2018,67.08,84.67,29.47,88.35
Hong Kong,HKG,AS,2019,66.83,84.29,29.45,88.02
Hong Kong,HKG,AS,2020,67,84,30,90
Hungary,HUN,EU,1981,52.64,46.02,64.64,47.27
Hungary,HUN,EU,1982,53.14,46.77,65.41,47.26
Hungary,HUN,EU,1983,53.25,46.92,65.83,46.99
Hungary,HUN,EU,1984,52.73,47.26,63.98,46.95
Hungary,HUN,EU,1985,53,47.04,64.05,47.9
Hungary,HUN,EU,1986,52.73,46.51,64.1,47.59
Hungary,HUN,EU,1987,55.45,50.06,67.45,48.84
Hungary,HUN,EU,1988,57.78,51.22,71.08,51.02
Hungary,HUN,EU,1989,57.57,51.38,69.42,51.92
Hungary,HUN,EU,1990,59.63,50.59,71.02,57.27
Hungary,HUN,EU,1991,61.01,50.74,73.18,59.12
Hungary,HUN,EU,1992,63.5,52.28,76.38,61.83
Hungary,HUN,EU,1993,65.42,53.35,80.15,62.77
Hungary,HUN,EU,1994,67.52,55.86,82.93,63.76
Hungary,HUN,EU,1995,69.72,59.96,84.46,64.73
Hungary,HUN,EU,1996,72.41,66.57,86.64,64.03
Hungary,HUN,EU,1997,74.27,69.86,87.12,65.84
Hungary,HUN,EU,1998,75.38,71.67,87.47,67.01
Hungary,HUN,EU,1999,76.48,72.41,88.51,68.52
Hungary,HUN,EU,2000,77.77,74.38,88.66,70.28
Hungary,HUN,EU,2001,79.6,76.52,89.43,72.84
Hungary,HUN,EU,2002,79.2,74.92,89.22,73.46
Hungary,HUN,EU,2003,80.23,75.22,90.94,74.54
Hungary,HUN,EU,2004,82.79,81.83,90.24,76.29
Hungary,HUN,EU,2005,83.03,81.71,90.13,77.26
Hungary,HUN,EU,2006,84.16,84.19,90.86,77.43
Hungary,HUN,EU,2007,85.1,84.63,91.19,79.48
Hungary,HUN,EU,2008,85.26,84.32,91.57,79.88
Hungary,HUN,EU,2009,85.79,85.71,91.93,79.73
Hungary,HUN,EU,2010,85.63,85.29,91.26,80.33
Hungary,HUN,EU,2011,84.96,83.37,91.64,79.88
Hungary,HUN,EU,2012,84.9,82.65,91.65,80.4
Hungary,HUN,EU,2013,84.95,82.43,91.48,80.94
Hungary,HUN,EU,2014,86.15,85.64,91.49,81.32
Hungary,HUN,EU,2015,84.98,82.34,91.85,80.77
Hungary,HUN,EU,2016,85.05,82.5,91.85,80.78
Hungary,HUN,EU,2017,85.05,82.69,91.85,80.62
Hungary,HUN,EU,2018,83.83,81.98,90.81,78.68
Hungary,HUN,EU,2019,83.83,81.95,90.69,78.84
Hungary,HUN,EU,2020,84,82,90,80
Iceland,ISL,EU,1981,54.54,41.28,50.62,71.72
Iceland,ISL,EU,1982,55.4,42.92,51.39,71.9
Iceland,ISL,EU,1983,57.69,46.58,54.39,72.11
Iceland,ISL,EU,1984,57.85,46.9,53.91,72.73
Iceland,ISL,EU,1985,58.47,48.7,54.37,72.34
Iceland,ISL,EU,1986,58.48,47.27,54.99,73.17
Iceland,ISL,EU,1987,57.02,45.28,52.83,72.95
Iceland,ISL,EU,1988,55.68,45.08,48.07,73.9
Iceland,ISL,EU,1989,54.73,46.88,43.16,74.14
Iceland,ISL,EU,1990,55.12,47.83,42.77,74.74
Iceland,ISL,EU,1991,55.75,47.63,45.17,74.46
Iceland,ISL,EU,1992,57.45,50.82,45.41,76.12
Iceland,ISL,EU,1993,60.08,55.37,46.81,78.05
Iceland,ISL,EU,1994,61.85,59.67,46.46,79.43
Iceland,ISL,EU,1995,62.36,59.81,46.85,80.42
Iceland,ISL,EU,1996,63.55,62.15,46.56,81.93
Iceland,ISL,EU,1997,69.93,63.39,62.76,83.64
Iceland,ISL,EU,1998,71.21,65.7,64.63,83.29
Iceland,ISL,EU,1999,72.58,67.29,66.95,83.51
Iceland,ISL,EU,2000,74.07,70.25,67.7,84.27
Iceland,ISL,EU,2001,74.74,72.06,67.66,84.52
Iceland,ISL,EU,2002,73.11,65.43,67.79,86.12
Iceland,ISL,EU,2003,74.81,69.32,68.32,86.79
Iceland,ISL,EU,2004,71.19,70.59,56.03,86.95
Iceland,ISL,EU,2005,72.39,73.27,56.13,87.76
Iceland,ISL,EU,2006,73.93,75.73,57.81,88.25
Iceland,ISL,EU,2007,74.82,75.23,58.95,90.29
Iceland,ISL,EU,2008,76.19,68.34,70.23,90.01
Iceland,ISL,EU,2009,75.62,68.46,71.77,86.65
Iceland,ISL,EU,2010,75.66,68.41,71.72,86.85
Iceland,ISL,EU,2011,72.27,69.04,60.59,87.16
Iceland,ISL,EU,2012,72.57,70.39,61.04,86.29
Iceland,ISL,EU,2013,72.43,69.69,60.94,86.68
Iceland,ISL,EU,2014,72.63,69.7,61.57,86.61
Iceland,ISL,EU,2015,72.38,68.85,61.8,86.48
Iceland,ISL,EU,2016,72.82,70.95,61.65,85.84
Iceland,ISL,EU,2017,72.24,68.53,61.68,86.51
Iceland,ISL,EU,2018,71.91,69.4,60.16,86.17
Iceland,ISL,EU,2019,71.71,68.48,59.99,86.66
Iceland,ISL,EU,2020,70,67,60,84
India,IND,AS,1981,31.63,15.11,63.96,15.82
India,IND,AS,1982,31.53,14.79,63.94,15.85
India,IND,AS,1983,31.79,14.57,64.57,16.22
India,IND,AS,1984,31.93,14.74,64.81,16.25
India,IND,AS,1985,31.28,14.31,65.09,14.43
India,IND,AS,1986,31.34,14.15,65.34,14.54
India,IND,AS,1987,30.89,13.9,64,14.76
India,IND,AS,1988,32.96,13.99,69.99,14.91
India,IND,AS,1989,32.2,14.14,67.35,15.11
India,IND,AS,1990,32.14,14.26,66.83,15.33
India,IND,AS,1991,32.63,15.44,67.52,14.92
India,IND,AS,1992,33.59,15.64,69.87,15.27
India,IND,AS,1993,34.85,16.44,72.1,16.01
India,IND,AS,1994,36.22,18.89,73.14,16.63
India,IND,AS,1995,38.6,19.71,77.65,18.43
India,IND,AS,1996,41.31,20.04,81.91,21.99
India,IND,AS,1997,42.41,21.2,82.59,23.44
India,IND,AS,1998,43.32,22.04,83.24,24.68
India,IND,AS,1999,44.12,23.43,84.3,24.64
India,IND,AS,2000,46.16,25.33,86.19,26.95
India,IND,AS,2001,48.65,30.86,87.2,27.9
India,IND,AS,2002,50.77,36.57,87.18,28.55
India,IND,AS,2003,52.19,37.57,87.7,31.31
India,IND,AS,2004,53.1,38.3,87.86,33.15
India,IND,AS,2005,54.95,41.37,88.62,34.87
India,IND,AS,2006,56.61,43.63,89.83,36.37
India,IND,AS,2007,57.55,44.45,90.54,37.68
India,IND,AS,2008,59.3,45.86,90.91,41.12
India,IND,AS,2009,60.63,42.56,91.09,48.23
India,IND,AS,2010,61.39,43.85,91.83,48.48
India,IND,AS,2011,61.95,44.38,92.24,49.22
India,IND,AS,2012,62.24,44.72,92.29,49.73
India,IND,AS,2013,62.21,43.63,92.5,50.49
India,IND,AS,2014,62.18,43.23,92.17,51.13
India,IND,AS,2015,61.56,40.73,92.73,51.23
India,IND,AS,2016,61.56,40.14,92.79,51.76
India,IND,AS,2017,62.25,41.71,92.96,52.08
India,IND,AS,2018,62.23,42.91,92.13,51.66
India,IND,AS,2019,62.48,41.95,92.01,53.47
India,IND,AS,2020,63,42,92,54
Indonesia,IDN,AS,1981,37.77,37.64,59.42,16.26
Indonesia,IDN,AS,1982,37.94,37.44,59.81,16.58
Indonesia,IDN,AS,1983,39.3,39.7,60.91,17.28
Indonesia,IDN,AS,1984,39.31,40.28,59.43,18.23
Indonesia,IDN,AS,1985,39.59,40.25,59.92,18.6
Indonesia,IDN,AS,1986,39.29,39.93,59.62,18.34
Indonesia,IDN,AS,1987,39.76,41.51,59.09,18.67
Indonesia,IDN,AS,1988,42.83,42.73,65.9,19.86
Indonesia,IDN,AS,1989,42.92,43.53,64.94,20.3
Indonesia,IDN,AS,1990,43.77,44.18,65.62,21.51
Indonesia,IDN,AS,1991,45.84,46.3,66.31,24.9
Indonesia,IDN,AS,1992,49.06,50.64,69.43,27.11
Indonesia,IDN,AS,1993,48.7,49,72.05,25.05
Indonesia,IDN,AS,1994,48.6,48.79,72.05,24.95
Indonesia,IDN,AS,1995,50.53,50.62,73.78,27.2
Indonesia,IDN,AS,1996,52.07,51.11,75.44,29.66
Indonesia,IDN,AS,1997,54.23,55.76,76.48,30.46
Indonesia,IDN,AS,1998,59.2,69.58,75.98,32.05
Indonesia,IDN,AS,1999,59.21,65.99,76.87,34.78
Indonesia,IDN,AS,2000,59.77,65.13,77.46,36.7
Indonesia,IDN,AS,2001,59.92,65.05,77.84,36.88
Indonesia,IDN,AS,2002,56.82,53.78,78.75,37.92
Indonesia,IDN,AS,2003,57.1,53.18,79.64,38.49
Indonesia,IDN,AS,2004,59.34,58.13,79.52,40.37
Indonesia,IDN,AS,2005,61.05,63.32,80.09,39.74
Indonesia,IDN,AS,2006,61.51,61.8,81.66,41.06
Indonesia,IDN,AS,2007,61.59,60,82.94,41.84
Indonesia,IDN,AS,2008,61.93,57.32,84,44.47
Indonesia,IDN,AS,2009,61.12,54,84.52,44.82
Indonesia,IDN,AS,2010,62.82,52.05,84.53,51.87
Indonesia,IDN,AS,2011,62.81,50.53,85.04,52.86
Indonesia,IDN,AS,2012,63.62,51.42,86.13,53.33
Indonesia,IDN,AS,2013,63.4,51,86.18,53.01
Indonesia,IDN,AS,2014,64.38,52.67,86.2,54.26
Indonesia,IDN,AS,2015,63.31,49.03,86.51,54.39
Indonesia,IDN,AS,2016,63.3,48.18,87.21,54.52
Indonesia,IDN,AS,2017,63.38,48.1,87.28,54.74
Indonesia,IDN,AS,2018,63.22,49.66,87.6,52.41
Indonesia,IDN,AS,2019,63.03,48.88,87.46,52.75
Indonesia,IDN,AS,2020,63,47,88,53
Iran,IRN,AS,1981,29.57,16.3,50.02,22.39
Iran,IRN,AS,1982,28.91,15.1,49.4,22.23
Iran,IRN,AS,1983,28.91,14.04,50.58,22.11
Iran,IRN,AS,1984,28.69,13.28,50.57,22.21
Iran,IRN,AS,1985,28.53,13,50.45,22.15
Iran,IRN,AS,1986,28.24,12.22,50.5,22
Iran,IRN,AS,1987,27.63,12.81,48.75,21.32
Iran,IRN,AS,1988,27.88,15,47.58,21.08
Iran,IRN,AS,1989,27.96,15.76,46.14,21.98
Iran,IRN,AS,1990,27.71,15.87,45.48,21.79
Iran,IRN,AS,1991,30.33,18.22,51.23,21.54
Iran,IRN,AS,1992,31.69,21.42,52.4,21.26
Iran,IRN,AS,1993,34,27.78,53.34,20.86
Iran,IRN,AS,1994,32.71,23.48,53.74,20.9
Iran,IRN,AS,1995,31.59,18.92,53.98,21.88
Iran,IRN,AS,1996,31.59,17.23,54.53,23.02
Iran,IRN,AS,1997,32.23,17.47,55.77,23.44
Iran,IRN,AS,1998,33.94,19.55,56.63,25.63
Iran,IRN,AS,1999,36.21,23.63,57.99,27
Iran,IRN,AS,2000,38.43,27.48,59.05,28.76
Iran,IRN,AS,2001,39.36,27.83,60.06,30.2
Iran,IRN,AS,2002,45.36,33.82,69.9,32.35
Iran,IRN,AS,2003,46.68,34.55,72.24,33.24
Iran,IRN,AS,2004,46.22,31.32,72.3,35.05
Iran,IRN,AS,2005,47.64,32.43,73.63,36.86
Iran,IRN,AS,2006,50.05,33.01,76.34,40.81
Iran,IRN,AS,2007,50.18,31.45,76.93,42.16
Iran,IRN,AS,2008,51.31,31.71,77.48,44.73
Iran,IRN,AS,2009,51.32,29.99,77.7,46.27
Iran,IRN,AS,2010,52.62,30.41,78.44,49
Iran,IRN,AS,2011,53.93,30.4,78.12,53.26
Iran,IRN,AS,2012,53.48,28.23,78.53,53.66
Iran,IRN,AS,2013,54.21,27.97,78.72,55.93
Iran,IRN,AS,2014,53.52,26.66,77.67,56.22
Iran,IRN,AS,2015,54.11,26.61,78.77,56.96
Iran,IRN,AS,2016,54.62,27.19,79.16,57.5
Iran,IRN,AS,2017,55.22,28.2,79.52,57.94
Iran,IRN,AS,2018,53.79,25.64,78.96,56.79
Iran,IRN,AS,2019,54.6,28.8,78.5,56.5
Iran,IRN,AS,2020,54,28,78,57
Iraq,IRQ,AS,1981,39.21,49.8,46.87,22.43
Iraq,IRQ,AS,1982,38.64,49.24,46.68,21.53
Iraq,IRQ,AS,1983,37.65,45.76,46.71,21.69
Iraq,IRQ,AS,1984,37.25,45.22,46.33,21.42
Iraq,IRQ,AS,1985,37.22,44.99,46.56,21.34
Iraq,IRQ,AS,1986,37.29,44.17,47.35,21.43
Iraq,IRQ,AS,1987,37.15,43.28,47.58,21.55
Iraq,IRQ,AS,1988,37.67,44.15,47.99,21.88
Iraq,IRQ,AS,1989,38.02,44.2,48.13,22.69
Iraq,IRQ,AS,1990,37.03,41.34,48.44,21.97
Iraq,IRQ,AS,1991,37.55,38.58,52.69,21.55
Iraq,IRQ,AS,1992,37.58,38.87,52.43,21.65
Iraq,IRQ,AS,1993,37.6,39.12,52.11,21.8
Iraq,IRQ,AS,1994,37.75,39.74,51.98,21.84
Iraq,IRQ,AS,1995,37.94,40.89,51.67,21.7
Iraq,IRQ,AS,1996,38.09,41.95,51.26,21.63
Iraq,IRQ,AS,1997,39.36,46.29,50.91,21.93
Iraq,IRQ,AS,1998,41.34,52.52,50.81,22.39
Iraq,IRQ,AS,1999,41.23,52.36,50.41,22.65
Iraq,IRQ,AS,2000,41.4,52.98,50.19,22.87
Iraq,IRQ,AS,2001,41.3,52.06,50.46,23.1
Iraq,IRQ,AS,2002,41.64,53.38,48.69,24.77
Iraq,IRQ,AS,2003,42.47,51.6,49.02,28.26
Iraq,IRQ,AS,2004,41.6,51.12,47.51,27.67
Iraq,IRQ,AS,2005,41.71,50.5,46.94,29.05
Iraq,IRQ,AS,2006,41.53,48.67,47,30.01
Iraq,IRQ,AS,2007,41.39,46.15,48.15,30.6
Iraq,IRQ,AS,2008,40.34,41.99,47.99,31.28
Iraq,IRQ,AS,2009,41.73,45.38,48.4,31.95
Iraq,IRQ,AS,2010,41.68,42.53,49.74,32.89
Iraq,IRQ,AS,2011,41.38,40.59,49.84,33.61
Iraq,IRQ,AS,2012,41.68,40.26,50.49,34.07
Iraq,IRQ,AS,2013,41.8,40.05,50.59,34.52
Iraq,IRQ,AS,2014,42.56,40.64,51.88,34.89
Iraq,IRQ,AS,2015,44.25,44.68,52.67,35.46
Iraq,IRQ,AS,2016,43.39,42.29,53.28,34.43
Iraq,IRQ,AS,2017,44.14,43.76,53.51,35.09
Iraq,IRQ,AS,2018,46.73,45,54.91,40.03
Iraq,IRQ,AS,2019,46.38,45.05,54.74,39.15
Iraq,IRQ,AS,2020,44,37,54,40
Ireland,IRL,EU,1981,72.44,73.64,68.83,74.86
Ireland,IRL,EU,1982,72.06,73.13,68.22,74.83
Ireland,IRL,EU,1983,72.96,74.61,69.56,74.71
Ireland,IRL,EU,1984,73.51,75.55,70.38,74.6
Ireland,IRL,EU,1985,74.33,76.75,71.33,74.9
Ireland,IRL,EU,1986,74.67,76.5,72.26,75.23
Ireland,IRL,EU,1987,74.21,77.21,69.82,75.59
Ireland,IRL,EU,1988,73.51,77.64,66.77,76.11
Ireland,IRL,EU,1989,72.69,78.16,63.35,76.55
Ireland,IRL,EU,1990,73.13,78.23,64.29,76.87
Ireland,IRL,EU,1991,74.46,79.11,67.31,76.97
Ireland,IRL,EU,1992,75.56,80.33,69.17,77.19
Ireland,IRL,EU,1993,76.67,84.02,71.29,74.69
Ireland,IRL,EU,1994,77.68,85.46,72.34,75.22
Ireland,IRL,EU,1995,78.78,87.29,72.45,76.61
Ireland,IRL,EU,1996,81.3,88.43,78.23,77.25
Ireland,IRL,EU,1997,82,89.1,79.37,77.54
Ireland,IRL,EU,1998,80.72,90.65,73.51,78
Ireland,IRL,EU,1999,81.13,90.52,74.31,78.55
Ireland,IRL,EU,2000,82.12,91.77,75,79.6
Ireland,IRL,EU,2001,82.69,91.54,75.25,81.27
Ireland,IRL,EU,2002,82.73,90.89,75.18,82.12
Ireland,IRL,EU,2003,82.56,90.19,74.95,82.55
Ireland,IRL,EU,2004,82.76,90.74,75.02,82.51
Ireland,IRL,EU,2005,83.09,90.55,75.09,83.63
Ireland,IRL,EU,2006,82.85,89.44,74.8,84.31
Ireland,IRL,EU,2007,83.72,89.62,76.12,85.4
Ireland,IRL,EU,2008,82.96,87.97,74.95,85.96
Ireland,IRL,EU,2009,84.2,87.95,76.43,88.21
Ireland,IRL,EU,2010,84.66,89.08,76.1,88.79
Ireland,IRL,EU,2011,84.62,89.17,75.38,89.31
Ireland,IRL,EU,2012,84.84,88.95,76.53,89.04
Ireland,IRL,EU,2013,84.74,88.96,76.47,88.8
Ireland,IRL,EU,2014,85.09,89.98,76.29,89.01
Ireland,IRL,EU,2015,85.2,89.18,76.43,89.98
Ireland,IRL,EU,2016,84.55,87.99,76.62,89.05
Ireland,IRL,EU,2017,84.56,87.97,76.94,88.77
Ireland,IRL,EU,2018,85.54,87.81,81.52,87.3
Ireland,IRL,EU,2019,85.75,88.14,81.94,87.16
Ireland,IRL,EU,2020,86,88,82,88
Israel,ISR,AS,1981,59.48,56.53,57.15,64.75
Israel,ISR,AS,1982,58.4,54.91,55.94,64.35
Israel,ISR,AS,1983,57.6,53.14,55.99,63.68
Israel,ISR,AS,1984,57.66,52.43,56.61,63.94
Israel,ISR,AS,1985,59.72,56.74,58,64.41
Israel,ISR,AS,1986,58.88,54.14,57.87,64.64
Israel,ISR,AS,1987,58.97,54.45,57.73,64.73
Israel,ISR,AS,1988,58.3,51.71,57.79,65.39
Israel,ISR,AS,1989,58.78,53.6,57.13,65.62
Israel,ISR,AS,1990,58.78,52.38,57.57,66.39
Israel,ISR,AS,1991,58.77,50.35,58.96,67
Israel,ISR,AS,1992,59.5,50.29,61.25,66.96
Israel,ISR,AS,1993,61.71,55.44,61.8,67.89
Israel,ISR,AS,1994,62.12,55.26,62.54,68.57
Israel,ISR,AS,1995,62.61,55.21,62.82,69.81
Israel,ISR,AS,1996,63.11,54.67,63.94,70.72
Israel,ISR,AS,1997,65,58.63,65.2,71.16
Israel,ISR,AS,1998,67.69,64.97,65.65,72.43
Israel,ISR,AS,1999,70.59,72.81,65.51,73.46
Israel,ISR,AS,2000,71.81,75.7,65.57,74.16
Israel,ISR,AS,2001,72.41,73.99,65.75,77.5
Israel,ISR,AS,2002,71.98,72.61,65.8,77.53
Israel,ISR,AS,2003,73.22,74.75,67.17,77.75
Israel,ISR,AS,2004,74.36,75.02,68.38,79.69
Israel,ISR,AS,2005,75.84,77.66,69.22,80.64
Israel,ISR,AS,2006,76.27,77.8,69.89,81.13
Israel,ISR,AS,2007,77.3,78.09,69.89,83.9
Israel,ISR,AS,2008,79.29,72.86,80.81,84.2
Israel,ISR,AS,2009,79.31,71.45,81.74,84.73
Israel,ISR,AS,2010,80.37,73.54,82.33,85.25
Israel,ISR,AS,2011,76.99,73.08,73.04,84.84
Israel,ISR,AS,2012,76.94,72.79,73.04,85.01
Israel,ISR,AS,2013,76.74,70.92,73.21,86.1
Israel,ISR,AS,2014,76.39,71.03,72.29,85.85
Israel,ISR,AS,2015,76.9,70.57,74.39,85.76
Israel,ISR,AS,2016,77.27,70.6,74.62,86.59
Israel,ISR,AS,2017,77.08,69.92,74.68,86.63
Israel,ISR,AS,2018,76.88,70.86,74.33,85.44
Israel,ISR,AS,2019,76.58,70.12,74.01,85.6
Israel,ISR,AS,2020,76,69,74,85
Italy,ITA,EU,1981,64.97,46.99,89.63,58.28
Italy,ITA,EU,1982,66.24,50.54,89.62,58.58
Italy,ITA,EU,1983,65.99,49.59,89.81,58.56
Italy,ITA,EU,1984,66.69,50.81,89.82,59.45
Italy,ITA,EU,1985,67.43,52.16,89.43,60.69
Italy,ITA,EU,1986,66.75,49.75,89.35,61.16
Italy,ITA,EU,1987,66.48,49.58,88.69,61.17
Italy,ITA,EU,1988,66.17,49.42,87.1,61.99
Italy,ITA,EU,1989,67.11,51.79,85.16,64.38
Italy,ITA,EU,1990,68.44,54.4,85.79,65.13
Italy,ITA,EU,1991,69.72,54.45,90.01,64.71
Italy,ITA,EU,1992,70.03,55.64,91.61,62.83
Italy,ITA,EU,1993,72.6,60.44,94.34,63.03
Italy,ITA,EU,1994,72.86,61.04,93.73,63.81
Italy,ITA,EU,1995,72.89,62.6,92.78,63.29
Italy,ITA,EU,1996,74.02,63.7,93,65.37
Italy,ITA,EU,1997,75.71,66.82,93.74,66.58
Italy,ITA,EU,1998,76.79,68.96,94.65,66.75
Italy,ITA,EU,1999,78.19,69.96,94.75,69.87
Italy,ITA,EU,2000,80.07,72.72,95.16,72.34
Italy,ITA,EU,2001,80.2,72,95.9,72.7
Italy,ITA,EU,2002,78.75,67.49,95.73,73.02
Italy,ITA,EU,2003,78.57,65.55,95.81,74.35
Italy,ITA,EU,2004,78.93,66.26,95.63,74.88
Italy,ITA,EU,2005,79.11,66.82,96.05,74.46
Italy,ITA,EU,2006,79.96,67.51,97.28,75.09
Italy,ITA,EU,2007,81.4,67.81,98.33,78.04
Italy,ITA,EU,2008,80.73,66.59,98.34,77.25
Italy,ITA,EU,2009,80.54,65.62,98.34,77.65
Italy,ITA,EU,2010,81.03,66.24,98.21,78.64
Italy,ITA,EU,2011,81.26,65.67,98.09,80.01
Italy,ITA,EU,2012,81.2,65.19,98.01,80.4
Italy,ITA,EU,2013,81.29,65.07,98.03,80.76
Italy,ITA,EU,2014,82.23,67.91,97.87,80.91
Italy,ITA,EU,2015,82.52,68.99,98.06,80.49
Italy,ITA,EU,2016,82.72,68.77,98.07,81.32
Italy,ITA,EU,2017,83.37,70.19,98.26,81.64
Italy,ITA,EU,2018,82.82,71.01,97.8,79.66
Italy,ITA,EU,2019,82.92,71.59,97.68,79.5
Italy,ITA,EU,2020,83,70,98,80
Ivory Coast,CIV,AF,1981,40.21,45.2,54.78,20.01
Ivory Coast,CIV,AF,1982,40.29,45.63,54.62,20
Ivory Coast,CIV,AF,1983,40.68,45.58,55.87,19.96
Ivory Coast,CIV,AF,1984,40.91,45.52,56.49,20.13
Ivory Coast,CIV,AF,1985,41.7,46.96,57.34,20.19
Ivory Coast,CIV,AF,1986,41.35,45.32,58,20.15
Ivory Coast,CIV,AF,1987,40.11,41.85,57.67,20.28
Ivory Coast,CIV,AF,1988,39.55,40.49,58.25,19.36
Ivory Coast,CIV,AF,1989,39.94,41.44,57.33,20.51
Ivory Coast,CIV,AF,1990,39.7,41.31,55.95,21.34
Ivory Coast,CIV,AF,1991,39.91,40.94,56.89,21.38
Ivory Coast,CIV,AF,1992,39.49,40.52,55.88,21.57
Ivory Coast,CIV,AF,1993,39.53,42.89,54.29,20.89
Ivory Coast,CIV,AF,1994,40.53,46.36,53.88,20.81
Ivory Coast,CIV,AF,1995,41.2,47.38,55.29,20.36
Ivory Coast,CIV,AF,1996,40.32,43.73,55,21.73
Ivory Coast,CIV,AF,1997,41.35,44.12,55.69,23.78
Ivory Coast,CIV,AF,1998,46.17,45.16,68.22,24.55
Ivory Coast,CIV,AF,1999,47.16,46.23,69.62,25.06
Ivory Coast,CIV,AF,2000,46.81,47.81,67.1,24.96
Ivory Coast,CIV,AF,2001,48.04,47.59,68.5,27.51
Ivory Coast,CIV,AF,2002,47.87,48.65,67.87,26.56
Ivory Coast,CIV,AF,2003,48.61,47.34,69.06,28.94
Ivory Coast,CIV,AF,2004,49.02,48.47,69.35,28.75
Ivory Coast,CIV,AF,2005,49.55,49.74,69.2,29.21
Ivory Coast,CIV,AF,2006,50.52,50.38,70.02,30.68
Ivory Coast,CIV,AF,2007,51.32,50.67,70,32.84
Ivory Coast,CIV,AF,2008,51.34,46.05,70.94,36.69
Ivory Coast,CIV,AF,2009,52.28,47.23,70.68,38.61
Ivory Coast,CIV,AF,2010,52.39,48.6,70.46,37.78
Ivory Coast,CIV,AF,2011,52.22,47.98,70.42,37.95
Ivory Coast,CIV,AF,2012,53.16,47.82,71.31,40.1
Ivory Coast,CIV,AF,2013,53.58,45.75,71.97,42.8
Ivory Coast,CIV,AF,2014,53.47,43.1,73.31,43.84
Ivory Coast,CIV,AF,2015,53.32,42.22,73.07,44.52
Ivory Coast,CIV,AF,2016,54.27,46.26,71.92,44.48
Ivory Coast,CIV,AF,2017,55.44,47.19,73.99,44.99
Ivory Coast,CIV,AF,2018,53.45,42.81,73.04,44.39
Ivory Coast,CIV,AF,2019,53.39,42.4,72.7,44.95
Ivory Coast,CIV,AF,2020,53,41,73,44
Jamaica,JAM,NA,1981,50.65,54.1,44.53,53.32
Jamaica,JAM,NA,1982,49.96,52.59,44.1,53.2
Jamaica,JAM,NA,1983,49.31,49.68,45.53,52.71
Jamaica,JAM,NA,1984,50.25,55.97,42.62,52.17
Jamaica,JAM,NA,1985,51.37,58.65,43.07,52.39
Jamaica,JAM,NA,1986,49.4,52.54,43.49,52.17
Jamaica,JAM,NA,1987,49.99,52.57,46.29,51.11
Jamaica,JAM,NA,1988,49.51,50.92,44.94,52.68
Jamaica,JAM,NA,1989,52.41,50.59,53.81,52.83
Jamaica,JAM,NA,1990,52.36,51.93,53.32,51.84
Jamaica,JAM,NA,1991,50.77,52.56,47.69,52.05
Jamaica,JAM,NA,1992,53.72,58.84,50.63,51.7
Jamaica,JAM,NA,1993,51.45,54.03,50,50.33
Jamaica,JAM,NA,1994,53.05,57.45,50.22,51.48
Jamaica,JAM,NA,1995,58.54,56.78,63.6,55.26
Jamaica,JAM,NA,1996,55.29,55.82,52.12,57.92
Jamaica,JAM,NA,1997,55.31,55.06,52.41,58.46
Jamaica,JAM,NA,1998,56.01,54.23,52.64,61.15
Jamaica,JAM,NA,1999,56.33,54.64,52.79,61.54
Jamaica,JAM,NA,2000,57.81,57.29,53.47,62.68
Jamaica,JAM,NA,2001,57.58,58.69,53.09,60.97
Jamaica,JAM,NA,2002,57.95,58.02,52.37,63.45
Jamaica,JAM,NA,2003,58.59,57.93,53.51,64.35
Jamaica,JAM,NA,2004,63.83,60.89,64.6,66.01
Jamaica,JAM,NA,2005,64.05,63.76,65.01,63.4
Jamaica,JAM,NA,2006,65.71,65.92,65.81,65.4
Jamaica,JAM,NA,2007,66.8,67.44,65.77,67.18
Jamaica,JAM,NA,2008,69.01,69.94,66.55,70.53
Jamaica,JAM,NA,2009,67.28,65.84,66.33,69.67
Jamaica,JAM,NA,2010,67.19,63.8,67.2,70.58
Jamaica,JAM,NA,2011,67.46,63.65,68.51,70.21
Jamaica,JAM,NA,2012,67.31,64.01,68.04,69.86
Jamaica,JAM,NA,2013,67.5,63.13,69.07,70.3
Jamaica,JAM,NA,2014,67.98,64.35,68.51,71.08
Jamaica,JAM,NA,2015,67.83,64.74,68.11,70.63
Jamaica,JAM,NA,2016,67.2,64.77,66.43,70.4
Jamaica,JAM,NA,2017,66.97,64.75,65.67,70.49
Jamaica,JAM,NA,2018,62.2,61.4,55.87,69.33
Jamaica,JAM,NA,2019,61.05,58.37,55.57,69.23
Jamaica,JAM,NA,2020,62,55,64,68
Japan,JPN,AS,1981,54.74,37.36,69.98,56.89
Japan,JPN,AS,1982,55.52,39.03,70.31,57.22
Japan,JPN,AS,1983,55.76,39.25,70.6,57.44
Japan,JPN,AS,1984,56.03,39.73,70.85,57.52
Japan,JPN,AS,1985,56.45,40.45,71.14,57.76
Japan,JPN,AS,1986,56.53,40.62,71.03,57.94
Japan,JPN,AS,1987,56.68,41.55,70.31,58.18
Japan,JPN,AS,1988,56.27,42.05,68.56,58.18
Japan,JPN,AS,1989,56.3,43.28,66.91,58.71
Japan,JPN,AS,1990,56.56,43.53,66.84,59.32
Japan,JPN,AS,1991,57.35,42.96,70.34,58.75
Japan,JPN,AS,1992,60.82,42.69,80.21,59.56
Japan,JPN,AS,1993,61.43,42.38,81.68,60.22
Japan,JPN,AS,1994,61.77,42.66,81.28,61.36
Japan,JPN,AS,1995,59.05,42.45,71.98,62.7
Japan,JPN,AS,1996,63.15,44.22,81.35,63.88
Japan,JPN,AS,1997,64.69,46.58,82.36,65.12
Japan,JPN,AS,1998,66.02,48.21,82.45,67.41
Japan,JPN,AS,1999,66.64,49.18,82.22,68.53
Japan,JPN,AS,2000,67.65,50.99,82.49,69.46
Japan,JPN,AS,2001,68.21,51.2,82.83,70.59
Japan,JPN,AS,2002,68.89,49.85,85.34,71.47
Japan,JPN,AS,2003,70.07,52.82,85.71,71.68
Japan,JPN,AS,2004,70.45,53.46,85.45,72.46
Japan,JPN,AS,2005,70.98,54.81,84.73,73.4
Japan,JPN,AS,2006,72.36,55.96,85.3,75.83
Japan,JPN,AS,2007,74.22,57.54,86.01,79.09
Japan,JPN,AS,2008,73.88,57.88,85.64,78.13
Japan,JPN,AS,2009,73.85,56.76,86.68,78.11
Japan,JPN,AS,2010,74.41,57.07,87.42,78.73
Japan,JPN,AS,2011,74.59,56.98,87.77,79.01
Japan,JPN,AS,2012,75.43,58.96,88.22,79.1
Japan,JPN,AS,2013,76.24,60.97,87.86,79.89
Japan,JPN,AS,2014,76.6,61.34,88.14,80.31
Japan,JPN,AS,2015,78.42,65.36,89.39,80.5
Japan,JPN,AS,2016,78.51,65.43,89.22,80.87
Japan,JPN,AS,2017,78.81,66.65,88.73,81.06
Japan,JPN,AS,2018,78.4,67.72,87.51,79.96
Japan,JPN,AS,2019,78.45,67.63,87.2,80.54
Japan,JPN,AS,2020,75,67,80,80
Jordan,JOR,AS,1981,50.27,56.35,48.09,46.37
Jordan,JOR,AS,1982,49.54,55.39,48.3,44.94
Jordan,JOR,AS,1983,50.22,55.04,50.36,45.26
Jordan,JOR,AS,1984,52.16,54.03,56.13,46.32
Jordan,JOR,AS,1985,52.65,54.55,56.53,46.86
Jordan,JOR,AS,1986,51.05,50.83,55.6,46.72
Jordan,JOR,AS,1987,49.5,48.53,52.65,47.32
Jordan,JOR,AS,1988,49.13,49.75,49.68,47.96
Jordan,JOR,AS,1989,52.38,53.38,56.11,47.64
Jordan,JOR,AS,1990,53.74,56.57,56.57,48.08
Jordan,JOR,AS,1991,56.17,57.63,61.35,49.52
Jordan,JOR,AS,1992,56.8,55.5,64.2,50.69
Jordan,JOR,AS,1993,57.84,55.41,67.68,50.42
Jordan,JOR,AS,1994,57.43,53.3,67.33,51.68
Jordan,JOR,AS,1995,59.99,58.94,68.87,52.17
Jordan,JOR,AS,1996,62.16,60.59,71.04,54.84
Jordan,JOR,AS,1997,63.5,63.52,71.16,55.81
Jordan,JOR,AS,1998,64.9,67.78,70.93,55.98
Jordan,JOR,AS,1999,66.78,69.06,72.3,58.98
Jordan,JOR,AS,2000,69.23,72.89,75.08,59.72
Jordan,JOR,AS,2001,70.1,74.09,76.48,59.74
Jordan,JOR,AS,2002,69.51,72.46,76.1,59.97
Jordan,JOR,AS,2003,71.21,74.43,77.43,61.76
Jordan,JOR,AS,2004,72.35,75.02,78.62,63.42
Jordan,JOR,AS,2005,73.48,77.59,79.16,63.68
Jordan,JOR,AS,2006,74.26,77.43,79.31,66.05
Jordan,JOR,AS,2007,76.12,78.97,79.78,69.6
Jordan,JOR,AS,2008,75.73,77.65,80.43,69.12
Jordan,JOR,AS,2009,74.98,74.76,80.92,69.26
Jordan,JOR,AS,2010,75.17,75.56,81.24,68.72
Jordan,JOR,AS,2011,74.88,74.4,81.38,68.84
Jordan,JOR,AS,2012,74.4,73.52,81.34,68.35
Jordan,JOR,AS,2013,74.62,73.82,81.48,68.56
Jordan,JOR,AS,2014,75.97,75.74,82.33,69.83
Jordan,JOR,AS,2015,74.28,70.28,82.5,70.08
Jordan,JOR,AS,2016,73.95,68.96,82.22,70.67
Jordan,JOR,AS,2017,73.75,69.04,82.06,70.14
Jordan,JOR,AS,2018,73.4,69.31,81.21,69.69
Jordan,JOR,AS,2019,73.49,68.61,81.4,70.48
Jordan,JOR,AS,2020,71,63,81,70
Kazakhstan,KAZ,AS,1991,26.57,25.64,16.33,37.72
Kazakhstan,KAZ,AS,1992,27.2,25.65,18.7,37.26
Kazakhstan,KAZ,AS,1993,31.44,31.54,19.05,43.73
Kazakhstan,KAZ,AS,1994,34.32,33.05,28.9,41.01
Kazakhstan,KAZ,AS,1995,38.8,37.09,36.14,43.18
Kazakhstan,KAZ,AS,1996,40.55,39.75,38.65,43.23
Kazakhstan,KAZ,AS,1997,42.71,44.08,40.22,43.82
Kazakhstan,KAZ,AS,1998,43.04,44.56,40.31,44.25
Kazakhstan,KAZ,AS,1999,45.61,51.39,41.66,43.76
Kazakhstan,KAZ,AS,2000,48.24,57.16,43.99,43.56
Kazakhstan,KAZ,AS,2001,50.1,57.75,45.76,46.79
Kazakhstan,KAZ,AS,2002,51.6,58.69,47.3,48.8
Kazakhstan,KAZ,AS,2003,52.43,59.15,48.11,50.02
Kazakhstan,KAZ,AS,2004,53.05,59.9,48.18,51.08
Kazakhstan,KAZ,AS,2005,54.14,61.02,48.76,52.63
Kazakhstan,KAZ,AS,2006,55.41,60.6,50.46,55.17
Kazakhstan,KAZ,AS,2007,59.49,58.17,63.28,57.03
Kazakhstan,KAZ,AS,2008,59.47,55.14,64.36,58.9
Kazakhstan,KAZ,AS,2009,60.56,54.83,64.76,62.08
Kazakhstan,KAZ,AS,2010,60.85,52.66,65.95,63.95
Kazakhstan,KAZ,AS,2011,60.46,49.41,65.88,66.1
Kazakhstan,KAZ,AS,2012,61.88,51.48,67.64,66.52
Kazakhstan,KAZ,AS,2013,58.18,48.03,58.98,67.54
Kazakhstan,KAZ,AS,2014,61.89,49.57,68.19,67.92
Kazakhstan,KAZ,AS,2015,62.07,48.31,70.33,67.57
Kazakhstan,KAZ,AS,2016,64.34,52.71,71.08,69.23
Kazakhstan,KAZ,AS,2017,64.68,52.59,71.61,69.83
Kazakhstan,KAZ,AS,2018,64.14,52.96,70.76,68.69
Kazakhstan,KAZ,AS,2019,64.64,56.25,71.15,66.51
Kazakhstan,KAZ,AS,2020,64,55,72,66
Kenya,KEN,AF,1981,38.44,38.52,54.93,21.88
Kenya,KEN,AF,1982,37.98,37.67,54.52,21.76
Kenya,KEN,AF,1983,38.81,38.2,56.39,21.83
Kenya,KEN,AF,1984,39.18,38.97,56.39,22.17
Kenya,KEN,AF,1985,39.77,39.72,57.47,22.13
Kenya,KEN,AF,1986,39.76,38.37,58.73,22.17
Kenya,KEN,AF,1987,38.5,37.73,56.38,21.38
Kenya,KEN,AF,1988,40.29,37.61,61.86,21.39
Kenya,KEN,AF,1989,40.89,38.31,62.59,21.78
Kenya,KEN,AF,1990,41.07,39.96,61.43,21.83
Kenya,KEN,AF,1991,41.28,39.98,62.22,21.65
Kenya,KEN,AF,1992,41.48,38.3,64.74,21.39
Kenya,KEN,AF,1993,44.9,47.29,65.85,21.55
Kenya,KEN,AF,1994,45.68,46.55,67.75,22.75
Kenya,KEN,AF,1995,44.95,43.77,68.96,22.12
Kenya,KEN,AF,1996,45.47,44.46,68.18,23.76
Kenya,KEN,AF,1997,45.88,45.15,68.47,24.04
Kenya,KEN,AF,1998,45.58,44.98,66.91,24.83
Kenya,KEN,AF,1999,47.8,46.36,71.83,25.22
Kenya,KEN,AF,2000,48.08,42.7,74.28,27.27
Kenya,KEN,AF,2001,49.2,43.27,75.77,28.56
Kenya,KEN,AF,2002,48.86,42.68,75.22,28.68
Kenya,KEN,AF,2003,50.75,44.78,76.64,30.81
Kenya,KEN,AF,2004,49.31,40.46,76.26,31.21
Kenya,KEN,AF,2005,51.61,45.14,76.47,33.23
Kenya,KEN,AF,2006,51.6,43.05,76.84,34.91
Kenya,KEN,AF,2007,52.9,44.06,77.58,37.06
Kenya,KEN,AF,2008,53.48,42.33,77.21,40.89
Kenya,KEN,AF,2009,54.74,41.77,78.95,43.51
Kenya,KEN,AF,2010,56.05,44.13,78.03,45.98
Kenya,KEN,AF,2011,56.58,43.99,77.69,48.07
Kenya,KEN,AF,2012,56.44,42.79,78.58,47.95
Kenya,KEN,AF,2013,56.17,42.68,78.56,47.26
Kenya,KEN,AF,2014,57.04,44.14,79.63,47.35
Kenya,KEN,AF,2015,56.45,42.15,80.27,46.93
Kenya,KEN,AF,2016,56.23,40.84,80.58,47.26
Kenya,KEN,AF,2017,55.93,41,79.62,47.17
Kenya,KEN,AF,2018,55.79,41.15,79.19,47.04
Kenya,KEN,AF,2019,55.4,40.29,78.84,47.08
Kenya,KEN,AF,2020,55,38,78,48
Kiribati,KIR,OC,1981,34.36,48.02,9.58,50.04
Kiribati,KIR,OC,1982,34.23,46.96,9.95,50.2
Kiribati,KIR,OC,1983,34.46,47.74,9.94,50.26
Kiribati,KIR,OC,1984,35.36,51.45,9.57,50.14
Kiribati,KIR,OC,1985,35.5,52.61,9.76,49.33
Kiribati,KIR,OC,1986,35.24,51.44,9.76,49.55
Kiribati,KIR,OC,1987,35.78,53.51,9.96,49.08
Kiribati,KIR,OC,1988,35.87,53.37,10.15,49.22
Kiribati,KIR,OC,1989,36.41,54.62,10.12,49.74
Kiribati,KIR,OC,1990,36.8,55.87,10.64,49.17
Kiribati,KIR,OC,1991,36.42,54.96,11.33,48.07
Kiribati,KIR,OC,1992,37.09,56.87,11.45,48.21
Kiribati,KIR,OC,1993,37.05,54.73,11.35,50.04
Kiribati,KIR,OC,1994,36.54,52.89,11.24,50.21
Kiribati,KIR,OC,1995,37.6,54.93,11.7,51
Kiribati,KIR,OC,1996,36.81,53.4,11.23,50.51
Kiribati,KIR,OC,1997,37.33,53.29,11.47,51.91
Kiribati,KIR,OC,1998,37.35,51.95,11.38,53.32
Kiribati,KIR,OC,1999,37.94,53.42,11.56,53.62
Kiribati,KIR,OC,2000,36.74,51.29,11.75,51.75
Kiribati,KIR,OC,2001,38.05,52.9,12.07,53.99
Kiribati,KIR,OC,2002,38.33,53.28,12.56,54.03
Kiribati,KIR,OC,2003,39.78,57.64,13.27,53.75
Kiribati,KIR,OC,2004,39.94,57.76,13.23,54.19
Kiribati,KIR,OC,2005,41,60.58,13.02,55.07
Kiribati,KIR,OC,2006,41.09,59.97,13.74,55.11
Kiribati,KIR,OC,2007,41.03,59.87,11.5,57.55
Kiribati,KIR,OC,2008,41.84,58.74,13.91,58.3
Kiribati,KIR,OC,2009,42.86,60.76,13.9,59.62
Kiribati,KIR,OC,2010,42.16,57.31,14.43,60.02
Kiribati,KIR,OC,2011,42.72,57.61,14.63,61.23
Kiribati,KIR,OC,2012,43.18,59.55,14.65,60.89
Kiribati,KIR,OC,2013,43.16,61.9,14.65,58.73
Kiribati,KIR,OC,2014,46.46,68.4,15.03,62.51
Kiribati,KIR,OC,2015,47.09,71.97,15.04,61.22
Kiribati,KIR,OC,2016,47.59,71.65,15.42,62.66
Kiribati,KIR,OC,2017,46.87,69.24,15.43,62.71
Kiribati,KIR,OC,2018,45.77,68.58,13.98,61.51
Kiribati,KIR,OC,2019,45.18,68.6,13.61,60.12
Kiribati,KIR,OC,2020,46,71,14,60
Kuwait,KWT,AS,1981,53.92,62.42,47.12,52.14
Kuwait,KWT,AS,1982,55.02,63.53,47.12,54.37
Kuwait,KWT,AS,1983,55.9,63.69,49.2,54.76
Kuwait,KWT,AS,1984,56.61,63.16,51.43,55.19
Kuwait,KWT,AS,1985,56.46,62.99,52.08,54.23
Kuwait,KWT,AS,1986,57.2,64.8,53.19,53.47
Kuwait,KWT,AS,1987,55.71,62.52,51.02,53.5
Kuwait,KWT,AS,1988,55.1,63.27,48.25,53.74
Kuwait,KWT,AS,1989,55.32,63.68,46.95,55.33
Kuwait,KWT,AS,1990,54.39,63.35,46.3,53.47
Kuwait,KWT,AS,1991,57.5,66.05,52.31,54.02
Kuwait,KWT,AS,1992,58.87,65.6,51.86,59.17
Kuwait,KWT,AS,1993,58.93,64.3,52.08,60.46
Kuwait,KWT,AS,1994,59.25,64.58,52.42,60.81
Kuwait,KWT,AS,1995,60.04,65.2,51.96,63.07
Kuwait,KWT,AS,1996,59.27,64.39,52.97,60.49
Kuwait,KWT,AS,1997,60.15,66.14,53.52,60.81
Kuwait,KWT,AS,1998,62.4,71.9,54.16,61.1
Kuwait,KWT,AS,1999,62.66,70.23,55.54,62.18
Kuwait,KWT,AS,2000,63.05,68.3,56.26,64.66
Kuwait,KWT,AS,2001,63.1,67.6,56.93,64.82
Kuwait,KWT,AS,2002,62.52,65.84,56.68,65.13
Kuwait,KWT,AS,2003,62.96,65.17,57.63,66.2
Kuwait,KWT,AS,2004,64.51,67.23,59.38,67.02
Kuwait,KWT,AS,2005,65.38,67.86,59.73,68.66
Kuwait,KWT,AS,2006,66.42,69.86,60.88,68.62
Kuwait,KWT,AS,2007,67.11,71.27,62.08,68
Kuwait,KWT,AS,2008,67.69,71.76,62.54,68.8
Kuwait,KWT,AS,2009,68.88,73.53,62.65,70.53
Kuwait,KWT,AS,2010,69.89,73.79,62.79,73.22
Kuwait,KWT,AS,2011,70.12,71.97,63.78,74.78
Kuwait,KWT,AS,2012,70.3,70.92,64.31,75.89
Kuwait,KWT,AS,2013,70.44,70.52,64.62,76.42
Kuwait,KWT,AS,2014,70.65,70.43,65.63,76.1
Kuwait,KWT,AS,2015,71.47,72.06,65.74,76.82
Kuwait,KWT,AS,2016,71.51,72.63,66.35,75.73
Kuwait,KWT,AS,2017,71.23,72.48,66.56,74.8
Kuwait,KWT,AS,2018,71.86,73.01,66.26,76.49
Kuwait,KWT,AS,2019,69.74,71.82,66.48,70.97
Kuwait,KWT,AS,2020,70,71,67,71
Kyrgyzstan,KGZ,AS,1991,30.5,29.2,16.87,45.44
Kyrgyzstan,KGZ,AS,1992,33.2,29.31,23.32,46.96
Kyrgyzstan,KGZ,AS,1993,35.3,34.9,24.64,46.38
Kyrgyzstan,KGZ,AS,1994,38.1,38.81,27.51,47.99
Kyrgyzstan,KGZ,AS,1995,40.79,47.5,30,44.86
Kyrgyzstan,KGZ,AS,1996,42.43,51.16,31.43,44.69
Kyrgyzstan,KGZ,AS,1997,43.43,54.25,33.05,42.99
Kyrgyzstan,KGZ,AS,1998,47.28,58.08,43.05,40.73
Kyrgyzstan,KGZ,AS,1999,50.32,63.26,45.49,42.2
Kyrgyzstan,KGZ,AS,2000,51.2,62.15,47.89,43.56
Kyrgyzstan,KGZ,AS,2001,49.99,57.52,48.5,43.96
Kyrgyzstan,KGZ,AS,2002,50.39,58.62,49.38,43.18
Kyrgyzstan,KGZ,AS,2003,50.69,56.24,53.16,42.66
Kyrgyzstan,KGZ,AS,2004,52.93,58.91,53.79,46.1
Kyrgyzstan,KGZ,AS,2005,54.27,57.69,56.08,49.05
Kyrgyzstan,KGZ,AS,2006,56.9,59.29,57.57,53.83
Kyrgyzstan,KGZ,AS,2007,58.35,59.7,58.91,56.43
Kyrgyzstan,KGZ,AS,2008,60.28,62.64,59.44,58.74
Kyrgyzstan,KGZ,AS,2009,60.07,62.49,59.6,58.13
Kyrgyzstan,KGZ,AS,2010,61.18,65.21,59.42,58.93
Kyrgyzstan,KGZ,AS,2011,61.33,63.9,59.34,60.74
Kyrgyzstan,KGZ,AS,2012,60.46,59.09,61.04,61.27
Kyrgyzstan,KGZ,AS,2013,62.03,61.36,61.09,63.64
Kyrgyzstan,KGZ,AS,2014,63.35,63.31,61.76,64.98
Kyrgyzstan,KGZ,AS,2015,62.91,60.88,62.82,65.02
Kyrgyzstan,KGZ,AS,2016,63.59,62.13,63.26,65.37
Kyrgyzstan,KGZ,AS,2017,63.94,62.04,63.55,66.23
Kyrgyzstan,KGZ,AS,2018,62.32,59.18,61.87,65.93
Kyrgyzstan,KGZ,AS,2019,62.53,60.62,61.77,65.19
Kyrgyzstan,KGZ,AS,2020,60,55,62,65
Laos,LAO,AS,1981,18.74,13.57,21.21,21.56
Laos,LAO,AS,1982,19.19,14.74,21.39,21.54
Laos,LAO,AS,1983,18.79,13.72,21.38,21.37
Laos,LAO,AS,1984,19.57,13.95,23.64,21.18
Laos,LAO,AS,1985,19.38,13.25,23.66,21.31
Laos,LAO,AS,1986,19.89,14.68,23.65,21.39
Laos,LAO,AS,1987,21.23,18.72,23.66,21.32
Laos,LAO,AS,1988,22.72,22.4,23.66,22.08
Laos,LAO,AS,1989,22.12,21.09,23.57,21.68
Laos,LAO,AS,1990,24.01,22.16,28.02,21.77
Laos,LAO,AS,1991,25.98,25.7,29.99,22.1
Laos,LAO,AS,1992,26.55,27.44,29.18,22.91
Laos,LAO,AS,1993,28.93,33.22,30.27,23.09
Laos,LAO,AS,1994,30.2,35.03,31.26,24.09
Laos,LAO,AS,1995,30.51,35.03,31.99,24.29
Laos,LAO,AS,1996,32.58,39.69,33.56,24.19
Laos,LAO,AS,1997,36.69,50.24,33.96,25.47
Laos,LAO,AS,1998,39.04,55.84,34.46,26.34
Laos,LAO,AS,1999,38.94,53.2,34.72,28.51
Laos,LAO,AS,2000,37.14,48.14,34.62,28.32
Laos,LAO,AS,2001,36.54,46.06,35.21,28.03
Laos,LAO,AS,2002,36.48,45.46,35.09,28.59
Laos,LAO,AS,2003,34.92,39.3,36.03,29.21
Laos,LAO,AS,2004,35.92,40.98,35.92,30.66
Laos,LAO,AS,2005,37.32,42.17,36.48,33.14
Laos,LAO,AS,2006,39.4,42.49,38.69,36.91
Laos,LAO,AS,2007,40.04,42.54,39.46,38.04
Laos,LAO,AS,2008,40.8,42.01,39.69,40.68
Laos,LAO,AS,2009,41.35,41.86,40.47,41.73
Laos,LAO,AS,2010,42.27,45.35,40.39,41.02
Laos,LAO,AS,2011,42.69,44.88,41.17,42.01
Laos,LAO,AS,2012,43.78,47.4,41.61,42.28
Laos,LAO,AS,2013,44.25,46.7,41.7,44.37
Laos,LAO,AS,2014,44.9,47.26,41.6,45.89
Laos,LAO,AS,2015,45.08,47.93,42.18,45.14
Laos,LAO,AS,2016,44.74,46.36,42.38,45.51
Laos,LAO,AS,2017,45.83,49.25,42.94,45.29
Laos,LAO,AS,2018,45.37,49.57,41.25,45.29
Laos,LAO,AS,2019,45.34,50.45,41.11,44.43
Laos,LAO,AS,2020,44,47,41,43
Latvia,LVA,EU,1990,43.68,49.28,26.83,54.93
Latvia,LVA,EU,1991,43.07,49.3,26.19,53.72
Latvia,LVA,EU,1992,47.78,56.57,32.14,54.63
Latvia,LVA,EU,1993,49.47,57.23,34.98,56.2
Latvia,LVA,EU,1994,51.77,57.8,39.3,58.23
Latvia,LVA,EU,1995,53.49,60.25,42.23,57.99
Latvia,LVA,EU,1996,57.23,68,43.75,59.96
Latvia,LVA,EU,1997,58.97,70.1,47.24,59.56
Latvia,LVA,EU,1998,60.35,70.96,48.57,61.51
Latvia,LVA,EU,1999,61.16,70.4,51.65,61.45
Latvia,LVA,EU,2000,61.65,68.28,52.65,64.02
Latvia,LVA,EU,2001,62.9,70.46,52.68,65.55
Latvia,LVA,EU,2002,63.01,68.87,53.82,66.35
Latvia,LVA,EU,2003,64.31,71.5,54.63,66.81
Latvia,LVA,EU,2004,68.79,77.63,57.9,70.85
Latvia,LVA,EU,2005,70.15,77.4,59.11,73.93
Latvia,LVA,EU,2006,72.06,78.53,62.67,74.97
Latvia,LVA,EU,2007,73.37,79.11,64.18,76.82
Latvia,LVA,EU,2008,73.23,77.59,64.96,77.15
Latvia,LVA,EU,2009,72.38,74.66,65.76,76.72
Latvia,LVA,EU,2010,73.52,77.92,65.87,76.76
Latvia,LVA,EU,2011,74.28,79.21,65.62,78.01
Latvia,LVA,EU,2012,75.23,80.62,66.66,78.4
Latvia,LVA,EU,2013,75.81,80.59,66.96,79.87
Latvia,LVA,EU,2014,76.1,80.81,67.61,79.87
Latvia,LVA,EU,2015,76.5,81.36,68.42,79.72
Latvia,LVA,EU,2016,80.18,81.54,77.99,80.99
Latvia,LVA,EU,2017,80.3,82.08,78.31,80.53
Latvia,LVA,EU,2018,79.77,81.54,77.27,80.5
Latvia,LVA,EU,2019,80.19,81.1,77.26,82.22
Latvia,LVA,EU,2020,77,81,67,82
Lebanon,LBN,AS,1981,51.1,59.58,44.84,48.73
Lebanon,LBN,AS,1982,51.14,59.51,45,48.77
Lebanon,LBN,AS,1983,51.32,59.73,45.42,48.66
Lebanon,LBN,AS,1984,51.7,60.32,46.01,48.57
Lebanon,LBN,AS,1985,52.01,60.89,46.24,48.72
Lebanon,LBN,AS,1986,52.12,61.09,46.09,49
Lebanon,LBN,AS,1987,52.22,61.46,46.33,48.65
Lebanon,LBN,AS,1988,52.59,61.93,46.37,49.27
Lebanon,LBN,AS,1989,53.09,62.43,46.22,50.45
Lebanon,LBN,AS,1990,53.16,62.44,46.15,50.75
Lebanon,LBN,AS,1991,54.59,61.39,50.39,51.83
Lebanon,LBN,AS,1992,54.38,60.71,50.2,52.09
Lebanon,LBN,AS,1993,53.23,59.21,49.15,51.2
Lebanon,LBN,AS,1994,53.16,59.4,48.49,51.5
Lebanon,LBN,AS,1995,53.37,59.52,48.92,51.58
Lebanon,LBN,AS,1996,53.14,58.74,48.67,51.93
Lebanon,LBN,AS,1997,57.13,61.23,57.99,51.83
Lebanon,LBN,AS,1998,57.64,61.37,58.93,52.29
Lebanon,LBN,AS,1999,58.55,61.93,60.22,53.16
Lebanon,LBN,AS,2000,59.35,62.99,60.96,53.75
Lebanon,LBN,AS,2001,60.21,64.31,61.79,54.16
Lebanon,LBN,AS,2002,60.52,65.57,62.05,53.5
Lebanon,LBN,AS,2003,62.9,71.19,63.15,53.79
Lebanon,LBN,AS,2004,67.07,72.94,72.39,55.13
Lebanon,LBN,AS,2005,68.32,73.92,74.08,56.19
Lebanon,LBN,AS,2006,69.54,75.26,75.08,57.52
Lebanon,LBN,AS,2007,67.86,76.45,65.82,60.86
Lebanon,LBN,AS,2008,68.43,76.75,66.56,61.52
Lebanon,LBN,AS,2009,68.51,74.79,66.66,63.76
Lebanon,LBN,AS,2010,70.19,74.11,67.33,69.06
Lebanon,LBN,AS,2011,70.13,74.18,67.32,68.78
Lebanon,LBN,AS,2012,69.4,72.52,67.48,68.12
Lebanon,LBN,AS,2013,69.45,72.78,67.63,67.82
Lebanon,LBN,AS,2014,68.82,71.26,67.04,68.12
Lebanon,LBN,AS,2015,68.36,69.64,67.85,67.52
Lebanon,LBN,AS,2016,68.36,69.35,67.92,67.76
Lebanon,LBN,AS,2017,68.27,69,67.96,67.84
Lebanon,LBN,AS,2018,67.68,68.63,67.74,66.61
Lebanon,LBN,AS,2019,67.6,69.09,67.6,65.99
Lebanon,LBN,AS,2020,68,70,67,67
Lesotho,LSO,AF,1981,36.09,43.16,26.94,38.25
Lesotho,LSO,AF,1982,37.93,49.26,26.95,37.59
Lesotho,LSO,AF,1983,37.99,49.58,26.99,37.36
Lesotho,LSO,AF,1984,38.08,50.36,26.63,37.2
Lesotho,LSO,AF,1985,39.14,52.64,27.82,36.88
Lesotho,LSO,AF,1986,39.26,52.33,28.63,36.73
Lesotho,LSO,AF,1987,38.85,52.44,28.3,35.7
Lesotho,LSO,AF,1988,38.82,52.12,28.53,35.68
Lesotho,LSO,AF,1989,39.25,52.45,28.56,36.63
Lesotho,LSO,AF,1990,39.22,52.44,28.58,36.55
Lesotho,LSO,AF,1991,41.14,54.84,31.25,37.21
Lesotho,LSO,AF,1992,40.64,54.49,30.58,36.71
Lesotho,LSO,AF,1993,40.82,55.33,30.67,36.31
Lesotho,LSO,AF,1994,41.03,56.37,30.97,35.55
Lesotho,LSO,AF,1995,41.59,57.76,31.83,34.94
Lesotho,LSO,AF,1996,41.12,54.78,32.92,35.45
Lesotho,LSO,AF,1997,41.38,54.5,33.57,35.86
Lesotho,LSO,AF,1998,41.43,54.66,33.35,36.08
Lesotho,LSO,AF,1999,42.15,53.63,34.23,38.46
Lesotho,LSO,AF,2000,44.22,58.62,33.84,40.03
Lesotho,LSO,AF,2001,44.9,59.76,33.85,40.94
Lesotho,LSO,AF,2002,46.63,60.74,34.95,44.12
Lesotho,LSO,AF,2003,46.83,60.25,35.85,44.29
Lesotho,LSO,AF,2004,46.81,59.07,36.2,45.1
Lesotho,LSO,AF,2005,46.56,57.1,37.78,44.71
Lesotho,LSO,AF,2006,46.43,56.99,36.21,46.09
Lesotho,LSO,AF,2007,46.47,57.35,36.42,45.59
Lesotho,LSO,AF,2008,50.32,56.82,48.05,45.91
Lesotho,LSO,AF,2009,47.84,58.69,37.29,47.54
Lesotho,LSO,AF,2010,52.1,59.6,49.64,46.85
Lesotho,LSO,AF,2011,51.37,57.43,49.69,46.8
Lesotho,LSO,AF,2012,52.24,57.45,50.83,48.28
Lesotho,LSO,AF,2013,52.57,54.48,50.77,52.46
Lesotho,LSO,AF,2014,53.86,57.47,50.68,53.42
Lesotho,LSO,AF,2015,53.11,55.62,50.47,53.24
Lesotho,LSO,AF,2016,53.05,56.17,49.95,53.02
Lesotho,LSO,AF,2017,49.66,54.92,41.24,52.94
Lesotho,LSO,AF,2018,48.99,55.99,38.62,52.52
Lesotho,LSO,AF,2019,48.04,55.3,38.3,50.64
Lesotho,LSO,AF,2020,50,59,38,52
Liberia,LBR,AF,1981,31.76,35.99,35.48,22.43
Liberia,LBR,AF,1982,32.11,35.97,36.51,22.43
Liberia,LBR,AF,1983,32.89,37.11,36.95,23.2
Liberia,LBR,AF,1984,32.78,36.47,37.36,23.15
Liberia,LBR,AF,1985,33,35.98,37.59,24.16
Liberia,LBR,AF,1986,32.9,35.14,38.2,24.13
Liberia,LBR,AF,1987,32.36,33.37,38.43,24.12
Liberia,LBR,AF,1988,33.15,35.35,38.09,24.84
Liberia,LBR,AF,1989,35.24,40.88,38.1,25.36
Liberia,LBR,AF,1990,36.41,45.75,37.94,23.79
Liberia,LBR,AF,1991,37.15,46.89,38.54,24.24
Liberia,LBR,AF,1992,38.84,49.26,40.36,24.98
Liberia,LBR,AF,1993,39.72,51.4,40.61,25.14
Liberia,LBR,AF,1994,40.44,52.91,40.85,25.51
Liberia,LBR,AF,1995,41.54,55.54,41.62,25.2
Liberia,LBR,AF,1996,42.22,55.52,41.91,27.17
Liberia,LBR,AF,1997,42.57,55.46,41.75,28.58
Liberia,LBR,AF,1998,43.25,57.72,41.64,28.37
Liberia,LBR,AF,1999,43.89,58.91,41.6,29.14
Liberia,LBR,AF,2000,43.63,58.87,41.55,28.39
Liberia,LBR,AF,2001,41.15,52.35,41.7,27.54
Liberia,LBR,AF,2002,40.75,52.72,39.61,28.23
Liberia,LBR,AF,2003,41.27,51.68,40.52,30.11
Liberia,LBR,AF,2004,42.56,54.06,40.17,32.05
Liberia,LBR,AF,2005,43.16,53.72,40.33,34.24
Liberia,LBR,AF,2006,44.53,55.05,40.73,36.78
Liberia,LBR,AF,2007,44.58,54.19,41.15,37.47
Liberia,LBR,AF,2008,46.1,57.07,41.7,38.53
Liberia,LBR,AF,2009,45.71,54.37,42.62,39.28
Liberia,LBR,AF,2010,45.68,52.06,43.2,41.19
Liberia,LBR,AF,2011,46.11,53.09,42.73,41.94
Liberia,LBR,AF,2012,49.85,52.57,52.87,43.2
Liberia,LBR,AF,2013,50.42,51.81,54.66,43.89
Liberia,LBR,AF,2014,49.83,48.63,55.46,44.7
Liberia,LBR,AF,2015,49.23,45.63,55.93,45.64
Liberia,LBR,AF,2016,48.43,44.82,55.88,43.98
Liberia,LBR,AF,2017,48.35,43.62,56.46,44.45
Liberia,LBR,AF,2018,47.73,43.25,54.33,45.31
Liberia,LBR,AF,2019,46.89,42.69,54.39,43.08
Liberia,LBR,AF,2020,47,44,54,43
Libya,LBY,AF,1981,35.39,32.94,38.16,34.64
Libya,LBY,AF,1982,34.56,29.52,38.92,34.55
Libya,LBY,AF,1983,34.56,29.36,38.92,34.69
Libya,LBY,AF,1984,34.6,29.46,39.3,34.31
Libya,LBY,AF,1985,34.46,29.6,39.32,33.69
Libya,LBY,AF,1986,34.43,29.05,39.52,33.92
Libya,LBY,AF,1987,33.96,29.11,39.54,32.39
Libya,LBY,AF,1988,34.59,29.53,39.74,33.7
Libya,LBY,AF,1989,34.37,29.61,39.78,32.9
Libya,LBY,AF,1990,34.97,29.5,40.9,33.6
Libya,LBY,AF,1991,36.67,28.85,46.86,32.74
Libya,LBY,AF,1992,35.55,25.02,46.83,33.03
Libya,LBY,AF,1993,35.7,24.65,47.64,32.97
Libya,LBY,AF,1994,36.02,25.22,47.79,33.22
Libya,LBY,AF,1995,37.5,26.88,50.07,33.6
Libya,LBY,AF,1996,37.71,26.57,50.73,33.78
Libya,LBY,AF,1997,37.3,25.15,50.71,33.92
Libya,LBY,AF,1998,39.28,30.49,50.71,34.85
Libya,LBY,AF,1999,41.45,25.41,60.47,35.47
Libya,LBY,AF,2000,43.92,29.93,61.55,37.54
Libya,LBY,AF,2001,44.87,34.06,61.43,36.61
Libya,LBY,AF,2002,45.59,46.29,51.7,37.97
Libya,LBY,AF,2003,45.13,43.81,53,37.5
Libya,LBY,AF,2004,46.48,44.31,54.07,39.99
Libya,LBY,AF,2005,47.87,44.37,55.92,42.17
Libya,LBY,AF,2006,48.88,46.82,57.78,40.81
Libya,LBY,AF,2007,53.46,48.52,68.9,40.79
Libya,LBY,AF,2008,54.8,48.34,71.18,42.58
Libya,LBY,AF,2009,56.75,51.18,70.69,46.44
Libya,LBY,AF,2010,56.47,50.66,69.96,46.9
Libya,LBY,AF,2011,55.61,55.58,61.14,49.34
Libya,LBY,AF,2012,55.41,52.68,61.85,50.77
Libya,LBY,AF,2013,56.62,56.08,62,51.04
Libya,LBY,AF,2014,57.09,59.5,61.75,49.37
Libya,LBY,AF,2015,57.37,59.77,62.02,49.69
Libya,LBY,AF,2016,55.48,54.21,62.08,49.22
Libya,LBY,AF,2017,55.45,55.07,61.94,48.43
Libya,LBY,AF,2018,55.28,55.05,62.18,47.69
Libya,LBY,AF,2019,55.06,54.44,61.52,48.32
Libya,LBY,AF,2020,55,48,69,47
Liechtenstein,LIE,EU,1981,46.19,,17.76,84.34
Liechtenstein,LIE,EU,1982,46.58,,18.33,84.45
Liechtenstein,LIE,EU,1983,46.75,,18.69,84.2
Liechtenstein,LIE,EU,1984,47.01,,19.07,84.09
Liechtenstein,LIE,EU,1985,47.3,,19.46,84.16
Liechtenstein,LIE,EU,1986,47.86,,20.23,84.18
Liechtenstein,LIE,EU,1987,47.97,,20.43,84.21
Liechtenstein,LIE,EU,1988,48.12,,20.65,84.29
Liechtenstein,LIE,EU,1989,48.08,,20.62,84.22
Liechtenstein,LIE,EU,1990,48.31,,20.98,84.27
Liechtenstein,LIE,EU,1991,49.24,,22.09,84.51
Liechtenstein,LIE,EU,1992,49.93,,22.19,86.13
Liechtenstein,LIE,EU,1993,49.93,,22.37,85.68
Liechtenstein,LIE,EU,1994,50,,22.48,85.56
Liechtenstein,LIE,EU,1995,50.39,,22.55,86.32
Liechtenstein,LIE,EU,1996,50.59,,22.39,86.57
Liechtenstein,LIE,EU,1997,50.7,,22.21,86.67
Liechtenstein,LIE,EU,1998,51.89,,22.15,86.97
Liechtenstein,LIE,EU,1999,52.46,,22.69,87.41
Liechtenstein,LIE,EU,2000,52.79,,22.92,87.6
Liechtenstein,LIE,EU,2001,53.16,,22.83,88.53
Liechtenstein,LIE,EU,2002,53.21,,22.92,88.2
Liechtenstein,LIE,EU,2003,53.43,,22.85,88.72
Liechtenstein,LIE,EU,2004,52.7,,23.14,85.89
Liechtenstein,LIE,EU,2005,53.76,,23.04,88.96
Liechtenstein,LIE,EU,2006,54.26,,23.54,89.62
Liechtenstein,LIE,EU,2007,53.3,,23.5,86.63
Liechtenstein,LIE,EU,2008,52.96,,23.58,85.32
Liechtenstein,LIE,EU,2009,54.59,,23.52,90.12
Liechtenstein,LIE,EU,2010,53.32,,23.83,85.96
Liechtenstein,LIE,EU,2011,54.89,,23.83,90.48
Liechtenstein,LIE,EU,2012,55.18,,23.98,90.99
Liechtenstein,LIE,EU,2013,55.09,,24.14,90.83
Liechtenstein,LIE,EU,2014,53.33,,24.3,84.64
Liechtenstein,LIE,EU,2015,54.69,,24.64,88.11
Liechtenstein,LIE,EU,2016,54.45,,24.45,87.72
Liechtenstein,LIE,EU,2017,54.56,,24.47,88.03
Liechtenstein,LIE,EU,2018,54.21,,23.27,90.78
Liechtenstein,LIE,EU,2019,53.82,,23.09,90.16
Liechtenstein,LIE,EU,2020,53,,23,89
Lithuania,LTU,EU,1990,41.33,48.41,26.68,48.9
Lithuania,LTU,EU,1991,41.19,48.44,26.28,48.85
Lithuania,LTU,EU,1992,44.81,54.41,30.97,49.06
Lithuania,LTU,EU,1993,48.65,56.24,35.79,53.92
Lithuania,LTU,EU,1994,52.35,55.79,48.52,52.75
Lithuania,LTU,EU,1995,55.67,59.78,54.25,52.98
Lithuania,LTU,EU,1996,59.39,65.18,55.32,57.66
Lithuania,LTU,EU,1997,62.1,68.16,58.56,59.57
Lithuania,LTU,EU,1998,63.17,68.7,60.01,60.79
Lithuania,LTU,EU,1999,63.57,68.55,61.3,60.86
Lithuania,LTU,EU,2000,65.57,68.98,63.38,64.36
Lithuania,LTU,EU,2001,67.01,71.12,64.68,65.24
Lithuania,LTU,EU,2002,67.12,69.33,65.36,66.68
Lithuania,LTU,EU,2003,69.36,71.17,68.21,68.69
Lithuania,LTU,EU,2004,72.21,74.23,72.73,69.67
Lithuania,LTU,EU,2005,73.46,73.4,73.23,73.74
Lithuania,LTU,EU,2006,75.04,75.33,74.64,75.16
Lithuania,LTU,EU,2007,76.65,76,76.84,77.11
Lithuania,LTU,EU,2008,76.78,74.78,77.74,77.82
Lithuania,LTU,EU,2009,75.46,71.73,77.48,77.18
Lithuania,LTU,EU,2010,76.75,75.2,76.86,78.2
Lithuania,LTU,EU,2011,77.54,75.5,77.33,79.77
Lithuania,LTU,EU,2012,77.75,75.09,77.28,80.89
Lithuania,LTU,EU,2013,78.93,74.83,77.67,84.27
Lithuania,LTU,EU,2014,79.46,74.94,78.59,84.84
Lithuania,LTU,EU,2015,80.32,77.89,78.86,84.21
Lithuania,LTU,EU,2016,80.77,78.17,78.84,85.3
Lithuania,LTU,EU,2017,81.29,79.36,79.2,85.31
Lithuania,LTU,EU,2018,81.15,79.54,78.67,85.24
Lithuania,LTU,EU,2019,81.83,80.89,78.85,85.76
Lithuania,LTU,EU,2020,81,81,79,84
Luxembourg,LUX,EU,1981,75.03,82.04,64.59,79
Luxembourg,LUX,EU,1982,75.46,82.51,64.68,79.74
Luxembourg,LUX,EU,1983,75.76,82.54,66.5,78.76
Luxembourg,LUX,EU,1984,76.23,82.89,67.53,78.78
Luxembourg,LUX,EU,1985,77.23,83.7,67.71,80.75
Luxembourg,LUX,EU,1986,77.17,83.47,67.52,80.99
Luxembourg,LUX,EU,1987,76.48,83.51,65.1,81.36
Luxembourg,LUX,EU,1988,75.03,83.57,60.69,81.47
Luxembourg,LUX,EU,1989,73.94,83.54,57.33,81.68
Luxembourg,LUX,EU,1990,74.17,83.87,57.54,81.85
Luxembourg,LUX,EU,1991,76.45,84.69,62.97,82.33
Luxembourg,LUX,EU,1992,81.63,85.42,77.02,82.77
Luxembourg,LUX,EU,1993,82.11,86.22,77.23,83.23
Luxembourg,LUX,EU,1994,78.07,86.51,65.29,83.14
Luxembourg,LUX,EU,1995,78.2,87.04,64.65,83.71
Luxembourg,LUX,EU,1996,78.65,87.73,64.49,84.54
Luxembourg,LUX,EU,1997,79.16,89.35,64.22,84.86
Luxembourg,LUX,EU,1998,79.46,90.39,64.05,84.94
Luxembourg,LUX,EU,1999,80.45,91.4,65.52,85.44
Luxembourg,LUX,EU,2000,81.3,92.55,65.47,86.91
Luxembourg,LUX,EU,2001,81.48,93.21,66.59,85.68
Luxembourg,LUX,EU,2002,81.05,91.55,66.44,86.09
Luxembourg,LUX,EU,2003,81.34,92.3,67.51,85.19
Luxembourg,LUX,EU,2004,82.46,93.57,68.4,86.42
Luxembourg,LUX,EU,2005,82.87,92.44,68.36,88.66
Luxembourg,LUX,EU,2006,86.65,91.78,80.33,88.3
Luxembourg,LUX,EU,2007,87.8,91.79,82.32,89.64
Luxembourg,LUX,EU,2008,87.54,90.78,81.87,90.26
Luxembourg,LUX,EU,2009,87.55,90.69,81.7,90.53
Luxembourg,LUX,EU,2010,87.41,91.11,80.61,90.85
Luxembourg,LUX,EU,2011,87.48,89.93,80.93,91.81
Luxembourg,LUX,EU,2012,87.35,89.44,81.11,91.69
Luxembourg,LUX,EU,2013,87.32,88.68,81.38,92.02
Luxembourg,LUX,EU,2014,87.36,89.31,80.68,92.27
Luxembourg,LUX,EU,2015,83.85,89,70.96,92.08
Luxembourg,LUX,EU,2016,83.63,88.4,71,91.95
Luxembourg,LUX,EU,2017,83.65,88.3,71.03,92.05
Luxembourg,LUX,EU,2018,82.82,87.36,70.66,90.89
Luxembourg,LUX,EU,2019,82.98,87.77,70.66,90.97
Luxembourg,LUX,EU,2020,85,86,80,90
Macao,MAC,AS,1981,37.16,57.63,3.16,60.65
Macao,MAC,AS,1982,37.21,57.9,3.16,60.6
Macao,MAC,AS,1983,37.35,58.02,3.17,60.89
Macao,MAC,AS,1984,37.43,57.62,3.18,61.44
Macao,MAC,AS,1985,38.15,57.04,3.19,63.87
Macao,MAC,AS,1986,38.22,56.76,3.2,64.25
Macao,MAC,AS,1987,38.43,57.06,3.21,64.55
Macao,MAC,AS,1988,38.57,57.06,3.22,64.92
Macao,MAC,AS,1989,38.72,57,3.22,65.35
Macao,MAC,AS,1990,38.78,56.63,3.2,65.78
Macao,MAC,AS,1991,39.17,57.27,3.36,66.27
Macao,MAC,AS,1992,38.93,55.51,3.33,66.87
Macao,MAC,AS,1993,39.81,58.07,4.03,66.73
Macao,MAC,AS,1994,39.95,57.19,4.36,67.38
Macao,MAC,AS,1995,39.75,55.99,4.33,67.66
Macao,MAC,AS,1996,40.12,55.91,4.87,68.17
Macao,MAC,AS,1997,40.28,55.7,4.84,68.82
Macao,MAC,AS,1998,41.2,57.3,4.82,70.3
Macao,MAC,AS,1999,41.51,57.77,4.83,70.84
Macao,MAC,AS,2000,42.41,58.01,4.84,73.19
Macao,MAC,AS,2001,43.66,61.61,4.84,74.16
Macao,MAC,AS,2002,46.96,63.64,10.85,75.36
Macao,MAC,AS,2003,48.96,69.05,11.28,76.69
Macao,MAC,AS,2004,49.54,69.85,11.34,77.65
Macao,MAC,AS,2005,51.05,71.59,11.75,80.15
Macao,MAC,AS,2006,51.93,72.35,11.98,81.78
Macao,MAC,AS,2007,52.6,72.1,12.02,83.75
Macao,MAC,AS,2008,52.38,70.2,12.24,84.17
Macao,MAC,AS,2009,52.98,69.5,14,84.36
Macao,MAC,AS,2010,52.52,68.02,14.05,84.05
Macao,MAC,AS,2011,52.78,67.61,14.25,84.83
Macao,MAC,AS,2012,52.68,67.05,14.28,84.93
Macao,MAC,AS,2013,53,66.82,14.5,85.74
Macao,MAC,AS,2014,53.28,66.95,14.72,86.21
Macao,MAC,AS,2015,53.34,68.03,14.92,85.41
Macao,MAC,AS,2016,53.23,67.33,14.92,85.6
Macao,MAC,AS,2017,53.38,67.35,15.1,85.84
Macao,MAC,AS,2018,51.79,62.07,13.12,87.34
Macao,MAC,AS,2019,52.63,65.68,13.16,86.13
Macao,MAC,AS,2020,55,70,13,90
Madagascar,MDG,AF,1981,26.55,22.66,39.1,17.9
Madagascar,MDG,AF,1982,26.59,22.56,39.28,17.92
Madagascar,MDG,AF,1983,26.39,21.95,40.35,16.86
Madagascar,MDG,AF,1984,27.72,25.05,41.01,17.11
Madagascar,MDG,AF,1985,28.03,25.07,41.65,17.35
Madagascar,MDG,AF,1986,28.91,25.74,42.48,18.5
Madagascar,MDG,AF,1987,30.24,30.6,41.54,18.58
Madagascar,MDG,AF,1988,30.42,32.5,40.02,18.73
Madagascar,MDG,AF,1989,30.56,32.92,39.24,19.52
Madagascar,MDG,AF,1990,29.55,29.95,38.88,19.82
Madagascar,MDG,AF,1991,30.55,31.88,40.56,19.21
Madagascar,MDG,AF,1992,30.1,30.82,41.36,18.13
Madagascar,MDG,AF,1993,30.25,30.14,41.2,19.41
Madagascar,MDG,AF,1994,31.14,33.1,41.28,19.04
Madagascar,MDG,AF,1995,33.23,34.97,41.91,22.8
Madagascar,MDG,AF,1996,31.18,32.19,41.72,19.63
Madagascar,MDG,AF,1997,33.3,37.68,41.45,20.75
Madagascar,MDG,AF,1998,33.92,37.42,42.29,22.04
Madagascar,MDG,AF,1999,34.52,37.6,43.52,22.44
Madagascar,MDG,AF,2000,36.61,42.62,44.2,23
Madagascar,MDG,AF,2001,37.44,44.57,44.39,23.35
Madagascar,MDG,AF,2002,36.77,44.2,43.15,22.96
Madagascar,MDG,AF,2003,36.97,41.4,44.1,25.39
Madagascar,MDG,AF,2004,42.51,46.74,55.53,25.26
Madagascar,MDG,AF,2005,43.27,47.16,57.09,25.56
Madagascar,MDG,AF,2006,44.68,47.54,59.66,26.84
Madagascar,MDG,AF,2007,47.48,48.78,60.91,32.74
Madagascar,MDG,AF,2008,47.92,47.72,61.46,34.59
Madagascar,MDG,AF,2009,46.29,43.94,61.05,33.88
Madagascar,MDG,AF,2010,46.98,45.68,60.96,34.31
Madagascar,MDG,AF,2011,47.08,45.96,60.01,35.27
Madagascar,MDG,AF,2012,50.14,53.78,61.61,35.03
Madagascar,MDG,AF,2013,50.53,54.05,61.62,35.92
Madagascar,MDG,AF,2014,50.81,53.5,61.18,37.77
Madagascar,MDG,AF,2015,50.76,52.83,61.53,37.92
Madagascar,MDG,AF,2016,50.32,50.63,62.16,38.15
Madagascar,MDG,AF,2017,50.06,49.42,62.4,38.34
Madagascar,MDG,AF,2018,48.85,48.84,59.75,37.95
Madagascar,MDG,AF,2019,48.23,47.73,59.48,37.49
Madagascar,MDG,AF,2020,46,43,60,37
Malawi,MWI,AF,1981,29.77,44.31,26.65,18.36
Malawi,MWI,AF,1982,28.82,41.32,26.84,18.29
Malawi,MWI,AF,1983,29.39,41.06,29.25,17.87
Malawi,MWI,AF,1984,30.02,43.32,28.66,18.09
Malawi,MWI,AF,1985,31.54,44.31,32.22,18.1
Malawi,MWI,AF,1986,31.61,42.31,34.05,18.48
Malawi,MWI,AF,1987,31.45,43.06,32.45,18.84
Malawi,MWI,AF,1988,31.59,45.79,30.07,18.91
Malawi,MWI,AF,1989,30.48,43.09,28.56,19.8
Malawi,MWI,AF,1990,29.95,42.48,27.82,19.57
Malawi,MWI,AF,1991,30.45,41.95,29.48,19.9
Malawi,MWI,AF,1992,30.59,43.13,29.24,19.39
Malawi,MWI,AF,1993,29.61,38.4,29.14,21.29
Malawi,MWI,AF,1994,36.66,46.95,40.26,22.77
Malawi,MWI,AF,1995,37.62,47.83,42.06,22.97
Malawi,MWI,AF,1996,34.04,38.4,40.86,22.85
Malawi,MWI,AF,1997,30.2,37.78,29.25,23.57
Malawi,MWI,AF,1998,32.16,43.34,29.36,23.78
Malawi,MWI,AF,1999,39.14,47.42,45.28,24.73
Malawi,MWI,AF,2000,40.78,50.28,46.91,25.15
Malawi,MWI,AF,2001,43.12,52.06,48.17,29.11
Malawi,MWI,AF,2002,39.19,41.46,47.97,28.14
Malawi,MWI,AF,2003,40.93,42.97,49.41,30.42
Malawi,MWI,AF,2004,42.15,42.04,51.26,33.15
Malawi,MWI,AF,2005,42.02,40.06,51.9,34.11
Malawi,MWI,AF,2006,41.55,35.81,52.98,35.87
Malawi,MWI,AF,2007,43.08,37.87,55.63,35.72
Malawi,MWI,AF,2008,44.08,37.38,55.23,39.65
Malawi,MWI,AF,2009,44.09,35.04,55.83,41.41
Malawi,MWI,AF,2010,45.3,38.12,55.23,42.56
Malawi,MWI,AF,2011,46.17,38.95,56.62,42.94
Malawi,MWI,AF,2012,46.57,37.14,59.24,43.32
Malawi,MWI,AF,2013,48.72,44.18,58.9,43.07
Malawi,MWI,AF,2014,49.43,44.55,59.61,44.14
Malawi,MWI,AF,2015,49.45,43.44,60.97,43.94
Malawi,MWI,AF,2016,50.16,44.97,60.92,44.58
Malawi,MWI,AF,2017,49.84,43.89,61.12,44.52
Malawi,MWI,AF,2018,48.58,42.84,60.25,42.64
Malawi,MWI,AF,2019,47.1,38.53,60.1,42.67
Malawi,MWI,AF,2020,47,37,60,43
Malaysia,MYS,AS,1981,53.36,59.66,55.79,44.64
Malaysia,MYS,AS,1982,54.12,61.21,54.89,46.26
Malaysia,MYS,AS,1983,54.69,61.78,55.99,46.29
Malaysia,MYS,AS,1984,53.93,60.78,54.83,46.2
Malaysia,MYS,AS,1985,54.93,62.2,56.09,46.49
Malaysia,MYS,AS,1986,54.86,63.38,56.42,44.77
Malaysia,MYS,AS,1987,55.27,63.06,55.01,47.73
Malaysia,MYS,AS,1988,57.48,63.38,61.47,47.58
Malaysia,MYS,AS,1989,58.45,63.98,62.7,48.68
Malaysia,MYS,AS,1990,59.01,64.92,62.35,49.75
Malaysia,MYS,AS,1991,59.53,64.87,63.43,50.3
Malaysia,MYS,AS,1992,62.49,68.56,66.7,52.21
Malaysia,MYS,AS,1993,63.93,69.46,68.33,54
Malaysia,MYS,AS,1994,65.6,70.09,71.5,55.21
Malaysia,MYS,AS,1995,67.17,70.4,73.55,57.57
Malaysia,MYS,AS,1996,68.44,70.73,72.49,62.09
Malaysia,MYS,AS,1997,69.5,71.6,73.35,63.56
Malaysia,MYS,AS,1998,70.3,73.61,73.58,63.72
Malaysia,MYS,AS,1999,70.58,73.89,74.26,63.59
Malaysia,MYS,AS,2000,71.4,72.57,74.65,66.99
Malaysia,MYS,AS,2001,72.79,73.67,77.03,67.67
Malaysia,MYS,AS,2002,74.32,72.92,79.27,70.78
Malaysia,MYS,AS,2003,75.39,73.83,80.24,72.08
Malaysia,MYS,AS,2004,76.57,75.32,81.22,73.16
Malaysia,MYS,AS,2005,76.7,74.84,81.02,74.25
Malaysia,MYS,AS,2006,77.65,75.57,82.18,75.22
Malaysia,MYS,AS,2007,77.99,76.06,82.84,75.07
Malaysia,MYS,AS,2008,78.31,74.6,83.92,76.42
Malaysia,MYS,AS,2009,78.89,73.92,83.88,78.88
Malaysia,MYS,AS,2010,78.84,73.48,84.39,78.66
Malaysia,MYS,AS,2011,79.1,73.89,84.57,78.82
Malaysia,MYS,AS,2012,79.38,74.36,84.4,79.37
Malaysia,MYS,AS,2013,79.69,75.33,84.44,79.29
Malaysia,MYS,AS,2014,80.71,77.12,85.03,79.97
Malaysia,MYS,AS,2015,80.94,76.48,85.07,81.25
Malaysia,MYS,AS,2016,80.9,75.67,85.11,81.92
Malaysia,MYS,AS,2017,81.41,76.77,85.28,82.18
Malaysia,MYS,AS,2018,81.55,76.38,84.88,83.4
Malaysia,MYS,AS,2019,81.3,76.14,84.54,83.23
Malaysia,MYS,AS,2020,81,74,85,83
Maldives,MDV,AS,1981,35.2,51.81,12.72,45.45
Maldives,MDV,AS,1982,36.49,55.15,13.48,45.6
Maldives,MDV,AS,1983,36.13,54.56,12.91,45.71
Maldives,MDV,AS,1984,33.99,47.18,12.92,45.73
Maldives,MDV,AS,1985,31.59,45.75,12.55,40.29
Maldives,MDV,AS,1986,31.29,45.14,12.55,39.91
Maldives,MDV,AS,1987,32.72,49.87,12.55,40.05
Maldives,MDV,AS,1988,32.2,47.05,12.92,40.51
Maldives,MDV,AS,1989,33.36,49.74,12.68,41.83
Maldives,MDV,AS,1990,33.62,50.7,12.57,41.86
Maldives,MDV,AS,1991,33.96,49.52,13.77,42.56
Maldives,MDV,AS,1992,33.61,48.25,13.69,42.7
Maldives,MDV,AS,1993,32.88,47.13,13.57,41.56
Maldives,MDV,AS,1994,33.6,49.44,14.01,41.17
Maldives,MDV,AS,1995,34.15,51.75,13.71,41.05
Maldives,MDV,AS,1996,35.22,53.23,13.61,42.98
Maldives,MDV,AS,1997,35.54,53.07,13.67,44.04
Maldives,MDV,AS,1998,37.03,53.41,13.74,48.09
Maldives,MDV,AS,1999,37.56,52.64,14.47,49.57
Maldives,MDV,AS,2000,37.83,51.32,14.49,51.53
Maldives,MDV,AS,2001,36.54,46.12,14.96,51.78
Maldives,MDV,AS,2002,37.05,48.36,14.73,51.62
Maldives,MDV,AS,2003,37.29,48.7,15.07,51.66
Maldives,MDV,AS,2004,38.07,50.08,14.85,53
Maldives,MDV,AS,2005,39.94,52.77,15.69,55.26
Maldives,MDV,AS,2006,41.83,56.94,16.22,56.62
Maldives,MDV,AS,2007,44.28,62.62,16.41,58.72
Maldives,MDV,AS,2008,45.5,61.8,16.39,62.99
Maldives,MDV,AS,2009,45.69,61.47,16.93,63.18
Maldives,MDV,AS,2010,46.42,61.52,17.82,64.24
Maldives,MDV,AS,2011,47.42,64,18.01,64.8
Maldives,MDV,AS,2012,48.31,64.11,19.12,66.07
Maldives,MDV,AS,2013,48.66,64.67,19.14,66.57
Maldives,MDV,AS,2014,49.88,65.68,20.57,67.71
Maldives,MDV,AS,2015,49.37,63.81,21.49,66.89
Maldives,MDV,AS,2016,50.45,63.87,21.88,69.58
Maldives,MDV,AS,2017,50.24,63.47,21.9,69.36
Maldives,MDV,AS,2018,51.72,64.59,26.07,68.24
Maldives,MDV,AS,2019,51.49,64.63,26.1,67.5
Maldives,MDV,AS,2020,50,63,26,65
Mali,MLI,AF,1981,30.93,36.23,40.27,16.31
Mali,MLI,AF,1982,31.7,37.42,41.21,16.48
Mali,MLI,AF,1983,32.96,38.61,43.83,16.45
Mali,MLI,AF,1984,33.2,38.71,44.61,16.28
Mali,MLI,AF,1985,34.27,39.76,46.45,16.59
Mali,MLI,AF,1986,34.38,38.86,47.67,16.59
Mali,MLI,AF,1987,32.98,36.57,45.68,16.7
Mali,MLI,AF,1988,32.64,38.48,42.71,16.72
Mali,MLI,AF,1989,32.49,39.17,41.46,16.84
Mali,MLI,AF,1990,33.9,40.94,42.79,17.99
Mali,MLI,AF,1991,34.31,40.47,43.67,18.79
Mali,MLI,AF,1992,34.82,41.13,43.69,19.63
Mali,MLI,AF,1993,37.38,40.96,52.08,19.11
Mali,MLI,AF,1994,39.04,43.87,55.25,17.99
Mali,MLI,AF,1995,41.04,44.98,57.64,20.5
Mali,MLI,AF,1996,40.6,42.65,57.62,21.52
Mali,MLI,AF,1997,39.79,43.3,56.42,19.65
Mali,MLI,AF,1998,40.5,41.98,58.14,21.37
Mali,MLI,AF,1999,41.2,41.28,60.21,22.1
Mali,MLI,AF,2000,41.35,40.75,60.12,23.18
Mali,MLI,AF,2001,43.43,45.19,61.17,23.94
Mali,MLI,AF,2002,42.93,43.22,60.8,24.77
Mali,MLI,AF,2003,43.76,41.03,63.75,26.52
Mali,MLI,AF,2004,44.43,41.03,64,28.27
Mali,MLI,AF,2005,44.47,40.57,64.06,28.8
Mali,MLI,AF,2006,45.77,40.21,65.78,31.31
Mali,MLI,AF,2007,44.63,36.9,66.75,30.25
Mali,MLI,AF,2008,46.12,36.67,65.81,35.88
Mali,MLI,AF,2009,45.89,34.42,66.48,36.76
Mali,MLI,AF,2010,47.75,38,67.13,38.13
Mali,MLI,AF,2011,47.51,34.99,68.09,39.44
Mali,MLI,AF,2012,47.55,36.99,68.29,37.38
Mali,MLI,AF,2013,48.96,39.35,68.1,39.43
Mali,MLI,AF,2014,49.45,39.66,68.57,40.11
Mali,MLI,AF,2015,49.14,39.4,68.66,39.37
Mali,MLI,AF,2016,48.69,38.66,68.37,39.02
Mali,MLI,AF,2017,48.72,38.68,68.64,38.83
Mali,MLI,AF,2018,48.6,38.27,69.18,38.36
Mali,MLI,AF,2019,48.83,38.24,69.59,38.67
Mali,MLI,AF,2020,49,37,69,40
Malta,MLT,EU,1981,55.69,60.34,41.88,64.83
Malta,MLT,EU,1982,55.32,59.84,41.51,64.61
Malta,MLT,EU,1983,55.28,59.96,42.34,63.55
Malta,MLT,EU,1984,55.82,60.66,42.35,64.45
Malta,MLT,EU,1985,55.42,60.48,42.79,62.99
Malta,MLT,EU,1986,55.14,59.29,43.3,62.84
Malta,MLT,EU,1987,55.66,58.48,43.17,65.33
Malta,MLT,EU,1988,55.82,58.64,42.85,65.97
Malta,MLT,EU,1989,56.88,58.62,44.42,67.59
Malta,MLT,EU,1990,57.25,59.04,44.86,67.85
Malta,MLT,EU,1991,58.18,58.99,46.99,68.57
Malta,MLT,EU,1992,58.26,59.07,46.82,68.9
Malta,MLT,EU,1993,58.98,60.88,47.49,68.58
Malta,MLT,EU,1994,60.93,65.23,47.89,69.66
Malta,MLT,EU,1995,63.04,69.69,47.71,71.73
Malta,MLT,EU,1996,64.16,67.64,50.1,74.72
Malta,MLT,EU,1997,64.29,67.48,49.38,76
Malta,MLT,EU,1998,65.35,68.98,49.46,77.61
Malta,MLT,EU,1999,66.12,69.58,49.8,78.99
Malta,MLT,EU,2000,67.04,70.28,50.34,80.5
Malta,MLT,EU,2001,67.11,69.45,50.69,81.2
Malta,MLT,EU,2002,67.38,68.84,50.34,82.96
Malta,MLT,EU,2003,67.01,67.47,51.77,81.78
Malta,MLT,EU,2004,74.4,86.82,53.94,82.44
Malta,MLT,EU,2005,74.4,86.76,54.09,82.35
Malta,MLT,EU,2006,76.62,88.1,56.07,85.69
Malta,MLT,EU,2007,77.42,88.84,57.95,85.46
Malta,MLT,EU,2008,77.13,87.58,58.16,85.64
Malta,MLT,EU,2009,77.51,86.73,59.99,85.82
Malta,MLT,EU,2010,77.86,88.43,59.71,85.43
Malta,MLT,EU,2011,78.21,88.3,60.31,86.02
Malta,MLT,EU,2012,78.54,88.16,61.84,85.62
Malta,MLT,EU,2013,78.33,86.69,62.3,85.98
Malta,MLT,EU,2014,79.04,88.66,61.85,86.62
Malta,MLT,EU,2015,78.3,87.22,62.26,85.4
Malta,MLT,EU,2016,78.3,87.78,62.3,84.84
Malta,MLT,EU,2017,77.87,86.5,62.15,84.95
Malta,MLT,EU,2018,77.28,86.15,61.51,84.17
Malta,MLT,EU,2019,78.03,87.18,61.7,85.22
Malta,MLT,EU,2020,81,86,72,85
Mauritania,MRT,AF,1981,35.14,49.54,31.62,24
Mauritania,MRT,AF,1982,35.23,49.75,31.63,24.06
Mauritania,MRT,AF,1983,34.85,49.07,31.28,23.99
Mauritania,MRT,AF,1984,35.19,48.65,32.62,24
Mauritania,MRT,AF,1985,36.69,53.25,32.28,24.34
Mauritania,MRT,AF,1986,36.64,50.97,34.03,24.58
Mauritania,MRT,AF,1987,36.13,49.91,33.5,24.65
Mauritania,MRT,AF,1988,35.47,47.32,33.71,25.04
Mauritania,MRT,AF,1989,35.75,46.6,35.13,25.07
Mauritania,MRT,AF,1990,35.3,44.83,35.32,25.27
Mauritania,MRT,AF,1991,34.08,37.7,38.32,25.44
Mauritania,MRT,AF,1992,33.96,36.84,38.56,25.71
Mauritania,MRT,AF,1993,36.73,45.43,38.43,25.65
Mauritania,MRT,AF,1994,34.92,41.17,38.34,24.47
Mauritania,MRT,AF,1995,36.14,43.04,39.01,25.63
Mauritania,MRT,AF,1996,37.35,46.6,38.48,26.36
Mauritania,MRT,AF,1997,36.28,42.22,39.31,26.59
Mauritania,MRT,AF,1998,35.96,38.96,39.07,29.28
Mauritania,MRT,AF,1999,36.95,39.2,39.94,31.18
Mauritania,MRT,AF,2000,37.83,40.81,40.07,32.14
Mauritania,MRT,AF,2001,39.6,41.9,42.36,34.06
Mauritania,MRT,AF,2002,40.4,42.1,41.82,36.99
Mauritania,MRT,AF,2003,41.39,42.65,43.38,37.82
Mauritania,MRT,AF,2004,42.99,45.54,43.4,39.82
Mauritania,MRT,AF,2005,45.12,48.84,43.39,43.15
Mauritania,MRT,AF,2006,45.54,46.93,44.74,44.99
Mauritania,MRT,AF,2007,49.55,46.79,55.28,45.99
Mauritania,MRT,AF,2008,50.02,46.71,57.15,45.47
Mauritania,MRT,AF,2009,49.48,46.33,55.88,45.58
Mauritania,MRT,AF,2010,46.84,47.57,46.4,46.55
Mauritania,MRT,AF,2011,47.99,49.7,46.49,47.89
Mauritania,MRT,AF,2012,51.95,49.71,57.53,48.07
Mauritania,MRT,AF,2013,51.35,48.41,57.48,47.6
Mauritania,MRT,AF,2014,52.52,49.31,59.71,47.88
Mauritania,MRT,AF,2015,51.8,44.89,61.9,47.78
Mauritania,MRT,AF,2016,51.61,44.07,62.98,46.85
Mauritania,MRT,AF,2017,52.29,45.33,63.67,46.87
Mauritania,MRT,AF,2018,50.57,41.4,63.12,46.3
Mauritania,MRT,AF,2019,51.12,42.97,63.18,46.32
Mauritania,MRT,AF,2020,51,42,63,46
Mauritius,MUS,AF,1981,42.6,43.26,37.86,46.68
Mauritius,MUS,AF,1982,42.4,43.26,37.87,46.07
Mauritius,MUS,AF,1983,42.44,41.87,38.54,46.92
Mauritius,MUS,AF,1984,43.15,44.19,37.41,47.86
Mauritius,MUS,AF,1985,43.68,45.12,38.08,47.83
Mauritius,MUS,AF,1986,44.93,45.44,39.78,49.56
Mauritius,MUS,AF,1987,44.91,46.57,39.04,49.14
Mauritius,MUS,AF,1988,45.63,47.92,38.48,50.47
Mauritius,MUS,AF,1989,45.89,49.24,37.9,50.53
Mauritius,MUS,AF,1990,45.76,48.96,38.45,49.86
Mauritius,MUS,AF,1991,46.79,48.91,40.68,50.78
Mauritius,MUS,AF,1992,46.67,47.97,40.5,51.53
Mauritius,MUS,AF,1993,47.29,50.62,40.51,50.73
Mauritius,MUS,AF,1994,47.46,49.12,41.13,52.14
Mauritius,MUS,AF,1995,48.54,49.76,43.88,51.96
Mauritius,MUS,AF,1996,49.13,50.71,42.42,54.25
Mauritius,MUS,AF,1997,51.18,53.52,43.57,56.46
Mauritius,MUS,AF,1998,52.44,54.48,44.69,58.16
Mauritius,MUS,AF,1999,53.19,54.51,45.49,59.56
Mauritius,MUS,AF,2000,55.2,58.58,46.24,60.78
Mauritius,MUS,AF,2001,57.96,62.06,46.82,65.01
Mauritius,MUS,AF,2002,56.08,55.04,46.71,66.49
Mauritius,MUS,AF,2003,60.54,54.88,58.6,68.14
Mauritius,MUS,AF,2004,61,54.34,59.09,69.56
Mauritius,MUS,AF,2005,64.61,63.89,59.95,70
Mauritius,MUS,AF,2006,67.8,71.13,61.42,70.85
Mauritius,MUS,AF,2007,70.42,77.71,62.47,71.08
Mauritius,MUS,AF,2008,70.7,77.14,61.89,73.07
Mauritius,MUS,AF,2009,69.39,80.8,52.86,74.5
Mauritius,MUS,AF,2010,70.48,82.83,53.26,75.34
Mauritius,MUS,AF,2011,70.65,82.55,53.13,76.27
Mauritius,MUS,AF,2012,71.49,84.51,53.75,76.21
Mauritius,MUS,AF,2013,71.67,83.84,54.15,77.02
Mauritius,MUS,AF,2014,72.58,85.19,54.95,77.6
Mauritius,MUS,AF,2015,72.26,82.65,55.53,78.61
Mauritius,MUS,AF,2016,72.66,82.47,56.09,79.42
Mauritius,MUS,AF,2017,72.46,82.16,56.09,79.12
Mauritius,MUS,AF,2018,72.27,82.65,55.78,78.38
Mauritius,MUS,AF,2019,72.11,82.21,55.78,78.35
Mauritius,MUS,AF,2020,71,81,56,78
Mexico,MEX,NA,1981,45.41,34.05,62.27,39.91
Mexico,MEX,NA,1982,45.34,35.63,60.86,39.51
Mexico,MEX,NA,1983,46.45,37.97,62.67,38.71
Mexico,MEX,NA,1984,43.8,35.45,57.88,38.07
Mexico,MEX,NA,1985,45.29,33.75,61.92,40.2
Mexico,MEX,NA,1986,47.02,36.83,64.18,40.04
Mexico,MEX,NA,1987,48.25,41.27,63.2,40.27
Mexico,MEX,NA,1988,47.12,39.97,61.04,40.35
Mexico,MEX,NA,1989,46.01,38.32,58.45,41.26
Mexico,MEX,NA,1990,46.07,38.67,58.66,40.89
Mexico,MEX,NA,1991,47.43,37.39,63.38,41.53
Mexico,MEX,NA,1992,51.08,35.9,72.52,44.83
Mexico,MEX,NA,1993,50.57,34.54,72.61,44.56
Mexico,MEX,NA,1994,52.75,39.4,72.76,46.09
Mexico,MEX,NA,1995,55.68,47.48,73.08,46.47
Mexico,MEX,NA,1996,55.47,48.34,69.95,48.11
Mexico,MEX,NA,1997,55.23,47.29,69.45,48.94
Mexico,MEX,NA,1998,56.12,48.13,70.38,49.87
Mexico,MEX,NA,1999,57.17,48.33,71.59,51.57
Mexico,MEX,NA,2000,59.4,50.73,72.64,54.82
Mexico,MEX,NA,2001,60.18,50.01,73.68,56.84
Mexico,MEX,NA,2002,60.35,47.78,74.11,59.16
Mexico,MEX,NA,2003,60.82,48.04,75.18,59.25
Mexico,MEX,NA,2004,61.68,50.38,74.59,60.07
Mexico,MEX,NA,2005,63.2,53.91,74.52,61.17
Mexico,MEX,NA,2006,63.04,52.95,75.27,60.91
Mexico,MEX,NA,2007,64.38,54.45,76.6,62.08
Mexico,MEX,NA,2008,64.99,53.67,76.65,64.66
Mexico,MEX,NA,2009,65.58,55.01,77.4,64.33
Mexico,MEX,NA,2010,66.41,56.62,77.73,64.87
Mexico,MEX,NA,2011,67.25,57.28,78.24,66.24
Mexico,MEX,NA,2012,67.79,58.12,78.43,66.81
Mexico,MEX,NA,2013,68.06,57.83,78.6,67.75
Mexico,MEX,NA,2014,68.78,59.99,78.4,67.94
Mexico,MEX,NA,2015,72.26,60.54,88.26,68
Mexico,MEX,NA,2016,71.42,59.07,88.41,66.77
Mexico,MEX,NA,2017,72.48,61.84,88.61,66.97
Mexico,MEX,NA,2018,71.68,60,87.76,67.14
Mexico,MEX,NA,2019,71.45,59.5,87.61,67.09
Mexico,MEX,NA,2020,71,60,87,66
Micronesia,FSM,OC,1986,33.52,53.34,4.32,51.71
Micronesia,FSM,OC,1987,33.39,53.21,4.32,51.35
Micronesia,FSM,OC,1988,33.44,53.06,4.71,51.12
Micronesia,FSM,OC,1989,33.28,52.91,4.71,50.68
Micronesia,FSM,OC,1990,33.39,53.46,4.72,50.42
Micronesia,FSM,OC,1991,33.81,53.42,6.04,50.1
Micronesia,FSM,OC,1992,34.09,54.49,6.02,49.88
Micronesia,FSM,OC,1993,35.38,54.45,8.91,50.38
Micronesia,FSM,OC,1994,35.01,51.91,9.94,50.38
Micronesia,FSM,OC,1995,34.57,50.83,9.85,50.1
Micronesia,FSM,OC,1996,35.5,51.45,10.12,52.2
Micronesia,FSM,OC,1997,35.21,51.72,10.01,51.09
Micronesia,FSM,OC,1998,35.4,51.3,10.27,51.83
Micronesia,FSM,OC,1999,35.28,49.93,10.63,52.45
Micronesia,FSM,OC,2000,35.33,48.96,10.64,53.71
Micronesia,FSM,OC,2001,35.91,49.89,10.95,54.32
Micronesia,FSM,OC,2002,36.19,49.11,11.1,55.99
Micronesia,FSM,OC,2003,39.46,56.65,11.44,58.65
Micronesia,FSM,OC,2004,40.35,57.69,11.04,61.09
Micronesia,FSM,OC,2005,40.14,56.26,11.72,60.94
Micronesia,FSM,OC,2006,42.14,59.62,12.44,63.22
Micronesia,FSM,OC,2007,43.17,59.63,12.81,66.19
Micronesia,FSM,OC,2008,42.93,59.39,12.8,65.59
Micronesia,FSM,OC,2009,44.07,62.86,12.79,65.72
Micronesia,FSM,OC,2010,43.81,62.16,12.8,65.51
Micronesia,FSM,OC,2011,44.67,63.45,13.18,66.49
Micronesia,FSM,OC,2012,44.75,63.38,13.72,66.1
Micronesia,FSM,OC,2013,47.09,70.71,13.74,66.28
Micronesia,FSM,OC,2014,46.98,70.9,13.93,65.47
Micronesia,FSM,OC,2015,47.39,71.12,13.94,66.61
Micronesia,FSM,OC,2016,47.65,71.82,14.32,66.34
Micronesia,FSM,OC,2017,47.68,72.25,14.14,66.33
Micronesia,FSM,OC,2018,45.57,70.49,12.84,63.44
Micronesia,FSM,OC,2019,45.02,69.3,12.87,62.78
Micronesia,FSM,OC,2020,45,70,13,63
Moldova,MDA,EU,1991,28.21,29.67,12.22,42.75
Moldova,MDA,EU,1992,28.7,29.79,14.62,41.71
Moldova,MDA,EU,1993,30.86,34.36,16.87,41.35
Moldova,MDA,EU,1994,36.36,39.5,23.79,45.79
Moldova,MDA,EU,1995,40.15,51.12,27.57,41.76
Moldova,MDA,EU,1996,44.05,56.96,30.67,44.51
Moldova,MDA,EU,1997,46.76,60.26,34.57,45.46
Moldova,MDA,EU,1998,48.45,62.55,36.73,46.07
Moldova,MDA,EU,1999,49.2,62.59,39.25,45.77
Moldova,MDA,EU,2000,50.02,64.07,39.8,46.19
Moldova,MDA,EU,2001,51.05,63.42,41.43,48.31
Moldova,MDA,EU,2002,52.4,64.16,43.44,49.59
Moldova,MDA,EU,2003,57,64,57.39,49.61
Moldova,MDA,EU,2004,58.12,64.24,58.33,51.79
Moldova,MDA,EU,2005,58.99,64.81,60.3,51.87
Moldova,MDA,EU,2006,61.41,66.3,63.84,54.09
Moldova,MDA,EU,2007,63.39,67.76,65.88,56.54
Moldova,MDA,EU,2008,64.48,67.28,66.36,59.79
Moldova,MDA,EU,2009,64.25,64.4,66.72,61.62
Moldova,MDA,EU,2010,65.22,62.9,67.02,65.73
Moldova,MDA,EU,2011,65.81,63.65,67.11,66.69
Moldova,MDA,EU,2012,66.55,62.9,68.43,68.31
Moldova,MDA,EU,2013,67.34,63.72,68.36,69.95
Moldova,MDA,EU,2014,68.39,66.33,68.67,70.17
Moldova,MDA,EU,2015,68.79,66.69,70.39,69.3
Moldova,MDA,EU,2016,68.84,66.05,70.94,69.53
Moldova,MDA,EU,2017,68.72,65.29,71.16,69.7
Moldova,MDA,EU,2018,68.34,63.99,70.14,70.9
Moldova,MDA,EU,2019,67.55,63.28,70.17,69.21
Moldova,MDA,EU,2020,67,62,70,69
Monaco,MCO,EU,1981,44.08,,19.14,87.84
Monaco,MCO,EU,1982,43.82,,19.12,87.08
Monaco,MCO,EU,1983,43.72,,19.29,86.47
Monaco,MCO,EU,1984,43.75,,19.29,86.32
Monaco,MCO,EU,1985,43.99,,19.49,86.51
Monaco,MCO,EU,1986,44.15,,19.5,86.89
Monaco,MCO,EU,1987,43.45,,19.51,85.17
Monaco,MCO,EU,1988,43.46,,19.55,85.2
Monaco,MCO,EU,1989,43.63,,19.9,85.18
Monaco,MCO,EU,1990,43.77,,19.84,85.64
Monaco,MCO,EU,1991,43.96,,20.14,85.65
Monaco,MCO,EU,1992,43.94,,20.2,85.49
Monaco,MCO,EU,1993,44.32,,20.21,86.55
Monaco,MCO,EU,1994,44.42,,20.15,86.97
Monaco,MCO,EU,1995,44.31,,19.9,87.04
Monaco,MCO,EU,1996,44.47,,19.81,87.51
Monaco,MCO,EU,1997,44.84,,20.43,87.45
Monaco,MCO,EU,1998,44.99,,20.4,87.79
Monaco,MCO,EU,1999,45.44,,20.95,88.16
Monaco,MCO,EU,2000,45.52,,20.99,88.26
Monaco,MCO,EU,2001,45.86,,21.29,88.65
Monaco,MCO,EU,2002,45.85,,21.41,88.34
Monaco,MCO,EU,2003,46.21,,22.64,87.52
Monaco,MCO,EU,2004,46.27,,22.93,87.33
Monaco,MCO,EU,2005,47.15,,23.73,88.67
Monaco,MCO,EU,2006,47.78,,24.6,89.19
Monaco,MCO,EU,2007,49.21,,27.33,89.13
Monaco,MCO,EU,2008,48.94,,27.26,88.59
Monaco,MCO,EU,2009,49.37,,27.37,89.49
Monaco,MCO,EU,2010,49.59,,27.36,90.09
Monaco,MCO,EU,2011,49.64,,27.36,90.27
Monaco,MCO,EU,2012,50.02,,27.54,90.96
Monaco,MCO,EU,2013,50.05,,27.56,90.98
Monaco,MCO,EU,2014,48.1,,27.55,85.8
Monaco,MCO,EU,2015,47.6,,27.73,84.15
Monaco,MCO,EU,2016,50.24,,27.55,91.07
Monaco,MCO,EU,2017,50.53,,27.55,91.54
Monaco,MCO,EU,2018,49.94,,26.09,91.5
Monaco,MCO,EU,2019,49.47,,25.9,90.55
Monaco,MCO,EU,2020,49,,26,90
Mongolia,MNG,AS,1981,25.02,20.7,28.45,25.91
Mongolia,MNG,AS,1982,25.52,21.32,28.62,26.62
Mongolia,MNG,AS,1983,25.8,21.68,28.25,27.47
Mongolia,MNG,AS,1984,24.9,24.44,24.49,25.77
Mongolia,MNG,AS,1985,25.87,26.24,24.51,26.87
Mongolia,MNG,AS,1986,26.16,25.72,24.52,28.24
Mongolia,MNG,AS,1987,26.1,25.11,24.93,28.27
Mongolia,MNG,AS,1988,26.21,25.3,24.95,28.39
Mongolia,MNG,AS,1989,25.33,22.47,25.07,28.44
Mongolia,MNG,AS,1990,27.01,25.08,25.15,30.81
Mongolia,MNG,AS,1991,28.64,21.78,32.5,31.65
Mongolia,MNG,AS,1992,31.37,26.58,33.9,33.63
Mongolia,MNG,AS,1993,34.85,34.85,35.15,34.56
Mongolia,MNG,AS,1994,35.7,35.53,35.55,36.01
Mongolia,MNG,AS,1995,35.77,33.89,35.91,37.5
Mongolia,MNG,AS,1996,39.13,42.34,37.43,37.62
Mongolia,MNG,AS,1997,41.2,46.29,38.85,38.47
Mongolia,MNG,AS,1998,43.6,50.51,39.06,41.24
Mongolia,MNG,AS,1999,43.67,47.97,40.33,42.72
Mongolia,MNG,AS,2000,45.05,49.75,40.85,44.55
Mongolia,MNG,AS,2001,45.43,49.48,41.79,45.02
Mongolia,MNG,AS,2002,50.67,50.6,52.76,48.65
Mongolia,MNG,AS,2003,52.37,51.97,56.06,49.09
Mongolia,MNG,AS,2004,53.67,53.63,56.43,50.95
Mongolia,MNG,AS,2005,56.24,57,58.62,53.1
Mongolia,MNG,AS,2006,57.85,55.04,62.4,56.11
Mongolia,MNG,AS,2007,59.12,55.24,63.25,58.86
Mongolia,MNG,AS,2008,58.62,54.57,63.75,57.53
Mongolia,MNG,AS,2009,59.71,56.16,65.14,57.83
Mongolia,MNG,AS,2010,61.66,59.06,65.75,60.16
Mongolia,MNG,AS,2011,62.38,60.54,65.04,61.57
Mongolia,MNG,AS,2012,63.9,60.7,67.69,63.32
Mongolia,MNG,AS,2013,63.45,60.15,67.72,62.47
Mongolia,MNG,AS,2014,64.35,61.43,68.17,63.43
Mongolia,MNG,AS,2015,63.43,57.25,68.99,64.07
Mongolia,MNG,AS,2016,65.66,63.39,70.01,63.59
Mongolia,MNG,AS,2017,66.54,65.58,70.14,63.88
Mongolia,MNG,AS,2018,64.54,62.66,68.82,62.14
Mongolia,MNG,AS,2019,64.86,62.91,68.49,63.18
Mongolia,MNG,AS,2020,64,62,68,61
Montenegro,MNE,EU,1981,49.62,54.21,26.68,69.94
Montenegro,MNE,EU,1982,49.59,54.25,26.7,69.75
Montenegro,MNE,EU,1983,49.57,54.29,26.77,69.59
Montenegro,MNE,EU,1984,49.56,54.42,26.8,69.42
Montenegro,MNE,EU,1985,49.58,54.56,26.85,69.29
Montenegro,MNE,EU,1986,49.56,54.57,26.89,69.17
Montenegro,MNE,EU,1987,49.51,54.47,26.92,69.09
Montenegro,MNE,EU,1988,49.45,54.39,26.91,69
Montenegro,MNE,EU,1989,49.39,54.35,26.84,68.92
Montenegro,MNE,EU,1990,50.02,55.54,27.68,68.85
Montenegro,MNE,EU,1991,49.98,55.63,27.54,68.79
Montenegro,MNE,EU,1992,49.95,55.69,27.44,68.77
Montenegro,MNE,EU,1993,49.92,55.7,27.37,68.78
Montenegro,MNE,EU,1994,49.93,55.73,27.38,68.77
Montenegro,MNE,EU,1995,49.99,55.88,27.44,68.77
Montenegro,MNE,EU,1996,50.1,56.08,27.62,68.76
Montenegro,MNE,EU,1997,51.13,57.28,29.48,68.77
Montenegro,MNE,EU,1998,51.74,58.34,30.26,68.79
Montenegro,MNE,EU,1999,51.8,58.52,30.24,68.81
Montenegro,MNE,EU,2000,51.82,58.65,30.16,68.83
Montenegro,MNE,EU,2001,52.07,59.04,30.5,68.84
Montenegro,MNE,EU,2002,52.25,59.35,30.75,68.83
Montenegro,MNE,EU,2003,52.35,59.48,30.82,68.92
Montenegro,MNE,EU,2004,54.12,64.81,31.33,68.84
Montenegro,MNE,EU,2005,55.02,66.05,31.68,70.05
Montenegro,MNE,EU,2006,61.8,70.94,44.16,72.44
Montenegro,MNE,EU,2007,64.36,74.33,46.99,73.96
Montenegro,MNE,EU,2008,67.39,77.88,48.62,78.02
Montenegro,MNE,EU,2009,67.77,76.74,50.64,78.02
Montenegro,MNE,EU,2010,69.49,76.31,54.57,79.33
Montenegro,MNE,EU,2011,70.56,76.16,56.11,81.01
Montenegro,MNE,EU,2012,71.15,76.64,57.45,80.9
Montenegro,MNE,EU,2013,70.89,75.12,57.91,81.01
Montenegro,MNE,EU,2014,72.22,81.16,56.92,80.59
Montenegro,MNE,EU,2015,71.13,76.87,58.96,79.02
Montenegro,MNE,EU,2016,71.54,77.88,59.8,78.4
Montenegro,MNE,EU,2017,72.1,78.06,60.55,79.1
Montenegro,MNE,EU,2018,70.85,77.88,58.67,77.64
Montenegro,MNE,EU,2019,70.95,77.33,58.34,78.79
Montenegro,MNE,EU,2020,69,75,57,77
Morocco,MAR,AF,1981,44.62,38.8,64.26,30.8
Morocco,MAR,AF,1982,44.7,38.72,64.64,30.75
Morocco,MAR,AF,1983,45.31,39.13,65.91,30.89
Morocco,MAR,AF,1984,45.91,41.07,66.18,30.48
Morocco,MAR,AF,1985,46.6,43.01,66.28,30.51
Morocco,MAR,AF,1986,46.16,41.35,66.36,30.77
Morocco,MAR,AF,1987,45.46,41.44,64.43,30.52
Morocco,MAR,AF,1988,43.95,41.37,59.69,30.8
Morocco,MAR,AF,1989,42.79,41.23,55.46,31.69
Morocco,MAR,AF,1990,43.79,42.4,56.52,32.45
Morocco,MAR,AF,1991,48.02,43,68.85,32.2
Morocco,MAR,AF,1992,49.78,43.91,70.88,34.56
Morocco,MAR,AF,1993,52.4,47.84,74.28,35.07
Morocco,MAR,AF,1994,52.44,47.71,73.74,35.88
Morocco,MAR,AF,1995,52.1,48.77,71.51,36.02
Morocco,MAR,AF,1996,47.53,43.3,63.48,35.81
Morocco,MAR,AF,1997,48.04,44.55,63.04,36.53
Morocco,MAR,AF,1998,49.29,44.42,63.01,40.43
Morocco,MAR,AF,1999,50.16,45.09,63.77,41.61
Morocco,MAR,AF,2000,55.87,47.85,76.47,43.28
Morocco,MAR,AF,2001,56.49,48.39,77.3,43.79
Morocco,MAR,AF,2002,58.38,48.84,80.57,45.71
Morocco,MAR,AF,2003,58.98,48.29,82.65,45.99
Morocco,MAR,AF,2004,59.93,47.76,83.81,48.23
Morocco,MAR,AF,2005,61.67,50.68,83.99,50.33
Morocco,MAR,AF,2006,63.19,52.79,84.7,52.08
Morocco,MAR,AF,2007,64.37,54.2,85.39,53.51
Morocco,MAR,AF,2008,64.08,52.65,85.02,54.58
Morocco,MAR,AF,2009,64.25,52.16,85.2,55.39
Morocco,MAR,AF,2010,66.03,55.47,85.72,56.89
Morocco,MAR,AF,2011,67.27,58.43,85.53,57.85
Morocco,MAR,AF,2012,68.54,60.59,86.36,58.68
Morocco,MAR,AF,2013,68.25,59.03,86.51,59.2
Morocco,MAR,AF,2014,67.27,55.59,86.44,59.78
Morocco,MAR,AF,2015,68.52,56.47,86.97,62.12
Morocco,MAR,AF,2016,69.73,57.41,87,64.79
Morocco,MAR,AF,2017,70.63,58.92,87.06,65.9
Morocco,MAR,AF,2018,70.53,59.48,87.02,65.1
Morocco,MAR,AF,2019,70.47,59.02,87.09,65.3
Morocco,MAR,AF,2020,70,57,87,66
Mozambique,MOZ,AF,1981,25.25,34.1,29.74,11.92
Mozambique,MOZ,AF,1982,25.42,34.33,30.11,11.82
Mozambique,MOZ,AF,1983,25.67,34.53,30.14,12.34
Mozambique,MOZ,AF,1984,24.76,34.41,28.28,11.61
Mozambique,MOZ,AF,1985,24.54,33.19,28.88,11.54
Mozambique,MOZ,AF,1986,24.69,33.25,29.3,11.51
Mozambique,MOZ,AF,1987,26.16,37.33,29.71,11.43
Mozambique,MOZ,AF,1988,27.36,41.11,29.54,11.44
Mozambique,MOZ,AF,1989,27.17,40.88,29.25,11.38
Mozambique,MOZ,AF,1990,27.28,40.69,29.04,12.12
Mozambique,MOZ,AF,1991,27.56,37.85,31.08,13.74
Mozambique,MOZ,AF,1992,28.2,40.03,31,13.56
Mozambique,MOZ,AF,1993,28.39,41.99,30.87,12.29
Mozambique,MOZ,AF,1994,29.45,43.68,31.67,12.99
Mozambique,MOZ,AF,1995,30.23,42.52,32.5,15.68
Mozambique,MOZ,AF,1996,29.48,41.23,31.41,15.82
Mozambique,MOZ,AF,1997,30.52,39.99,33.64,17.92
Mozambique,MOZ,AF,1998,33.66,41.79,40.57,18.63
Mozambique,MOZ,AF,1999,37.75,42.57,50.55,20.12
Mozambique,MOZ,AF,2000,40.74,47.54,53.8,20.88
Mozambique,MOZ,AF,2001,42.62,48.65,57.9,21.3
Mozambique,MOZ,AF,2002,43.77,51.01,57.92,22.38
Mozambique,MOZ,AF,2003,43.44,49.67,56.9,23.77
Mozambique,MOZ,AF,2004,44.46,49.74,59.19,24.46
Mozambique,MOZ,AF,2005,46,50.71,60.77,26.53
Mozambique,MOZ,AF,2006,47.32,53.92,60.49,27.56
Mozambique,MOZ,AF,2007,48.34,54.4,62.15,28.45
Mozambique,MOZ,AF,2008,47.52,50.15,62.81,29.61
Mozambique,MOZ,AF,2009,48.53,51.19,63.47,30.92
Mozambique,MOZ,AF,2010,49.87,55.71,62.83,31.06
Mozambique,MOZ,AF,2011,51.31,57.25,63.04,33.65
Mozambique,MOZ,AF,2012,54.07,60.38,64.28,37.56
Mozambique,MOZ,AF,2013,54.3,60.46,64.44,38
Mozambique,MOZ,AF,2014,54.08,59.16,64.4,38.67
Mozambique,MOZ,AF,2015,49.77,58.94,56.1,34.26
Mozambique,MOZ,AF,2016,54.47,61.82,65.48,36.11
Mozambique,MOZ,AF,2017,54.72,62.96,65.69,35.51
Mozambique,MOZ,AF,2018,51.47,62.8,56.92,34.68
Mozambique,MOZ,AF,2019,51.81,62.13,57.15,36.15
Mozambique,MOZ,AF,2020,51,61,57,36
Namibia,NAM,AF,1990,39.41,43.67,24.66,49.89
Namibia,NAM,AF,1991,39.81,43.05,26.38,50.01
Namibia,NAM,AF,1992,40.02,42.04,27.25,50.78
Namibia,NAM,AF,1993,44.92,45.41,40.06,49.3
Namibia,NAM,AF,1994,40.73,45.32,28.56,48.29
Namibia,NAM,AF,1995,42.48,47.18,31.01,49.23
Namibia,NAM,AF,1996,47.01,47.09,44.09,49.86
Namibia,NAM,AF,1997,49.18,45.93,50.2,51.41
Namibia,NAM,AF,1998,49.46,45.91,50.41,52.05
Namibia,NAM,AF,1999,48.42,42.65,49.67,52.92
Namibia,NAM,AF,2000,50.9,48.78,50.51,53.4
Namibia,NAM,AF,2001,51.56,50.92,50.81,52.94
Namibia,NAM,AF,2002,52.09,51.67,51.2,53.39
Namibia,NAM,AF,2003,52.45,51.23,52.39,53.74
Namibia,NAM,AF,2004,54.63,49.29,59.27,55.34
Namibia,NAM,AF,2005,55.39,48.65,60.47,57.05
Namibia,NAM,AF,2006,56.09,48.81,61.92,57.54
Namibia,NAM,AF,2007,57.78,52.11,61.89,59.32
Namibia,NAM,AF,2008,57.96,52.54,61.66,59.7
Namibia,NAM,AF,2009,58.31,53.74,61.07,60.11
Namibia,NAM,AF,2010,58.41,53.73,60.75,60.75
Namibia,NAM,AF,2011,57.95,52.01,60.71,61.11
Namibia,NAM,AF,2012,58.55,51.54,61.62,62.49
Namibia,NAM,AF,2013,57.86,50.55,62.08,60.94
Namibia,NAM,AF,2014,59.8,54.73,63.01,61.66
Namibia,NAM,AF,2015,59,52.33,63.5,61.16
Namibia,NAM,AF,2016,59.49,53.9,63.38,61.2
Namibia,NAM,AF,2017,59.17,52.61,63.26,61.64
Namibia,NAM,AF,2018,58.78,53.89,62.38,60.08
Namibia,NAM,AF,2019,57.98,52.98,62.23,58.73
Namibia,NAM,AF,2020,56,51,61,57
Nepal,NPL,AS,1981,21.09,13.7,37.7,11.48
Nepal,NPL,AS,1982,21.02,13.34,37.73,11.61
Nepal,NPL,AS,1983,17.64,14.07,27.11,11.5
Nepal,NPL,AS,1984,17.65,13,28.1,11.63
Nepal,NPL,AS,1985,23.66,15.65,43.12,11.77
Nepal,NPL,AS,1986,24.12,16.59,43.4,11.91
Nepal,NPL,AS,1987,25.03,18.77,43.67,12.19
Nepal,NPL,AS,1988,26.03,19.86,45.2,12.56
Nepal,NPL,AS,1989,25.88,19.1,45.91,12.13
Nepal,NPL,AS,1990,26.81,20.37,46.37,13.22
Nepal,NPL,AS,1991,27.37,20.56,46.81,14.28
Nepal,NPL,AS,1992,29.16,24.65,47.77,14.55
Nepal,NPL,AS,1993,30.02,25.84,49.7,13.95
Nepal,NPL,AS,1994,31.14,27.81,50.94,14.04
Nepal,NPL,AS,1995,32.88,31.36,51.45,15.18
Nepal,NPL,AS,1996,32.11,27.82,52.19,15.73
Nepal,NPL,AS,1997,33.12,28.85,53.59,16.3
Nepal,NPL,AS,1998,32.66,26.76,54.13,16.49
Nepal,NPL,AS,1999,34.09,28.7,54.89,18.08
Nepal,NPL,AS,2000,34.14,26,56.68,19.17
Nepal,NPL,AS,2001,33.55,22.14,57.49,20.52
Nepal,NPL,AS,2002,33.81,20.4,58.55,22.04
Nepal,NPL,AS,2003,34.57,21.24,58.69,23.35
Nepal,NPL,AS,2004,37.19,22.96,60.95,27.28
Nepal,NPL,AS,2005,37.87,23.81,61.49,27.93
Nepal,NPL,AS,2006,40.96,27.82,62.15,32.59
Nepal,NPL,AS,2007,43.04,30.24,62.43,36.2
Nepal,NPL,AS,2008,43.2,28.32,62.92,38.17
Nepal,NPL,AS,2009,44.28,28.91,63.41,40.36
Nepal,NPL,AS,2010,44.83,27.27,63.81,43.35
Nepal,NPL,AS,2011,45.56,27.31,65.06,44.26
Nepal,NPL,AS,2012,45.89,27.59,65.68,44.34
Nepal,NPL,AS,2013,46.78,28.78,65.96,45.56
Nepal,NPL,AS,2014,48.01,31.51,65.9,46.58
Nepal,NPL,AS,2015,47.92,30.42,66.15,47.17
Nepal,NPL,AS,2016,48.76,32.07,66.71,47.45
Nepal,NPL,AS,2017,48.98,32.07,66.69,48.15
Nepal,NPL,AS,2018,48.04,32.48,64.86,46.72
Nepal,NPL,AS,2019,47.02,28.97,64.89,47.21
Nepal,NPL,AS,2020,46,26,64,46
Netherlands,NLD,EU,1981,80.7,77.14,92.76,72.2
Netherlands,NLD,EU,1982,81.31,77.56,92.37,74
Netherlands,NLD,EU,1983,81.02,76.91,92.25,73.89
Netherlands,NLD,EU,1984,81.31,78.24,91.83,73.84
Netherlands,NLD,EU,1985,81.68,79.48,91.89,73.67
Netherlands,NLD,EU,1986,80.24,77.07,89.97,73.67
Netherlands,NLD,EU,1987,80.07,76.85,89.58,73.78
Netherlands,NLD,EU,1988,79.69,77.4,87.81,73.86
Netherlands,NLD,EU,1989,79.71,79.2,86.01,73.92
Netherlands,NLD,EU,1990,79.64,78.78,86.31,73.83
Netherlands,NLD,EU,1991,81.17,79.5,89.86,74.17
Netherlands,NLD,EU,1992,82.53,79.32,93.37,74.89
Netherlands,NLD,EU,1993,83.34,80.87,93.93,75.24
Netherlands,NLD,EU,1994,82.84,81.33,94.54,72.66
Netherlands,NLD,EU,1995,83.36,81.54,94.84,73.71
Netherlands,NLD,EU,1996,83.37,82.7,93.23,74.19
Netherlands,NLD,EU,1997,84.2,85.05,92.99,74.56
Netherlands,NLD,EU,1998,84.77,85.87,93.24,75.19
Netherlands,NLD,EU,1999,85.92,86.55,94.54,76.66
Netherlands,NLD,EU,2000,87.13,88.45,95.19,77.74
Netherlands,NLD,EU,2001,87.28,87.94,95.77,78.13
Netherlands,NLD,EU,2002,85.8,85.27,93.82,78.31
Netherlands,NLD,EU,2003,86.87,86.65,94.48,79.47
Netherlands,NLD,EU,2004,87.37,88.34,93.7,80.07
Netherlands,NLD,EU,2005,87.47,88.6,93.11,80.7
Netherlands,NLD,EU,2006,87.72,88.18,94.21,80.77
Netherlands,NLD,EU,2007,89.15,88.63,96.41,82.4
Netherlands,NLD,EU,2008,88.7,87.78,95.71,82.6
Netherlands,NLD,EU,2009,88.55,87.26,95.31,83.07
Netherlands,NLD,EU,2010,88.99,87.73,95.19,84.05
Netherlands,NLD,EU,2011,89.33,87.93,94.77,85.3
Netherlands,NLD,EU,2012,89.65,87.78,95.31,85.86
Netherlands,NLD,EU,2013,89.94,87.74,95.48,86.6
Netherlands,NLD,EU,2014,90.83,88.9,97.03,86.57
Netherlands,NLD,EU,2015,91.31,89.67,97.53,86.74
Netherlands,NLD,EU,2016,90.95,88.88,97.27,86.68
Netherlands,NLD,EU,2017,91.19,89.43,97.33,86.8
Netherlands,NLD,EU,2018,90.68,89.58,96.59,85.88
Netherlands,NLD,EU,2019,90.91,90.12,96.59,86.01
Netherlands,NLD,EU,2020,90,90,95,87
New Caledonia,NCL,OC,1981,,,3.46,65.7
New Caledonia,NCL,OC,1982,,,3.46,65.65
New Caledonia,NCL,OC,1983,,,3.46,65.59
New Caledonia,NCL,OC,1984,,,3.47,65.59
New Caledonia,NCL,OC,1985,,,3.47,65.57
New Caledonia,NCL,OC,1986,,,3.48,65.57
New Caledonia,NCL,OC,1987,,,3.49,65.71
New Caledonia,NCL,OC,1988,,,3.5,65.78
New Caledonia,NCL,OC,1989,,,3.49,65.87
New Caledonia,NCL,OC,1990,,,3.46,66.01
New Caledonia,NCL,OC,1991,,,3.89,66.09
New Caledonia,NCL,OC,1992,,,3.86,66.22
New Caledonia,NCL,OC,1993,,,4.27,64.72
New Caledonia,NCL,OC,1994,,,4.23,64.56
New Caledonia,NCL,OC,1995,,,4.19,64.09
New Caledonia,NCL,OC,1996,,,4.16,66.7
New Caledonia,NCL,OC,1997,,,4.12,67.73
New Caledonia,NCL,OC,1998,,,4.1,68.27
New Caledonia,NCL,OC,1999,,,4.11,69.41
New Caledonia,NCL,OC,2000,,,4.12,70.64
New Caledonia,NCL,OC,2001,,,4.11,72.31
New Caledonia,NCL,OC,2002,,,4.11,73.11
New Caledonia,NCL,OC,2003,,,3.89,74.66
New Caledonia,NCL,OC,2004,,,4.1,76.66
New Caledonia,NCL,OC,2005,,,4.09,77.21
New Caledonia,NCL,OC,2006,,,4.09,78.2
New Caledonia,NCL,OC,2007,,,4.31,78.51
New Caledonia,NCL,OC,2008,,,4.75,81.11
New Caledonia,NCL,OC,2009,,,4.53,81.79
New Caledonia,NCL,OC,2010,,,4.75,81.47
New Caledonia,NCL,OC,2011,,,4.1,81.64
New Caledonia,NCL,OC,2012,,,3.65,81.9
New Caledonia,NCL,OC,2013,,,3.66,82.4
New Caledonia,NCL,OC,2014,,,4.33,82.24
New Caledonia,NCL,OC,2015,,,4.33,82.25
New Caledonia,NCL,OC,2016,,,4.34,82.28
New Caledonia,NCL,OC,2017,,,4.34,82.33
New Caledonia,NCL,OC,2018,,,3.68,81.28
New Zealand,NZL,OC,1981,61.46,57.21,59.55,67.62
New Zealand,NZL,OC,1982,61.5,58.33,58.53,67.64
New Zealand,NZL,OC,1983,61.46,57.86,58.88,67.65
New Zealand,NZL,OC,1984,63.19,62.53,58.85,68.2
New Zealand,NZL,OC,1985,63.67,63.32,59.42,68.26
New Zealand,NZL,OC,1986,63.61,63.36,58.99,68.48
New Zealand,NZL,OC,1987,63.27,62.39,58.76,68.66
New Zealand,NZL,OC,1988,63.71,62.09,59.42,69.62
New Zealand,NZL,OC,1989,66.26,64.41,64.51,69.85
New Zealand,NZL,OC,1990,66.73,66.14,65.12,68.93
New Zealand,NZL,OC,1991,67.65,66.56,67.23,69.17
New Zealand,NZL,OC,1992,69.1,67.41,70.23,69.67
New Zealand,NZL,OC,1993,70.25,67.5,72.1,71.15
New Zealand,NZL,OC,1994,71.21,68.13,72.35,73.16
New Zealand,NZL,OC,1995,72.18,68.24,74.15,74.15
New Zealand,NZL,OC,1996,72.66,69.43,72.98,75.59
New Zealand,NZL,OC,1997,73.22,70.3,72.93,76.42
New Zealand,NZL,OC,1998,73.95,71.57,72.07,78.2
New Zealand,NZL,OC,1999,75.53,72.89,73.75,79.97
New Zealand,NZL,OC,2000,77.53,74.98,76.59,81.02
New Zealand,NZL,OC,2001,77.87,74.75,77.26,81.6
New Zealand,NZL,OC,2002,77.15,72.44,76.51,82.51
New Zealand,NZL,OC,2003,76.41,71.38,74.75,83.1
New Zealand,NZL,OC,2004,76.64,72.27,74.38,83.25
New Zealand,NZL,OC,2005,76.44,71.74,74.24,83.33
New Zealand,NZL,OC,2006,77.36,73.65,74.58,83.86
New Zealand,NZL,OC,2007,78.22,72.22,76,86.42
New Zealand,NZL,OC,2008,78.75,73.6,75.94,86.73
New Zealand,NZL,OC,2009,78.64,72.34,76.76,86.82
New Zealand,NZL,OC,2010,78.59,72.07,76.8,86.92
New Zealand,NZL,OC,2011,78.64,72.49,76.3,87.13
New Zealand,NZL,OC,2012,78.21,71.05,76.3,87.27
New Zealand,NZL,OC,2013,77.66,70.01,76.14,86.82
New Zealand,NZL,OC,2014,78.35,71.55,76.36,87.14
New Zealand,NZL,OC,2015,78.09,70.72,76.7,86.85
New Zealand,NZL,OC,2016,78.16,70.11,77.47,86.89
New Zealand,NZL,OC,2017,78.33,70.28,77.85,86.85
New Zealand,NZL,OC,2018,77.22,67.44,77.56,86.65
New Zealand,NZL,OC,2019,77.09,67.31,77.55,86.41
New Zealand,NZL,OC,2020,75,64,77,84
Nicaragua,NIC,NA,1981,40.46,39.65,47.45,34.28
Nicaragua,NIC,NA,1982,39.43,36.9,47.79,33.62
Nicaragua,NIC,NA,1983,40.26,37.26,50.19,33.34
Nicaragua,NIC,NA,1984,40.11,36.78,50.39,33.17
Nicaragua,NIC,NA,1985,41.04,39.5,50.99,32.61
Nicaragua,NIC,NA,1986,39.75,36.52,50.82,31.92
Nicaragua,NIC,NA,1987,37.72,30.79,49.63,32.74
Nicaragua,NIC,NA,1988,39.12,36.06,47.85,33.46
Nicaragua,NIC,NA,1989,42.8,49.55,46.09,32.75
Nicaragua,NIC,NA,1990,43.84,51.65,45.46,34.4
Nicaragua,NIC,NA,1991,43.58,49.44,45.9,35.4
Nicaragua,NIC,NA,1992,42.65,47.27,45.59,35.09
Nicaragua,NIC,NA,1993,44.51,49.35,50.84,33.35
Nicaragua,NIC,NA,1994,41.44,40.8,50.5,33.03
Nicaragua,NIC,NA,1995,43.87,44.96,51.71,34.94
Nicaragua,NIC,NA,1996,45.65,48.04,52.03,36.87
Nicaragua,NIC,NA,1997,46.43,49.02,51.33,38.95
Nicaragua,NIC,NA,1998,49.05,53.99,51.09,42.06
Nicaragua,NIC,NA,1999,51.08,58.52,51.95,42.78
Nicaragua,NIC,NA,2000,53.57,61.73,54.85,44.14
Nicaragua,NIC,NA,2001,54.16,60.97,56.47,45.04
Nicaragua,NIC,NA,2002,53.72,59.25,56.5,45.42
Nicaragua,NIC,NA,2003,54.82,62.53,56.36,45.56
Nicaragua,NIC,NA,2004,54.64,61.04,56.51,46.35
Nicaragua,NIC,NA,2005,54.74,61.04,56.63,46.57
Nicaragua,NIC,NA,2006,56.99,63.1,57.24,50.62
Nicaragua,NIC,NA,2007,58.92,63.39,58.57,54.79
Nicaragua,NIC,NA,2008,58.98,62.97,58.62,55.37
Nicaragua,NIC,NA,2009,59.26,63.26,59.19,55.33
Nicaragua,NIC,NA,2010,60.02,64.07,59.14,56.86
Nicaragua,NIC,NA,2011,60.46,64.87,59.06,57.43
Nicaragua,NIC,NA,2012,61.03,65.16,60.06,57.85
Nicaragua,NIC,NA,2013,62.11,67.51,60.13,58.68
Nicaragua,NIC,NA,2014,60.83,64.35,58.97,59.17
Nicaragua,NIC,NA,2015,61.45,64.61,59.92,59.81
Nicaragua,NIC,NA,2016,61.87,65.56,59.97,60.07
Nicaragua,NIC,NA,2017,61.56,64.91,59.64,60.14
Nicaragua,NIC,NA,2018,59.95,62.13,58.38,59.32
Nicaragua,NIC,NA,2019,59.97,62.49,58.59,58.77
Nicaragua,NIC,NA,2020,59,61,58,58
Niger,NER,AF,1981,26.03,23.76,40.13,13.03
Niger,NER,AF,1982,25.77,22.63,40.53,13.03
Niger,NER,AF,1983,25.73,22.3,40.78,12.98
Niger,NER,AF,1984,28.31,28.89,41.8,12.93
Niger,NER,AF,1985,29.48,30.34,43.59,13.1
Niger,NER,AF,1986,28.58,27.04,44.79,12.55
Niger,NER,AF,1987,28.42,26.67,44.73,12.5
Niger,NER,AF,1988,28.08,27.5,42.73,12.68
Niger,NER,AF,1989,26.84,26.46,40.49,12.32
Niger,NER,AF,1990,27.43,26.75,40.84,13.52
Niger,NER,AF,1991,27.37,25.55,41.72,13.66
Niger,NER,AF,1992,28.18,27.45,41.4,14.52
Niger,NER,AF,1993,29.5,31.21,41.59,14.4
Niger,NER,AF,1994,32.17,30.03,51.55,13.32
Niger,NER,AF,1995,32.41,29.45,52.36,13.82
Niger,NER,AF,1996,28.75,29.63,42.02,13.29
Niger,NER,AF,1997,31.64,28.32,52.08,12.94
Niger,NER,AF,1998,32.22,27.84,53.65,13.61
Niger,NER,AF,1999,32.45,27.22,54.22,14.4
Niger,NER,AF,2000,32.16,24.27,55.32,15.53
Niger,NER,AF,2001,32.56,24.87,54.34,17.21
Niger,NER,AF,2002,33.23,25.12,55.11,18.23
Niger,NER,AF,2003,33.97,24.7,56.87,19.13
Niger,NER,AF,2004,37.43,26.94,59.92,24.39
Niger,NER,AF,2005,38.46,27.81,60.24,26.35
Niger,NER,AF,2006,39.62,28.87,61.23,27.83
Niger,NER,AF,2007,38.73,27.16,61.45,26.63
Niger,NER,AF,2008,39.88,30.35,60.83,27.54
Niger,NER,AF,2009,43.26,35.23,60.58,33.26
Niger,NER,AF,2010,44.01,37.3,60.48,33.53
Niger,NER,AF,2011,42.53,32.3,59.93,34.85
Niger,NER,AF,2012,44.62,35.77,62.09,35.44
Niger,NER,AF,2013,45.1,36.65,62.29,35.8
Niger,NER,AF,2014,46.73,40.28,62.66,36.65
Niger,NER,AF,2015,46.96,40.39,62.76,37.17
Niger,NER,AF,2016,46.82,39.39,63.96,36.49
Niger,NER,AF,2017,47.61,40.57,64.28,37.34
Niger,NER,AF,2018,45.56,37.2,63.35,35.48
Niger,NER,AF,2019,45.68,38.03,63.19,35.17
Niger,NER,AF,2020,46,38,63,35
Nigeria,NGA,AF,1981,38.88,29.84,67.77,19.03
Nigeria,NGA,AF,1982,38.32,28.83,67.76,18.37
Nigeria,NGA,AF,1983,39.08,31.18,68.01,18.06
Nigeria,NGA,AF,1984,36.63,33.47,60.13,16.3
Nigeria,NGA,AF,1985,37.07,34.45,60.8,15.96
Nigeria,NGA,AF,1986,37.9,36.88,61.83,14.97
Nigeria,NGA,AF,1987,38.56,40.35,60.48,14.87
Nigeria,NGA,AF,1988,40.14,40.18,65.73,14.52
Nigeria,NGA,AF,1989,38.35,39.3,61.15,14.61
Nigeria,NGA,AF,1990,40.25,40.18,66.26,14.31
Nigeria,NGA,AF,1991,42.7,43.33,69.51,15.25
Nigeria,NGA,AF,1992,42.98,41.22,72.34,15.39
Nigeria,NGA,AF,1993,47.42,53.49,74.19,14.57
Nigeria,NGA,AF,1994,45.93,49.25,75.64,12.91
Nigeria,NGA,AF,1995,43.02,40.87,76.2,12
Nigeria,NGA,AF,1996,43.38,40.44,76.81,12.9
Nigeria,NGA,AF,1997,44.09,41.87,77.32,13.08
Nigeria,NGA,AF,1998,45.71,43.34,77.24,16.55
Nigeria,NGA,AF,1999,48.37,48.57,78.13,18.42
Nigeria,NGA,AF,2000,48.65,47.62,80.12,18.22
Nigeria,NGA,AF,2001,49.12,47.69,81.31,18.36
Nigeria,NGA,AF,2002,48.82,45.21,80.55,20.69
Nigeria,NGA,AF,2003,49.71,44.7,82.04,22.38
Nigeria,NGA,AF,2004,49.35,41.82,81.65,24.58
Nigeria,NGA,AF,2005,50.8,42.34,82.76,27.3
Nigeria,NGA,AF,2006,52.1,44.1,83.42,28.78
Nigeria,NGA,AF,2007,54.07,47.28,83.92,31.01
Nigeria,NGA,AF,2008,54.38,44.97,83.98,34.2
Nigeria,NGA,AF,2009,56.12,44.51,84.45,39.4
Nigeria,NGA,AF,2010,56.36,43.48,84.81,40.81
Nigeria,NGA,AF,2011,57.12,44.65,85.34,41.36
Nigeria,NGA,AF,2012,57.39,44.15,85.85,42.18
Nigeria,NGA,AF,2013,57.26,43.41,85.7,42.66
Nigeria,NGA,AF,2014,56.25,39.86,85.74,43.16
Nigeria,NGA,AF,2015,56.08,39.23,86.6,42.4
Nigeria,NGA,AF,2016,55.37,39.31,86.09,40.72
Nigeria,NGA,AF,2017,56.14,41.29,85.72,41.4
Nigeria,NGA,AF,2018,55.73,45.04,85.24,36.9
Nigeria,NGA,AF,2019,55.29,44.18,84.78,36.9
Nigeria,NGA,AF,2020,55,41,84,40
North Korea,PRK,AS,1981,,,19.71,24.36
North Korea,PRK,AS,1982,,,20.09,23.7
North Korea,PRK,AS,1983,,,20.1,23.05
North Korea,PRK,AS,1984,,,20.1,22.19
North Korea,PRK,AS,1985,,,20.11,20.33
North Korea,PRK,AS,1986,,,20.12,16.29
North Korea,PRK,AS,1987,,,20.71,17.15
North Korea,PRK,AS,1988,,,21.28,16.42
North Korea,PRK,AS,1989,,,21.21,16.42
North Korea,PRK,AS,1990,,,22.79,17.37
North Korea,PRK,AS,1991,,,22.65,16.06
North Korea,PRK,AS,1992,,,22.87,16.06
North Korea,PRK,AS,1993,,,22.47,16.18
North Korea,PRK,AS,1994,,,22.43,16.14
North Korea,PRK,AS,1995,,,20.97,16.06
North Korea,PRK,AS,1996,,,20.99,16.28
North Korea,PRK,AS,1997,,,26.2,16.45
North Korea,PRK,AS,1998,,,28.72,16.58
North Korea,PRK,AS,1999,,,29.41,15.87
North Korea,PRK,AS,2000,,,30,15.95
North Korea,PRK,AS,2001,,,30.71,16.93
North Korea,PRK,AS,2002,,,31.46,16.87
North Korea,PRK,AS,2003,,,32.23,16.93
North Korea,PRK,AS,2004,,,31.94,17.11
North Korea,PRK,AS,2005,,,32.99,17.18
North Korea,PRK,AS,2006,,,33.41,16.95
North Korea,PRK,AS,2007,,,32.82,17.51
North Korea,PRK,AS,2008,,,32.92,17.19
North Korea,PRK,AS,2009,,,33.01,16.83
North Korea,PRK,AS,2010,,,33.1,17.17
North Korea,PRK,AS,2011,,,33.19,17.43
North Korea,PRK,AS,2012,,,33.1,17.51
North Korea,PRK,AS,2013,,,33.19,17.73
North Korea,PRK,AS,2014,,,33.43,17.72
North Korea,PRK,AS,2015,,,33.48,17.82
North Korea,PRK,AS,2016,,,32.95,17.84
North Korea,PRK,AS,2017,,,33.14,17.57
North Macedonia,MKD,EU,1991,34.44,33.71,24.5,45.81
North Macedonia,MKD,EU,1992,34.4,33.65,24.31,45.95
North Macedonia,MKD,EU,1993,34.89,32.88,24.06,48.58
North Macedonia,MKD,EU,1994,35.84,31.8,25.24,51.43
North Macedonia,MKD,EU,1995,38.51,32.02,33.27,51
North Macedonia,MKD,EU,1996,38.95,35.14,33.92,48.39
North Macedonia,MKD,EU,1997,43.27,38.1,40.87,51.36
North Macedonia,MKD,EU,1998,46.12,44.03,42.37,52.33
North Macedonia,MKD,EU,1999,46.69,45.07,44.64,50.59
North Macedonia,MKD,EU,2000,50.28,50.58,45.02,55.58
North Macedonia,MKD,EU,2001,51.56,52.21,47.24,55.48
North Macedonia,MKD,EU,2002,55.34,56.45,49.41,60.47
North Macedonia,MKD,EU,2003,55.15,55.79,51.27,58.61
North Macedonia,MKD,EU,2004,57.03,58.53,52.02,60.77
North Macedonia,MKD,EU,2005,59.6,62.91,53.25,62.83
North Macedonia,MKD,EU,2006,63.44,62.83,64.69,62.77
North Macedonia,MKD,EU,2007,68.28,70.41,66.94,67.45
North Macedonia,MKD,EU,2008,68.35,67.41,67.69,70.07
North Macedonia,MKD,EU,2009,68.06,64.62,68.8,70.95
North Macedonia,MKD,EU,2010,68.42,65.06,68.75,71.67
North Macedonia,MKD,EU,2011,70.2,68.83,69.42,72.51
North Macedonia,MKD,EU,2012,71.09,70.3,70.63,72.44
North Macedonia,MKD,EU,2013,70.47,70.18,70.77,70.47
North Macedonia,MKD,EU,2014,70.18,69.37,70.88,70.29
North Macedonia,MKD,EU,2015,71.06,71.21,71.97,69.92
North Macedonia,MKD,EU,2016,71.11,71.16,72.5,69.57
North Macedonia,MKD,EU,2017,71.1,71.3,72.24,69.65
North Macedonia,MKD,EU,2018,69.83,70.26,70.88,68.26
North Macedonia,MKD,EU,2019,69.92,70.05,70.79,68.85
North Macedonia,MKD,EU,2020,69,70,71,67
Norway,NOR,EU,1981,75.3,65.32,85.46,75.11
Norway,NOR,EU,1982,75.59,65.81,85.45,75.52
Norway,NOR,EU,1983,76.03,65.14,85.8,77.16
Norway,NOR,EU,1984,76.34,66.06,85.41,77.55
Norway,NOR,EU,1985,77.93,68.94,87.18,77.68
Norway,NOR,EU,1986,78.1,68.31,87.68,78.3
Norway,NOR,EU,1987,77.94,67.63,87.06,79.14
Norway,NOR,EU,1988,77.11,67.34,84.85,79.14
Norway,NOR,EU,1989,75.75,69.28,78.72,79.24
Norway,NOR,EU,1990,76.16,69.78,78.78,79.92
Norway,NOR,EU,1991,77.64,68.85,84.21,79.85
Norway,NOR,EU,1992,78.27,67.38,86.55,80.87
Norway,NOR,EU,1993,79.57,70.02,87.46,81.24
Norway,NOR,EU,1994,80.67,71.41,88.67,81.92
Norway,NOR,EU,1995,80.72,71.21,88.61,82.35
Norway,NOR,EU,1996,81.45,72.32,88.6,83.43
Norway,NOR,EU,1997,82.34,74.5,88.61,83.9
Norway,NOR,EU,1998,82.58,76.03,87.84,83.87
Norway,NOR,EU,1999,82.82,75.98,87.15,85.32
Norway,NOR,EU,2000,84.27,78.26,87.54,87.02
Norway,NOR,EU,2001,85.06,78.34,88.22,88.62
Norway,NOR,EU,2002,83.42,74.01,87.69,88.55
Norway,NOR,EU,2003,83.96,75.78,87.76,88.35
Norway,NOR,EU,2004,84.38,76.83,87.09,89.22
Norway,NOR,EU,2005,83.81,75.35,87.55,88.55
Norway,NOR,EU,2006,84.5,76.07,88.17,89.24
Norway,NOR,EU,2007,85.61,76.84,89.18,90.81
Norway,NOR,EU,2008,85.6,75.96,89.55,91.27
Norway,NOR,EU,2009,86.02,76.6,90.27,91.2
Norway,NOR,EU,2010,85.6,75.42,89.96,91.43
Norway,NOR,EU,2011,85.15,74.36,89.57,91.52
Norway,NOR,EU,2012,85.73,75.36,90.06,91.76
Norway,NOR,EU,2013,85.56,75.21,90.05,91.43
Norway,NOR,EU,2014,85.12,73.78,90.36,91.23
Norway,NOR,EU,2015,86.63,78.31,90.48,91.1
Norway,NOR,EU,2016,86.52,77.59,90.61,91.36
Norway,NOR,EU,2017,86.35,77.53,90.23,91.28
Norway,NOR,EU,2018,85.47,77.31,89.28,89.83
Norway,NOR,EU,2019,85.4,77.75,89.13,89.34
Norway,NOR,EU,2020,85,77,89,89
Oman,OMN,AS,1981,40.1,51.79,23.87,45.14
Oman,OMN,AS,1982,41.12,53.78,24.83,45.16
Oman,OMN,AS,1983,41.41,53.44,25.85,45.35
Oman,OMN,AS,1984,41.6,52.79,26.91,45.49
Oman,OMN,AS,1985,41.94,52.83,27.35,46.05
Oman,OMN,AS,1986,44.85,56.57,31.9,46.21
Oman,OMN,AS,1987,44.24,54.35,31.65,46.96
Oman,OMN,AS,1988,43.6,52.41,31.41,47.34
Oman,OMN,AS,1989,44.19,53.11,31.74,48.1
Oman,OMN,AS,1990,44.5,52.8,32.65,48.44
Oman,OMN,AS,1991,45.41,53.45,34.36,48.75
Oman,OMN,AS,1992,45.65,52.51,34.98,49.86
Oman,OMN,AS,1993,45.88,52.99,35.43,49.59
Oman,OMN,AS,1994,46.55,51.92,35.57,52.76
Oman,OMN,AS,1995,47.63,52.54,36.89,54.1
Oman,OMN,AS,1996,48.29,54.24,38.08,53
Oman,OMN,AS,1997,49.61,56.47,38.96,53.81
Oman,OMN,AS,1998,52.76,64.39,39.6,54.46
Oman,OMN,AS,1999,52.24,61.59,40.21,55.21
Oman,OMN,AS,2000,52.88,61.64,40.87,56.49
Oman,OMN,AS,2001,54.02,63.25,40.93,58.3
Oman,OMN,AS,2002,52.38,59.99,40.26,57.4
Oman,OMN,AS,2003,53.22,61.34,41.83,56.85
Oman,OMN,AS,2004,54.3,62.73,41.92,58.7
Oman,OMN,AS,2005,55.61,65.06,43.11,59.01
Oman,OMN,AS,2006,56.94,65.61,43.74,61.98
Oman,OMN,AS,2007,59.33,70.03,45.11,63.27
Oman,OMN,AS,2008,59.29,67.93,46.09,64.4
Oman,OMN,AS,2009,60.31,71.88,46.69,62.61
Oman,OMN,AS,2010,60.94,71.04,47.36,64.82
Oman,OMN,AS,2011,62.59,72.33,47.83,68.22
Oman,OMN,AS,2012,63.94,72.67,49.05,70.86
Oman,OMN,AS,2013,64.05,72.06,49.17,71.75
Oman,OMN,AS,2014,64.09,71.03,50.17,71.93
Oman,OMN,AS,2015,63.05,67.11,50.44,72.64
Oman,OMN,AS,2016,62.57,66.23,50.85,71.65
Oman,OMN,AS,2017,62.9,67.3,51.07,71.27
Oman,OMN,AS,2018,63.73,69.21,50.13,72.87
Oman,OMN,AS,2019,63.45,69.2,50.19,71.9
Oman,OMN,AS,2020,61,66,51,68
Pakistan,PAK,AS,1981,34.02,27.76,57,17.31
Pakistan,PAK,AS,1982,33.67,27.95,55.6,17.45
Pakistan,PAK,AS,1983,34.12,29.4,55.49,17.47
Pakistan,PAK,AS,1984,34.4,29.2,56.48,17.53
Pakistan,PAK,AS,1985,34.83,30.23,56.75,17.51
Pakistan,PAK,AS,1986,34.99,30.37,57.03,17.58
Pakistan,PAK,AS,1987,34.35,31.06,57.49,14.51
Pakistan,PAK,AS,1988,34.7,29.91,58.11,16.06
Pakistan,PAK,AS,1989,37.93,31.4,66.27,16.12
Pakistan,PAK,AS,1990,38.49,33.08,66.91,15.47
Pakistan,PAK,AS,1991,39.29,32.72,69.79,15.35
Pakistan,PAK,AS,1992,40.31,33.45,72.15,15.34
Pakistan,PAK,AS,1993,41.21,32.83,75.39,15.41
Pakistan,PAK,AS,1994,42.07,34.64,76.18,15.38
Pakistan,PAK,AS,1995,42.58,33.77,77.74,16.23
Pakistan,PAK,AS,1996,43.67,34.41,78.88,17.71
Pakistan,PAK,AS,1997,44.36,34.48,79.28,19.31
Pakistan,PAK,AS,1998,44.35,33.04,78.32,21.69
Pakistan,PAK,AS,1999,45.06,34.5,78.9,21.78
Pakistan,PAK,AS,2000,46.4,34.35,80.15,24.71
Pakistan,PAK,AS,2001,47.66,35.86,81.2,25.92
Pakistan,PAK,AS,2002,48.99,38.14,81.45,27.38
Pakistan,PAK,AS,2003,49.08,37.04,82.19,28.02
Pakistan,PAK,AS,2004,49.5,37.33,82.31,28.87
Pakistan,PAK,AS,2005,51.84,41.96,83.17,30.38
Pakistan,PAK,AS,2006,53.36,42.9,84.02,33.17
Pakistan,PAK,AS,2007,53.96,43.87,84.37,33.64
Pakistan,PAK,AS,2008,55.35,41.49,85.08,39.48
Pakistan,PAK,AS,2009,54.46,37.84,85.04,40.5
Pakistan,PAK,AS,2010,55.26,39.16,85.39,41.25
Pakistan,PAK,AS,2011,54.73,37.15,85.55,41.49
Pakistan,PAK,AS,2012,54.9,37.48,85.4,41.82
Pakistan,PAK,AS,2013,54.82,37.03,85.41,42.01
Pakistan,PAK,AS,2014,54.42,36.43,84.5,42.35
Pakistan,PAK,AS,2015,53.7,33.53,85.02,42.54
Pakistan,PAK,AS,2016,53.96,34.22,85.05,42.62
Pakistan,PAK,AS,2017,53.83,34.01,85.05,42.42
Pakistan,PAK,AS,2018,53.92,34.77,84.76,42.24
Pakistan,PAK,AS,2019,53.59,35.36,84.48,40.94
Pakistan,PAK,AS,2020,53,34,84,42
Palau,PLW,OC,1994,40.28,53.11,4.79,74.36
Palau,PLW,OC,1995,41.45,54.25,6.89,74.35
Palau,PLW,OC,1996,41.73,54.8,7.19,74.37
Palau,PLW,OC,1997,42.2,56.71,7.11,74.3
Palau,PLW,OC,1998,41.8,54.76,7.59,74.19
Palau,PLW,OC,1999,42.63,57.02,8.14,74.13
Palau,PLW,OC,2000,43.16,58.54,8.33,74.23
Palau,PLW,OC,2001,42.64,56.54,8.66,74.06
Palau,PLW,OC,2002,42.51,56.23,8.63,74.03
Palau,PLW,OC,2003,43.29,57.85,8.97,74.65
Palau,PLW,OC,2004,43.86,58.68,9.45,75.14
Palau,PLW,OC,2005,49.33,58,22.93,75.76
Palau,PLW,OC,2006,49.76,58.25,23.36,76.38
Palau,PLW,OC,2007,50.55,60.32,23.59,76.77
Palau,PLW,OC,2008,49.89,57.52,23.38,77.44
Palau,PLW,OC,2009,49.8,55.65,24.11,77.86
Palau,PLW,OC,2010,50.95,59.4,24.05,78.13
Palau,PLW,OC,2011,51.63,61.29,24.3,78.2
Palau,PLW,OC,2012,51.37,58.82,25.03,78.61
Palau,PLW,OC,2013,52.08,59.78,25.02,79.97
Palau,PLW,OC,2014,51.72,59.11,24.73,79.79
Palau,PLW,OC,2015,46.1,56.7,12.22,80.22
Palau,PLW,OC,2016,46.1,56.41,12.59,80.09
Palau,PLW,OC,2017,46.29,57.52,12.61,79.83
Palau,PLW,OC,2018,44.35,55.73,11.14,77.12
Palau,PLW,OC,2019,44.6,56.98,11.51,76.32
Palau,PLW,OC,2020,46,59,11,78
Palestine,PS,AS,1981,25.76,40.41,4.99,43.59
Palestine,PS,AS,1982,25.73,40.45,4.99,43.37
Palestine,PS,AS,1983,25.71,40.57,4.99,43.19
Palestine,PS,AS,1984,25.72,40.81,5,43
Palestine,PS,AS,1985,25.74,41.02,5.01,42.85
Palestine,PS,AS,1986,25.73,41.06,5.01,42.76
Palestine,PS,AS,1987,25.71,41,5,42.69
Palestine,PS,AS,1988,25.68,40.95,4.99,42.61
Palestine,PS,AS,1989,25.66,40.99,4.95,42.55
Palestine,PS,AS,1990,25.61,40.98,4.86,42.5
Palestine,PS,AS,1991,25.57,41.1,4.77,42.42
Palestine,PS,AS,1992,25.56,41.18,4.74,42.37
Palestine,PS,AS,1993,25.53,41.18,4.71,42.34
Palestine,PS,AS,1994,25.48,41.09,4.68,42.27
Palestine,PS,AS,1995,25.45,41.13,4.67,42.15
Palestine,PS,AS,1996,25.79,41.76,4.67,42.74
Palestine,PS,AS,1997,29.14,52.79,4.66,44.13
Palestine,PS,AS,1998,29.91,55.11,4.64,44.69
Palestine,PS,AS,1999,31.37,59.34,4.66,45.84
Palestine,PS,AS,2000,30.58,56.5,4.68,45.76
Palestine,PS,AS,2001,30.42,55.15,4.66,46.46
Palestine,PS,AS,2002,30.5,54.59,4.65,47.25
Palestine,PS,AS,2003,30.28,51.94,4.64,48.89
Palestine,PS,AS,2004,30.8,53.03,4.63,49.67
Palestine,PS,AS,2005,31.29,53.32,4.62,51.07
Palestine,PS,AS,2006,33.14,56.54,4.61,54.49
Palestine,PS,AS,2007,36.29,58.79,6.84,59.82
Palestine,PS,AS,2008,36.74,58.7,6.82,61.38
Palestine,PS,AS,2009,38.59,63.37,6.81,63.49
Palestine,PS,AS,2010,36.7,57.28,6.8,62.57
Palestine,PS,AS,2011,36.25,54.29,6.79,63.65
Palestine,PS,AS,2012,36.38,53.64,7.29,63.93
Palestine,PS,AS,2013,36.92,53.8,7.29,65.65
Palestine,PS,AS,2014,36.63,53.46,7.29,65.02
Palestine,PS,AS,2015,34.32,54.5,7.29,56.43
Palestine,PS,AS,2016,34.22,53.25,7.29,57.37
Palestine,PS,AS,2017,33.96,52.59,7.46,57.06
Panama,PAN,NA,1981,49.41,53.25,50.18,44.81
Panama,PAN,NA,1982,49.05,52.8,49.15,45.2
Panama,PAN,NA,1983,50.03,52.14,51.94,46.01
Panama,PAN,NA,1984,49.63,51.56,51.16,46.18
Panama,PAN,NA,1985,52.65,54.46,57.31,46.19
Panama,PAN,NA,1986,52.53,53.76,57.19,46.64
Panama,PAN,NA,1987,51.29,52.72,55.84,45.3
Panama,PAN,NA,1988,50.66,52.02,54.69,45.27
Panama,PAN,NA,1989,53.38,52.67,63.5,43.97
Panama,PAN,NA,1990,54.75,54.37,62.06,47.81
Panama,PAN,NA,1991,53.13,55.52,55.93,47.93
Panama,PAN,NA,1992,52.84,55.52,55.75,47.24
Panama,PAN,NA,1993,53.12,56.23,55.66,47.46
Panama,PAN,NA,1994,53.35,56.49,55.58,47.98
Panama,PAN,NA,1995,54.27,59.01,55.7,48.09
Panama,PAN,NA,1996,55.22,59.94,55.56,50.16
Panama,PAN,NA,1997,55.85,59.62,56.38,51.56
Panama,PAN,NA,1998,57.24,60.64,58.34,52.73
Panama,PAN,NA,1999,58.2,61.47,58.75,54.38
Panama,PAN,NA,2000,58.91,62.47,59,55.26
Panama,PAN,NA,2001,59.75,63.11,59.27,56.87
Panama,PAN,NA,2002,58.68,60.57,58.37,57.12
Panama,PAN,NA,2003,60.49,65.2,58.96,57.32
Panama,PAN,NA,2004,60.36,62.85,59.53,58.68
Panama,PAN,NA,2005,64.3,73.75,59.32,59.84
Panama,PAN,NA,2006,66.66,76.48,60.91,62.6
Panama,PAN,NA,2007,68.08,76.53,63.35,64.35
Panama,PAN,NA,2008,69.76,75.21,64.6,69.48
Panama,PAN,NA,2009,70.07,74.84,64.49,70.89
Panama,PAN,NA,2010,70.93,77.04,64.56,71.19
Panama,PAN,NA,2011,72.39,78.15,64.67,74.36
Panama,PAN,NA,2012,72.62,78.57,65.17,74.14
Panama,PAN,NA,2013,72.54,78.1,65.1,74.42
Panama,PAN,NA,2014,72.95,78.24,64.84,75.78
Panama,PAN,NA,2015,73.04,77.53,65.85,75.74
Panama,PAN,NA,2016,73,76.52,66.27,76.2
Panama,PAN,NA,2017,72.95,76.07,66.68,76.1
Panama,PAN,NA,2018,71.07,71.8,65.67,75.73
Panama,PAN,NA,2019,71.03,72.12,66.06,74.92
Panama,PAN,NA,2020,70,70,66,73
Papua New Guinea,PNG,OC,1981,37.55,51.36,30.6,30.25
Papua New Guinea,PNG,OC,1982,38.19,52.89,31.01,30.19
Papua New Guinea,PNG,OC,1983,38.01,51.52,31.83,30.21
Papua New Guinea,PNG,OC,1984,37.46,52.35,31.85,27.58
Papua New Guinea,PNG,OC,1985,37.42,51.81,32.1,27.76
Papua New Guinea,PNG,OC,1986,37.54,51.93,32.36,27.74
Papua New Guinea,PNG,OC,1987,37.06,50.61,32.21,27.8
Papua New Guinea,PNG,OC,1988,36.96,50.93,32.45,26.91
Papua New Guinea,PNG,OC,1989,37.59,52.03,32.45,27.69
Papua New Guinea,PNG,OC,1990,38.28,53.23,34.12,26.79
Papua New Guinea,PNG,OC,1991,38.92,53.56,35.41,27.06
Papua New Guinea,PNG,OC,1992,38.76,52.35,36.23,26.97
Papua New Guinea,PNG,OC,1993,38.28,50.71,37.08,26.31
Papua New Guinea,PNG,OC,1994,36.86,45.91,37.57,26.46
Papua New Guinea,PNG,OC,1995,38.68,50.7,38.23,26.35
Papua New Guinea,PNG,OC,1996,37.4,47.1,37.89,26.55
Papua New Guinea,PNG,OC,1997,38.79,47.7,39.31,28.75
Papua New Guinea,PNG,OC,1998,40,49.52,39.79,30.08
Papua New Guinea,PNG,OC,1999,40.84,50.16,41.2,30.54
Papua New Guinea,PNG,OC,2000,40.6,49.16,41.7,30.29
Papua New Guinea,PNG,OC,2001,41.59,50.69,42.64,30.77
Papua New Guinea,PNG,OC,2002,42.38,53.9,42.32,30.14
Papua New Guinea,PNG,OC,2003,44.35,57.56,43.29,31.41
Papua New Guinea,PNG,OC,2004,44.13,57.13,42.57,31.93
Papua New Guinea,PNG,OC,2005,45.99,60.73,42.54,33.93
Papua New Guinea,PNG,OC,2006,45.9,58.76,43.86,34.35
Papua New Guinea,PNG,OC,2007,46.75,59.17,44.65,35.71
Papua New Guinea,PNG,OC,2008,47.09,57.99,44.68,38.01
Papua New Guinea,PNG,OC,2009,47.64,59.41,44.01,38.92
Papua New Guinea,PNG,OC,2010,48.89,61.35,45.33,39.35
Papua New Guinea,PNG,OC,2011,52.22,61.11,54.89,39.84
Papua New Guinea,PNG,OC,2012,52.87,60.8,56.04,40.97
Papua New Guinea,PNG,OC,2013,53.3,61.03,56.29,41.8
Papua New Guinea,PNG,OC,2014,51.16,55.13,55.49,42.26
Papua New Guinea,PNG,OC,2015,51,54.7,56.67,40.95
Papua New Guinea,PNG,OC,2016,50.29,52.01,56.88,41.38
Papua New Guinea,PNG,OC,2017,51.84,56.24,56.89,41.7
Papua New Guinea,PNG,OC,2018,52.05,58.83,54.48,41.77
Papua New Guinea,PNG,OC,2019,50.32,55.89,53.65,40.38
Papua New Guinea,PNG,OC,2020,49,53,53,40
Paraguay,PRY,SA,1981,34.54,30.09,44.09,29.44
Paraguay,PRY,SA,1982,33.55,27.86,43.1,29.71
Paraguay,PRY,SA,1983,33.46,25.71,45.13,29.56
Paraguay,PRY,SA,1984,34.47,29.97,44.54,28.9
Paraguay,PRY,SA,1985,35.85,32.1,46.74,28.71
Paraguay,PRY,SA,1986,35.65,31.29,47.19,28.46
Paraguay,PRY,SA,1987,35.93,32.71,46.24,28.85
Paraguay,PRY,SA,1988,35.67,32.71,45.09,29.2
Paraguay,PRY,SA,1989,36.72,34.31,44.06,31.8
Paraguay,PRY,SA,1990,37.39,35.37,43.99,32.79
Paraguay,PRY,SA,1991,37.34,32.48,46.16,33.39
Paraguay,PRY,SA,1992,39.43,35.84,48.7,33.75
Paraguay,PRY,SA,1993,40.83,38.13,49.57,34.79
Paraguay,PRY,SA,1994,42.95,42.61,51.54,34.71
Paraguay,PRY,SA,1995,46.13,48.94,52.41,37.04
Paraguay,PRY,SA,1996,46.08,44.79,52.84,40.61
Paraguay,PRY,SA,1997,48.45,49.16,53.48,42.72
Paraguay,PRY,SA,1998,49.08,49.36,53.5,44.39
Paraguay,PRY,SA,1999,48.49,47.32,53.63,44.53
Paraguay,PRY,SA,2000,49.96,49.79,54.39,45.7
Paraguay,PRY,SA,2001,53.93,48.04,66.3,47.46
Paraguay,PRY,SA,2002,54.51,48.15,67.43,47.94
Paraguay,PRY,SA,2003,55.75,49.84,68.08,49.34
Paraguay,PRY,SA,2004,56.79,48.74,70.7,50.92
Paraguay,PRY,SA,2005,57.73,49.16,71.05,52.97
Paraguay,PRY,SA,2006,58.48,48.83,71.39,55.22
Paraguay,PRY,SA,2007,59.41,47.05,72.34,58.84
Paraguay,PRY,SA,2008,59.67,46.01,72.65,60.36
Paraguay,PRY,SA,2009,60.23,46.18,73.28,61.22
Paraguay,PRY,SA,2010,60.8,46.15,73.95,62.31
Paraguay,PRY,SA,2011,60.93,44.91,74.12,63.75
Paraguay,PRY,SA,2012,61.43,45.55,74.71,64.02
Paraguay,PRY,SA,2013,61.33,45.08,74.26,64.66
Paraguay,PRY,SA,2014,60.71,42.85,74.67,64.62
Paraguay,PRY,SA,2015,62.44,46.71,75.57,65.05
Paraguay,PRY,SA,2016,62.39,46.45,75.54,65.2
Paraguay,PRY,SA,2017,63.15,49.21,75.02,65.21
Paraguay,PRY,SA,2018,61.86,49.94,72.56,63.07
Paraguay,PRY,SA,2019,61.59,49.58,72.24,62.95
Paraguay,PRY,SA,2020,62,50,72,62
Peru,PER,SA,1981,42.67,38.99,59.57,29.45
Peru,PER,SA,1982,42.47,39.51,59.16,28.74
Peru,PER,SA,1983,44.34,43.17,61.16,28.7
Peru,PER,SA,1984,43.8,42.19,60.8,28.41
Peru,PER,SA,1985,44.07,43.18,60.68,28.33
Peru,PER,SA,1986,43.94,42.51,61.1,28.23
Peru,PER,SA,1987,42.49,39.03,59.94,28.51
Peru,PER,SA,1988,46.23,44.22,65.83,28.65
Peru,PER,SA,1989,43.35,38.32,63.48,28.25
Peru,PER,SA,1990,43.13,37.11,63.65,28.64
Peru,PER,SA,1991,45.21,37.03,70.26,28.34
Peru,PER,SA,1992,47.09,41.81,70.25,29.2
Peru,PER,SA,1993,45.41,43.54,62.81,29.88
Peru,PER,SA,1994,47.52,45.28,64.26,33.02
Peru,PER,SA,1995,49.24,47.49,65.77,34.44
Peru,PER,SA,1996,51.25,47.6,66.11,40.04
Peru,PER,SA,1997,52.72,49.28,67.2,41.67
Peru,PER,SA,1998,53.12,49.41,67.18,42.76
Peru,PER,SA,1999,53.87,50.42,67.67,43.53
Peru,PER,SA,2000,58.76,52.16,77.88,46.26
Peru,PER,SA,2001,60.58,51.88,79.63,50.22
Peru,PER,SA,2002,58.85,47.78,77.92,50.84
Peru,PER,SA,2003,59.91,48.85,78.84,52.05
Peru,PER,SA,2004,61.45,49.95,80.96,53.44
Peru,PER,SA,2005,63.58,52.66,82.46,55.64
Peru,PER,SA,2006,64.65,54.82,82.82,56.32
Peru,PER,SA,2007,66.06,57.65,83.31,57.22
Peru,PER,SA,2008,68.64,59.65,83.62,62.66
Peru,PER,SA,2009,69.19,62.43,83.24,61.89
Peru,PER,SA,2010,69.39,62.64,83.87,61.67
Peru,PER,SA,2011,70.39,64.09,83.98,63.11
Peru,PER,SA,2012,70.3,63,85.08,62.81
Peru,PER,SA,2013,70.07,62.21,85.01,62.98
Peru,PER,SA,2014,70.47,62.95,85.22,63.25
Peru,PER,SA,2015,69.87,60.61,85.44,63.56
Peru,PER,SA,2016,70.1,60.77,85.79,63.72
Peru,PER,SA,2017,70.36,61.47,85.9,63.69
Peru,PER,SA,2018,68.9,61.15,84.07,61.47
Peru,PER,SA,2019,68.65,60.54,83.82,61.6
Peru,PER,SA,2020,68,58,84,62
Philippines,PHL,AS,1981,42.28,37.14,57.22,32.47
Philippines,PHL,AS,1982,42.28,37.35,57.03,32.46
Philippines,PHL,AS,1983,43.04,38.88,57.89,32.34
Philippines,PHL,AS,1984,43.2,37.95,58.91,32.75
Philippines,PHL,AS,1985,45.26,41.81,59.76,34.2
Philippines,PHL,AS,1986,45.26,40.77,60.03,34.99
Philippines,PHL,AS,1987,44.76,40.77,59.55,33.95
Philippines,PHL,AS,1988,44.69,40.66,58.02,35.38
Philippines,PHL,AS,1989,44.7,41.6,56.97,35.53
Philippines,PHL,AS,1990,44.08,41.47,57.05,33.71
Philippines,PHL,AS,1991,45.39,42.97,58.62,34.58
Philippines,PHL,AS,1992,51.45,51.28,68.15,34.92
Philippines,PHL,AS,1993,52.96,53.22,70.82,34.85
Philippines,PHL,AS,1994,54.56,55.11,70.82,37.76
Philippines,PHL,AS,1995,56.18,58,71.9,38.63
Philippines,PHL,AS,1996,54.52,59.67,63.28,40.59
Philippines,PHL,AS,1997,57.26,63.02,64.05,44.71
Philippines,PHL,AS,1998,57.87,65.02,63.86,44.73
Philippines,PHL,AS,1999,60.79,60.82,74.59,46.96
Philippines,PHL,AS,2000,63.31,63.47,77.94,48.52
Philippines,PHL,AS,2001,64.45,64.75,79.41,49.18
Philippines,PHL,AS,2002,62.29,60.69,78.17,48
Philippines,PHL,AS,2003,62.63,60.56,78.49,48.85
Philippines,PHL,AS,2004,64.37,61.71,81.51,49.87
Philippines,PHL,AS,2005,65.28,63.67,81.81,50.34
Philippines,PHL,AS,2006,65.46,62.84,82.32,51.22
Philippines,PHL,AS,2007,65.87,61.5,83.19,52.9
Philippines,PHL,AS,2008,65.17,58.18,83.36,53.96
Philippines,PHL,AS,2009,65.56,57.76,83.17,55.74
Philippines,PHL,AS,2010,65.09,54.4,84.17,56.71
Philippines,PHL,AS,2011,65.02,53.86,84.36,56.84
Philippines,PHL,AS,2012,65.24,53.4,84.35,57.96
Philippines,PHL,AS,2013,65.36,53.21,84.21,58.67
Philippines,PHL,AS,2014,65.72,55.35,82.86,58.96
Philippines,PHL,AS,2015,65.91,56.08,82.61,59.03
Philippines,PHL,AS,2016,66.05,55.73,82.85,59.56
Philippines,PHL,AS,2017,67.45,57.48,82.96,61.9
Philippines,PHL,AS,2018,66.91,57.22,81.88,61.45
Philippines,PHL,AS,2019,66.08,55.71,81.23,61.13
Philippines,PHL,AS,2020,65,54,82,61
Poland,POL,EU,1981,50.31,35.19,74.82,40.93
Poland,POL,EU,1982,50.34,35.19,75.78,40.04
Poland,POL,EU,1983,50.21,35.35,75.91,39.37
Poland,POL,EU,1984,50.53,35.22,76.68,39.68
Poland,POL,EU,1985,50.43,34.66,76.48,40.17
Poland,POL,EU,1986,50.31,34.47,76.15,40.31
Poland,POL,EU,1987,49.5,34.42,73.32,40.76
Poland,POL,EU,1988,49.81,36.54,71.68,41.21
Poland,POL,EU,1989,50.45,37.56,70.24,43.55
Poland,POL,EU,1990,52.5,38.57,73.18,45.76
Poland,POL,EU,1991,53.11,34.21,76.06,49.06
Poland,POL,EU,1992,56,37.02,77.48,53.51
Poland,POL,EU,1993,59.17,37.66,85.26,54.59
Poland,POL,EU,1994,61.53,40.62,88.35,55.62
Poland,POL,EU,1995,63.77,43.51,89.11,58.7
Poland,POL,EU,1996,63.16,40.23,89.73,59.5
Poland,POL,EU,1997,64.41,41.58,90.81,60.83
Poland,POL,EU,1998,65.68,44.73,90.46,61.86
Poland,POL,EU,1999,66.85,46.04,91.15,63.36
Poland,POL,EU,2000,68.92,50.84,91.33,64.59
Poland,POL,EU,2001,68.98,49.56,91.88,65.49
Poland,POL,EU,2002,71.17,55.03,91.56,66.91
Poland,POL,EU,2003,72.51,57.38,92.66,67.48
Poland,POL,EU,2004,76.65,66.84,92.13,70.98
Poland,POL,EU,2005,76.1,62.94,92.83,72.53
Poland,POL,EU,2006,76.97,65.32,93.54,72.05
Poland,POL,EU,2007,78.61,67.65,93.87,74.31
Poland,POL,EU,2008,78.65,66.91,94.06,74.99
Poland,POL,EU,2009,78.78,66.67,94.24,75.44
Poland,POL,EU,2010,78.52,67.37,91.4,76.78
Poland,POL,EU,2011,78.68,66.74,91.26,78.03
Poland,POL,EU,2012,79.59,68.69,91,79.09
Poland,POL,EU,2013,80.05,69.49,91.39,79.25
Poland,POL,EU,2014,80.84,71.74,91.07,79.71
Poland,POL,EU,2015,81.51,72.53,91.64,80.37
Poland,POL,EU,2016,81.4,73.02,91.72,79.46
Poland,POL,EU,2017,81.5,73.53,91.61,79.36
Poland,POL,EU,2018,79.67,72.84,90.78,75.41
Poland,POL,EU,2019,80.02,72.97,90.78,76.31
Poland,POL,EU,2020,81,73,93,77
Portugal,PRT,EU,1981,55.42,46.97,64.66,54.63
Portugal,PRT,EU,1982,58.81,50.21,69.06,57.15
Portugal,PRT,EU,1983,59.89,51.93,70.7,57.05
Portugal,PRT,EU,1984,61.6,55.14,72.52,57.15
Portugal,PRT,EU,1985,60.94,55.35,72.23,55.23
Portugal,PRT,EU,1986,60.41,53.02,72.3,55.91
Portugal,PRT,EU,1987,60.01,52.77,70.78,56.47
Portugal,PRT,EU,1988,60.22,55.44,68.63,56.6
Portugal,PRT,EU,1989,60.24,57.43,65.53,57.75
Portugal,PRT,EU,1990,60.61,57.94,65.3,58.57
Portugal,PRT,EU,1991,63.6,56,71.54,63.24
Portugal,PRT,EU,1992,67.47,55.95,81.85,64.61
Portugal,PRT,EU,1993,70.35,62.93,85.46,62.67
Portugal,PRT,EU,1994,71.46,64.76,86.56,63.07
Portugal,PRT,EU,1995,72.91,67.42,86.74,64.58
Portugal,PRT,EU,1996,73.91,69.16,88.02,64.55
Portugal,PRT,EU,1997,75.3,71.63,88.88,65.4
Portugal,PRT,EU,1998,76.15,74.23,88.22,66
Portugal,PRT,EU,1999,76.71,74.31,88.19,67.64
Portugal,PRT,EU,2000,78.96,77.2,90.87,68.82
Portugal,PRT,EU,2001,79.98,77.34,91.68,70.92
Portugal,PRT,EU,2002,78.34,72.53,91.82,70.65
Portugal,PRT,EU,2003,79.14,73.83,92.18,71.41
Portugal,PRT,EU,2004,79.82,73.9,91.09,74.47
Portugal,PRT,EU,2005,79.93,75.1,89.81,74.87
Portugal,PRT,EU,2006,80.76,76.4,90.82,75.07
Portugal,PRT,EU,2007,82.22,76.42,93.08,77.16
Portugal,PRT,EU,2008,81.9,75.01,93.24,77.43
Portugal,PRT,EU,2009,81.81,73.88,93.42,78.13
Portugal,PRT,EU,2010,82.28,74.33,93.56,78.96
Portugal,PRT,EU,2011,82.8,74.87,93.71,79.82
Portugal,PRT,EU,2012,82.24,74.52,92.94,79.26
Portugal,PRT,EU,2013,81.65,75.13,90.3,79.51
Portugal,PRT,EU,2014,83.01,78.41,91.25,79.36
Portugal,PRT,EU,2015,83.35,78.89,91.76,79.41
Portugal,PRT,EU,2016,83.81,79.35,91.73,80.33
Portugal,PRT,EU,2017,84.93,80.17,93.84,80.78
Portugal,PRT,EU,2018,84.88,80.38,93.18,81.08
Portugal,PRT,EU,2019,85.22,80.38,93.25,82.02
Portugal,PRT,EU,2020,85,78,93,83
Puerto Rico,PRI,NA,1981,,,13.4,54.55
Puerto Rico,PRI,NA,1982,,,13.42,54.76
Puerto Rico,PRI,NA,1983,,,13.46,54.7
Puerto Rico,PRI,NA,1984,,,13.49,54.78
Puerto Rico,PRI,NA,1985,,,13.55,54.96
Puerto Rico,PRI,NA,1986,,,13.61,55.14
Puerto Rico,PRI,NA,1987,,,13.67,55.23
Puerto Rico,PRI,NA,1988,,,13.72,55.44
Puerto Rico,PRI,NA,1989,,,13.68,56.54
Puerto Rico,PRI,NA,1990,,,13.54,57.26
Puerto Rico,PRI,NA,1991,,,13.4,57.33
Puerto Rico,PRI,NA,1992,,,13.77,58.15
Puerto Rico,PRI,NA,1993,,,13.76,58.05
Puerto Rico,PRI,NA,1994,,,13.59,58.32
Puerto Rico,PRI,NA,1995,,,13.44,60.44
Puerto Rico,PRI,NA,1996,,,13.39,60.97
Puerto Rico,PRI,NA,1997,,,13.26,62.5
Puerto Rico,PRI,NA,1998,,,13.19,63.52
Puerto Rico,PRI,NA,1999,,,13.21,65.56
Puerto Rico,PRI,NA,2000,,,13.22,67.37
Puerto Rico,PRI,NA,2001,,,13.25,69.64
Puerto Rico,PRI,NA,2002,,,13.31,70.32
Puerto Rico,PRI,NA,2003,,,13.71,70.84
Puerto Rico,PRI,NA,2004,,,13.36,71.16
Puerto Rico,PRI,NA,2005,,,13.32,72.21
Puerto Rico,PRI,NA,2006,,,12.61,72.56
Puerto Rico,PRI,NA,2007,,,13.18,72.97
Puerto Rico,PRI,NA,2008,33.3,,13.36,74.25
Puerto Rico,PRI,NA,2009,33.3,,13.18,74.3
Puerto Rico,PRI,NA,2010,33.23,,12.66,74.75
Puerto Rico,PRI,NA,2011,33.45,,12.68,75.26
Puerto Rico,PRI,NA,2012,33.81,,12.91,75.8
Puerto Rico,PRI,NA,2013,35.15,,12.57,80.15
Puerto Rico,PRI,NA,2014,35.59,,12.81,80.89
Puerto Rico,PRI,NA,2015,35.8,,13.38,80.51
Puerto Rico,PRI,NA,2016,34.55,,13.39,76.89
Puerto Rico,PRI,NA,2017,34.64,,13.21,77.35
Puerto Rico,PRI,NA,2018,,,12.58,74.55
Qatar,QAT,AS,1981,48.77,64.64,24.64,57.02
Qatar,QAT,AS,1982,48.47,64.59,25.19,55.65
Qatar,QAT,AS,1983,48.25,64.28,24.65,55.81
Qatar,QAT,AS,1984,48.69,65.08,24.84,56.16
Qatar,QAT,AS,1985,48.74,64.38,24.87,56.97
Qatar,QAT,AS,1986,48.2,62.93,25.47,56.21
Qatar,QAT,AS,1987,48.31,63.2,25.49,56.23
Qatar,QAT,AS,1988,47.97,61.83,25.87,56.21
Qatar,QAT,AS,1989,47.72,61.53,25.77,55.87
Qatar,QAT,AS,1990,48.2,62.47,26.34,55.77
Qatar,QAT,AS,1991,49,62.6,28.43,55.97
Qatar,QAT,AS,1992,48.92,63.21,28.22,55.32
Qatar,QAT,AS,1993,49.21,62.78,29.06,55.8
Qatar,QAT,AS,1994,49.57,63.07,28.95,56.67
Qatar,QAT,AS,1995,50.98,64.61,29.8,58.55
Qatar,QAT,AS,1996,51.85,64.42,29.95,61.19
Qatar,QAT,AS,1997,54.01,64.62,36.14,61.27
Qatar,QAT,AS,1998,54.97,70.62,36.03,58.26
Qatar,QAT,AS,1999,57.07,70.99,39.79,60.42
Qatar,QAT,AS,2000,57.34,70.93,40.39,60.71
Qatar,QAT,AS,2001,58.72,71.04,41.35,63.78
Qatar,QAT,AS,2002,57.7,71.1,41.41,60.6
Qatar,QAT,AS,2003,58.75,70.99,43.19,62.08
Qatar,QAT,AS,2004,59.61,71.27,43.48,64.06
Qatar,QAT,AS,2005,60.74,71.92,45.24,65.05
Qatar,QAT,AS,2006,65.98,72.15,57.02,68.76
Qatar,QAT,AS,2007,68.06,73.55,62.89,67.74
Qatar,QAT,AS,2008,68.24,73.83,63.49,67.4
Qatar,QAT,AS,2009,70.65,75.48,64.17,72.3
Qatar,QAT,AS,2010,70.25,76.19,65.58,68.98
Qatar,QAT,AS,2011,71.08,75.87,65.42,71.95
Qatar,QAT,AS,2012,71.84,77.53,66.38,71.61
Qatar,QAT,AS,2013,74.21,77.05,66.38,79.21
Qatar,QAT,AS,2014,75.14,80.22,66.54,78.67
Qatar,QAT,AS,2015,74.58,77.19,67.99,78.55
Qatar,QAT,AS,2016,74.34,76.69,68.94,77.4
Qatar,QAT,AS,2017,74.3,76.06,69.68,77.17
Qatar,QAT,AS,2018,75.32,76.54,70.02,79.4
Qatar,QAT,AS,2019,75.73,76.79,69.95,80.45
Qatar,QAT,AS,2020,73,77,62,81
Republic of the Congo,COG,AF,1981,36.59,40.18,38.86,30.53
Republic of the Congo,COG,AF,1982,37.1,41.47,39.3,30.32
Republic of the Congo,COG,AF,1983,36.98,40.15,39.96,30.66
Republic of the Congo,COG,AF,1984,36.46,38.73,40.02,30.45
Republic of the Congo,COG,AF,1985,37.91,42.48,40.32,30.74
Republic of the Congo,COG,AF,1986,38.74,44.19,40.97,30.84
Republic of the Congo,COG,AF,1987,37.36,42.27,39.2,30.42
Republic of the Congo,COG,AF,1988,37.14,42.84,37.59,30.82
Republic of the Congo,COG,AF,1989,39.22,42.39,44.44,30.59
Republic of the Congo,COG,AF,1990,39.28,42.32,44.66,30.62
Republic of the Congo,COG,AF,1991,40.82,42.75,47.53,31.92
Republic of the Congo,COG,AF,1992,40.71,41.46,47.79,32.66
Republic of the Congo,COG,AF,1993,42.84,47.67,48.16,32.4
Republic of the Congo,COG,AF,1994,44.35,50.73,49.27,32.73
Republic of the Congo,COG,AF,1995,45.72,53.99,50.44,32.37
Republic of the Congo,COG,AF,1996,45.3,51.27,50.1,34.24
Republic of the Congo,COG,AF,1997,44.8,53.85,49.44,30.73
Republic of the Congo,COG,AF,1998,44.47,53.9,48.62,30.52
Republic of the Congo,COG,AF,1999,45.39,55.16,49,31.66
Republic of the Congo,COG,AF,2000,41.63,51.47,40.19,33.02
Republic of the Congo,COG,AF,2001,41.93,51.47,40.08,34.04
Republic of the Congo,COG,AF,2002,43.12,53.72,39.94,35.5
Republic of the Congo,COG,AF,2003,43.37,52.61,40.63,36.69
Republic of the Congo,COG,AF,2004,47.39,52.91,51.51,37.5
Republic of the Congo,COG,AF,2005,48.37,54.71,51.86,38.3
Republic of the Congo,COG,AF,2006,45.85,56.28,42.7,38.38
Republic of the Congo,COG,AF,2007,45.86,55.51,43.12,38.78
Republic of the Congo,COG,AF,2008,46.37,53.21,43.88,41.93
Republic of the Congo,COG,AF,2009,50.88,54.55,53.92,44.02
Republic of the Congo,COG,AF,2010,50.9,53.39,53.89,45.29
Republic of the Congo,COG,AF,2011,48.43,54,45.45,45.77
Republic of the Congo,COG,AF,2012,48.55,51.74,45.53,48.36
Republic of the Congo,COG,AF,2013,48.25,50.1,46.29,48.37
Republic of the Congo,COG,AF,2014,52.33,46.58,59.35,51.03
Republic of the Congo,COG,AF,2015,54.32,52.75,60.83,49.29
Republic of the Congo,COG,AF,2016,54.8,53.39,61.55,49.37
Republic of the Congo,COG,AF,2017,54.81,53.38,61.96,48.98
Republic of the Congo,COG,AF,2018,53.67,50.72,60.84,49.4
Republic of the Congo,COG,AF,2019,52.5,47.11,59.84,50.51
Republic of the Congo,COG,AF,2020,51,46,59,48
Romania,ROU,EU,1981,47.3,34.03,69.89,37.45
Romania,ROU,EU,1982,48.24,35.84,70.81,37.51
Romania,ROU,EU,1983,48.38,35.81,71.5,37.24
Romania,ROU,EU,1984,48.24,35.85,71.66,36.57
Romania,ROU,EU,1985,48.43,35.82,71.75,37.1
Romania,ROU,EU,1986,48.32,35.95,71.65,36.73
Romania,ROU,EU,1987,47.36,35.91,68.44,37.2
Romania,ROU,EU,1988,44.9,34.61,62.72,36.93
Romania,ROU,EU,1989,43.8,34.33,59.44,37.29
Romania,ROU,EU,1990,43.59,31.54,60.19,38.79
Romania,ROU,EU,1991,47.24,31.55,70.15,39.6
Romania,ROU,EU,1992,49.5,37.79,70.08,40.13
Romania,ROU,EU,1993,51.74,38.82,75.4,40.41
Romania,ROU,EU,1994,54.97,40.25,81.15,42.86
Romania,ROU,EU,1995,56.87,40.03,83.47,46.56
Romania,ROU,EU,1996,58.57,41.92,85.02,48.23
Romania,ROU,EU,1997,61.09,45.9,85.87,50.97
Romania,ROU,EU,1998,60.68,43.91,85.43,52.27
Romania,ROU,EU,1999,61.28,45.47,86,51.91
Romania,ROU,EU,2000,63.88,49.39,86.21,55.64
Romania,ROU,EU,2001,64.95,50.99,87.23,56.2
Romania,ROU,EU,2002,66.78,51.96,88.17,59.87
Romania,ROU,EU,2003,67.28,52.29,88.55,60.69
Romania,ROU,EU,2004,69.16,55.87,88.93,62.35
Romania,ROU,EU,2005,72.26,64.11,89.12,63.13
Romania,ROU,EU,2006,73.21,64.02,90.03,65.22
Romania,ROU,EU,2007,76.75,67.33,91.23,71.45
Romania,ROU,EU,2008,76.97,66.4,91.42,72.9
Romania,ROU,EU,2009,76.35,65.21,90.59,73.12
Romania,ROU,EU,2010,76.71,65.36,90.6,74.05
Romania,ROU,EU,2011,76.85,64.97,90.48,75
Romania,ROU,EU,2012,77.38,66.25,90.5,75.3
Romania,ROU,EU,2013,77.93,67.79,90.52,75.37
Romania,ROU,EU,2014,79.13,70.44,90.55,76.28
Romania,ROU,EU,2015,79.63,70.74,91.23,76.81
Romania,ROU,EU,2016,79.58,70.42,91.24,76.96
Romania,ROU,EU,2017,79.81,71.03,91.11,77.18
Romania,ROU,EU,2018,79.29,71.71,90.6,75.56
Romania,ROU,EU,2019,79.44,71.58,90.45,76.31
Romania,ROU,EU,2020,79,71,91,76
Russia,RUS,EU,1990,44.82,23.89,65.32,45.26
Russia,RUS,EU,1991,49.81,29.32,74.53,45.57
Russia,RUS,EU,1992,50.22,29.25,76.12,45.29
Russia,RUS,EU,1993,54.51,34.18,83.31,46.04
Russia,RUS,EU,1994,55.67,36.66,84.23,46.13
Russia,RUS,EU,1995,57.66,40.37,85.47,47.13
Russia,RUS,EU,1996,59.91,43.62,88,48.11
Russia,RUS,EU,1997,60.8,44.92,88.7,48.77
Russia,RUS,EU,1998,62.69,51.39,87.62,49.07
Russia,RUS,EU,1999,62.46,51.17,88.22,47.99
Russia,RUS,EU,2000,64.73,52.75,89.27,52.18
Russia,RUS,EU,2001,64.15,48.33,90.13,53.99
Russia,RUS,EU,2002,65.6,51.74,90.28,54.79
Russia,RUS,EU,2003,66.95,53.65,90.63,56.57
Russia,RUS,EU,2004,65.95,48.69,90.62,58.53
Russia,RUS,EU,2005,66.27,48.8,90.61,59.39
Russia,RUS,EU,2006,66.99,48.34,91.18,61.44
Russia,RUS,EU,2007,69.13,49.27,91.9,66.23
Russia,RUS,EU,2008,69.26,47.25,92.09,68.45
Russia,RUS,EU,2009,70.3,50.15,92.4,68.36
Russia,RUS,EU,2010,70.22,49.76,92.61,68.27
Russia,RUS,EU,2011,70.32,48.3,92.74,69.94
Russia,RUS,EU,2012,70.86,49.16,92.2,71.23
Russia,RUS,EU,2013,71.63,50.41,92.57,71.92
Russia,RUS,EU,2014,71.13,49.19,92.44,71.77
Russia,RUS,EU,2015,72.33,53.56,92.88,70.56
Russia,RUS,EU,2016,72.58,54.5,93.04,70.19
Russia,RUS,EU,2017,72.57,54.07,93.05,70.6
Russia,RUS,EU,2018,71.94,54.46,92.69,68.67
Russia,RUS,EU,2019,72.03,55.19,92.39,68.51
Russia,RUS,EU,2020,71,54,92,68
Rwanda,RWA,AF,1981,23.38,23.64,31.95,14.55
Rwanda,RWA,AF,1982,22.89,22.04,32.34,14.27
Rwanda,RWA,AF,1983,22.32,20.38,32.2,14.36
Rwanda,RWA,AF,1984,22.4,20.1,32.41,14.68
Rwanda,RWA,AF,1985,22.69,19.89,33.79,14.37
Rwanda,RWA,AF,1986,23.39,21.05,34.6,14.53
Rwanda,RWA,AF,1987,23.45,20.75,34.44,15.15
Rwanda,RWA,AF,1988,23.35,19.88,34.47,15.68
Rwanda,RWA,AF,1989,23.15,18.82,34.86,15.76
Rwanda,RWA,AF,1990,23.24,18.22,35.06,16.45
Rwanda,RWA,AF,1991,25.07,21.3,37.31,16.59
Rwanda,RWA,AF,1992,24.35,19.06,37.18,16.8
Rwanda,RWA,AF,1993,24.55,20.22,36.67,16.77
Rwanda,RWA,AF,1994,26.56,27,37.63,15.03
Rwanda,RWA,AF,1995,28.01,31.53,37.14,15.35
Rwanda,RWA,AF,1996,26.41,25.96,37.62,15.65
Rwanda,RWA,AF,1997,26.63,25.95,37.48,16.46
Rwanda,RWA,AF,1998,26.94,25.57,37.9,17.33
Rwanda,RWA,AF,1999,28.19,27.85,37.89,18.84
Rwanda,RWA,AF,2000,29.42,30.76,38.03,19.47
Rwanda,RWA,AF,2001,31.19,33.22,39.25,21.1
Rwanda,RWA,AF,2002,31.58,31.51,38.05,25.17
Rwanda,RWA,AF,2003,31.49,31.23,38.97,24.26
Rwanda,RWA,AF,2004,32.48,31.97,39.12,26.36
Rwanda,RWA,AF,2005,35.77,29.91,50.51,26.9
Rwanda,RWA,AF,2006,37.51,29.71,53.99,28.84
Rwanda,RWA,AF,2007,38.5,31.01,54.28,30.22
Rwanda,RWA,AF,2008,40.67,34.34,55.88,31.79
Rwanda,RWA,AF,2009,43.08,33.83,58.45,36.97
Rwanda,RWA,AF,2010,46.42,41.24,57.81,40.23
Rwanda,RWA,AF,2011,48.07,43.62,59.48,41.11
Rwanda,RWA,AF,2012,48.74,43.57,61.63,41.02
Rwanda,RWA,AF,2013,50.07,45.05,62.82,42.34
Rwanda,RWA,AF,2014,50.78,46.29,63.8,42.25
Rwanda,RWA,AF,2015,52.04,50.16,64.66,41.31
Rwanda,RWA,AF,2016,52,49.73,64.21,42.07
Rwanda,RWA,AF,2017,52.39,49.27,65.1,42.79
Rwanda,RWA,AF,2018,51.61,51.44,64.74,38.66
Rwanda,RWA,AF,2019,51.68,51.56,64.96,38.51
Rwanda,RWA,AF,2020,50,46,65,38
Saint Lucia,LCA,NA,1981,38.06,35.17,15.02,67.82
Saint Lucia,LCA,NA,1982,37.42,33.89,15.01,66.97
Saint Lucia,LCA,NA,1983,39.71,36.96,19.31,66.16
Saint Lucia,LCA,NA,1984,38.56,35.62,19.71,63.32
Saint Lucia,LCA,NA,1985,39.26,35.06,22.18,63.06
Saint Lucia,LCA,NA,1986,41.13,43.23,22.4,61.07
Saint Lucia,LCA,NA,1987,41.66,44.5,23.39,60.36
Saint Lucia,LCA,NA,1988,42.84,47.87,24.19,59.98
Saint Lucia,LCA,NA,1989,42.64,47.24,24.23,59.86
Saint Lucia,LCA,NA,1990,43.4,47.96,25.05,60.55
Saint Lucia,LCA,NA,1991,44.03,48.04,26.81,60.38
Saint Lucia,LCA,NA,1992,44.17,48.2,26.95,60.48
Saint Lucia,LCA,NA,1993,45.31,50.08,27.65,61.44
Saint Lucia,LCA,NA,1994,45.57,49.54,28.17,62.16
Saint Lucia,LCA,NA,1995,51.13,49.83,42.11,62.88
Saint Lucia,LCA,NA,1996,45.04,43.15,30.35,63.97
Saint Lucia,LCA,NA,1997,45.09,43.58,30.13,63.99
Saint Lucia,LCA,NA,1998,45.08,42.7,30.29,64.59
Saint Lucia,LCA,NA,1999,47.08,47.64,31.19,65.15
Saint Lucia,LCA,NA,2000,46.22,42.11,31.7,67.07
Saint Lucia,LCA,NA,2001,47.49,45.99,32.06,66.98
Saint Lucia,LCA,NA,2002,48.12,45.58,31.71,69.74
Saint Lucia,LCA,NA,2003,49.79,49.25,32.27,70.9
Saint Lucia,LCA,NA,2004,52.23,57.86,32.28,70.49
Saint Lucia,LCA,NA,2005,53,58.53,32.81,71.66
Saint Lucia,LCA,NA,2006,53.65,58.22,34.43,72.09
Saint Lucia,LCA,NA,2007,54.33,58.96,34.46,73.5
Saint Lucia,LCA,NA,2008,56.64,65.81,34.8,73.93
Saint Lucia,LCA,NA,2009,55.06,62.17,35,72.2
Saint Lucia,LCA,NA,2010,55.97,64.24,35.38,72.67
Saint Lucia,LCA,NA,2011,55.18,61.83,35.07,72.85
Saint Lucia,LCA,NA,2012,56.41,63.39,36.2,73.92
Saint Lucia,LCA,NA,2013,56.68,63.86,36.42,74.08
Saint Lucia,LCA,NA,2014,58.78,67.79,37.15,76.12
Saint Lucia,LCA,NA,2015,58.21,66.51,37.19,75.52
Saint Lucia,LCA,NA,2016,58.27,66.46,37.56,75.33
Saint Lucia,LCA,NA,2017,57.91,65.29,37.58,75.33
Saint Lucia,LCA,NA,2018,56.35,59.9,34.95,78.61
Saint Vincent and the Grenadines,VCT,NA,1981,32.51,35,10.88,54.57
Saint Vincent and the Grenadines,VCT,NA,1982,32.23,34.2,10.88,54.42
Saint Vincent and the Grenadines,VCT,NA,1983,32.01,33.97,10.87,53.97
Saint Vincent and the Grenadines,VCT,NA,1984,31.57,32.89,10.88,53.6
Saint Vincent and the Grenadines,VCT,NA,1985,31.79,33.19,10.89,53.97
Saint Vincent and the Grenadines,VCT,NA,1986,35.54,46.21,10.9,53.76
Saint Vincent and the Grenadines,VCT,NA,1987,35.77,45.86,10.91,54.73
Saint Vincent and the Grenadines,VCT,NA,1988,36.66,48.58,10.91,54.96
Saint Vincent and the Grenadines,VCT,NA,1989,39.31,48.48,17.95,55.09
Saint Vincent and the Grenadines,VCT,NA,1990,39.62,48.62,18.19,55.62
Saint Vincent and the Grenadines,VCT,NA,1991,40.57,48.38,20.7,55.86
Saint Vincent and the Grenadines,VCT,NA,1992,40.22,47.68,20.66,55.47
Saint Vincent and the Grenadines,VCT,NA,1993,40.28,46.95,20.82,56.09
Saint Vincent and the Grenadines,VCT,NA,1994,42.43,49.93,21.38,59.28
Saint Vincent and the Grenadines,VCT,NA,1995,42.44,48.5,23.26,58.46
Saint Vincent and the Grenadines,VCT,NA,1996,40.23,42.61,23.48,56.86
Saint Vincent and the Grenadines,VCT,NA,1997,41.27,45.65,23.65,57.08
Saint Vincent and the Grenadines,VCT,NA,1998,41.49,45.26,23.99,57.68
Saint Vincent and the Grenadines,VCT,NA,1999,42.77,47.89,24.7,58.42
Saint Vincent and the Grenadines,VCT,NA,2000,42.49,46.68,24.68,58.74
Saint Vincent and the Grenadines,VCT,NA,2001,43.28,47.25,24.69,60.62
Saint Vincent and the Grenadines,VCT,NA,2002,43.23,46.85,25.05,60.46
Saint Vincent and the Grenadines,VCT,NA,2003,45.63,49.76,26.52,63.47
Saint Vincent and the Grenadines,VCT,NA,2004,45.58,49.99,25.98,63.75
Saint Vincent and the Grenadines,VCT,NA,2005,46.84,53.73,26.51,63.61
Saint Vincent and the Grenadines,VCT,NA,2006,46.96,53.32,26.88,63.96
Saint Vincent and the Grenadines,VCT,NA,2007,48.1,54.5,27.27,65.95
Saint Vincent and the Grenadines,VCT,NA,2008,49.91,61.89,27.28,64.79
Saint Vincent and the Grenadines,VCT,NA,2009,50.97,60.35,27.64,69.01
Saint Vincent and the Grenadines,VCT,NA,2010,51.84,60.53,29.73,69.12
Saint Vincent and the Grenadines,VCT,NA,2011,51.99,60.1,29.89,69.82
Saint Vincent and the Grenadines,VCT,NA,2012,52.24,60.77,30.29,69.52
Saint Vincent and the Grenadines,VCT,NA,2013,53.1,61.71,30.31,71.3
Saint Vincent and the Grenadines,VCT,NA,2014,53.44,62.53,30.5,71.39
Saint Vincent and the Grenadines,VCT,NA,2015,53.37,60.11,31.05,72.76
Saint Vincent and the Grenadines,VCT,NA,2016,53.99,61.24,31.42,73.22
Saint Vincent and the Grenadines,VCT,NA,2017,53.37,59.26,31.62,72.92
Saint Vincent and the Grenadines,VCT,NA,2018,49.86,50.79,28.81,73.03
Samoa,WSM,OC,1981,33,32.02,13.9,55.31
Samoa,WSM,OC,1982,33.03,31.62,13.89,55.74
Samoa,WSM,OC,1983,34.4,36.03,13.9,55.95
Samoa,WSM,OC,1984,34.61,36.58,13.91,56.06
Samoa,WSM,OC,1985,35.56,39.29,14.12,56.28
Samoa,WSM,OC,1986,35.7,39.33,14.33,56.43
Samoa,WSM,OC,1987,36.41,41.64,14.35,56.51
Samoa,WSM,OC,1988,36.42,41.38,14.55,56.51
Samoa,WSM,OC,1989,37.43,43.8,14.5,57.43
Samoa,WSM,OC,1990,38.52,47.6,14.6,57.24
Samoa,WSM,OC,1991,39.14,48.88,15.44,57.01
Samoa,WSM,OC,1992,39.32,48.98,15.69,57.16
Samoa,WSM,OC,1993,41.06,54.41,15.72,57.49
Samoa,WSM,OC,1994,37.46,41.28,16.11,57.91
Samoa,WSM,OC,1995,38.33,43.43,16.15,58.58
Samoa,WSM,OC,1996,36.71,36.98,16.38,59.22
Samoa,WSM,OC,1997,37,35.96,16.22,61.2
Samoa,WSM,OC,1998,37.47,37.12,16.8,60.93
Samoa,WSM,OC,1999,37.65,37.13,17.36,60.86
Samoa,WSM,OC,2000,44.17,38.89,30.99,63.68
Samoa,WSM,OC,2001,45.43,40.32,31.77,65.32
Samoa,WSM,OC,2002,45.43,40.66,31.7,65.11
Samoa,WSM,OC,2003,48,47.61,32.38,65.94
Samoa,WSM,OC,2004,46.46,47.16,32.1,62.02
Samoa,WSM,OC,2005,48.55,50.11,32.61,65.14
Samoa,WSM,OC,2006,49.63,51.57,33.7,65.89
Samoa,WSM,OC,2007,50.44,52.16,33.89,67.62
Samoa,WSM,OC,2008,49.87,51.13,33.65,67.13
Samoa,WSM,OC,2009,50.75,51.64,34.43,68.47
Samoa,WSM,OC,2010,50.58,51.97,35.22,66.8
Samoa,WSM,OC,2011,51.87,51.88,34.24,71.9
Samoa,WSM,OC,2012,51.8,50.7,34.34,72.66
Samoa,WSM,OC,2013,53.04,54.43,34.02,73.45
Samoa,WSM,OC,2014,51.91,53.85,34.54,69.96
Samoa,WSM,OC,2015,52.44,52.94,34.76,72.14
Samoa,WSM,OC,2016,53.12,54.87,34.76,72.47
Samoa,WSM,OC,2017,52.52,53.14,35.02,71.94
Samoa,WSM,OC,2018,52.24,53.75,33.49,72.27
Samoa,WSM,OC,2019,51.69,52.76,33.5,71.47
Samoa,WSM,OC,2020,49,48,33,68
San Marino,SMR,EU,1981,41.78,,10.87,78.31
San Marino,SMR,EU,1982,41.54,,10.86,77.74
San Marino,SMR,EU,1983,41.47,,11.04,77.37
San Marino,SMR,EU,1984,41.43,,11.03,77.1
San Marino,SMR,EU,1985,41.49,,11.23,77.03
San Marino,SMR,EU,1986,41.85,,11.81,77.41
San Marino,SMR,EU,1987,41.72,,12.2,76.7
San Marino,SMR,EU,1988,42.08,,13.18,76.59
San Marino,SMR,EU,1989,42.9,,15.09,76.48
San Marino,SMR,EU,1990,42.93,,15.27,76.32
San Marino,SMR,EU,1991,43.34,,16.18,76.23
San Marino,SMR,EU,1992,44.87,,18.32,77.71
San Marino,SMR,EU,1993,44.87,,18.55,77.38
San Marino,SMR,EU,1994,44.66,,18.35,77.05
San Marino,SMR,EU,1995,44.85,,18.88,76.84
San Marino,SMR,EU,1996,44.97,,18.98,76.9
San Marino,SMR,EU,1997,45.03,,18.89,77.17
San Marino,SMR,EU,1998,45.14,,18.87,77.62
San Marino,SMR,EU,1999,47.49,,19.22,84.58
San Marino,SMR,EU,2000,47.77,,19.25,85.73
San Marino,SMR,EU,2001,47.7,,19.52,85.82
San Marino,SMR,EU,2002,47.76,,19.97,86.16
San Marino,SMR,EU,2003,48.38,,21,86.98
San Marino,SMR,EU,2004,48.1,,20.73,86.79
San Marino,SMR,EU,2005,51.85,,26.82,86.74
San Marino,SMR,EU,2006,51.92,,27.19,86.67
San Marino,SMR,EU,2007,54.39,,30.26,86.77
San Marino,SMR,EU,2008,54.47,,29.09,88.12
San Marino,SMR,EU,2009,56.17,,31.72,88.49
San Marino,SMR,EU,2010,56.75,,32.26,89.46
San Marino,SMR,EU,2011,55.88,,32.28,86.75
San Marino,SMR,EU,2012,56.68,,33.29,87.18
San Marino,SMR,EU,2013,56.63,,33.31,86.95
San Marino,SMR,EU,2014,55.07,,33.31,81.97
San Marino,SMR,EU,2015,55.12,,33.67,81.54
San Marino,SMR,EU,2016,56.85,,33.66,86.1
San Marino,SMR,EU,2017,57.21,,33.67,86.85
San Marino,SMR,EU,2018,56.97,,32.35,88.38
San Marino,SMR,EU,2019,56.99,,32.01,88.62
San Marino,SMR,EU,2020,55,,32,84
Sao Tome and Principe,STP,AF,1981,28.19,41.39,11.9,34.42
Sao Tome and Principe,STP,AF,1982,28.47,41.66,12.48,34.44
Sao Tome and Principe,STP,AF,1983,29.03,41.71,12.84,35.65
Sao Tome and Principe,STP,AF,1984,29.98,44.52,13.22,35.7
Sao Tome and Principe,STP,AF,1985,29.64,44.2,13.22,34.98
Sao Tome and Principe,STP,AF,1986,29.57,44.12,13.4,34.66
Sao Tome and Principe,STP,AF,1987,29.24,43.65,13.4,34.05
Sao Tome and Principe,STP,AF,1988,29.28,43.74,13.39,34.07
Sao Tome and Principe,STP,AF,1989,29.73,43.43,13.34,35.67
Sao Tome and Principe,STP,AF,1990,29.81,43.47,13.65,35.5
Sao Tome and Principe,STP,AF,1991,30.61,42.97,14.5,37.36
Sao Tome and Principe,STP,AF,1992,31.14,43.87,14.05,38.59
Sao Tome and Principe,STP,AF,1993,31.78,44.11,14.71,39.51
Sao Tome and Principe,STP,AF,1994,32.63,45.94,14.4,40.72
Sao Tome and Principe,STP,AF,1995,32.16,44.85,14.65,39.97
Sao Tome and Principe,STP,AF,1996,31.58,43.02,14.35,40.12
Sao Tome and Principe,STP,AF,1997,31.75,43.45,14.2,40.44
Sao Tome and Principe,STP,AF,1998,31.42,42.93,14.61,39.49
Sao Tome and Principe,STP,AF,1999,32.5,43.41,15.71,41.07
Sao Tome and Principe,STP,AF,2000,34.56,49.16,15.55,42.42
Sao Tome and Principe,STP,AF,2001,35.2,49.32,16.35,43.33
Sao Tome and Principe,STP,AF,2002,34.94,47.97,16.3,43.85
Sao Tome and Principe,STP,AF,2003,35.55,47.41,17.13,45.19
Sao Tome and Principe,STP,AF,2004,35.95,45.83,17.26,47.56
Sao Tome and Principe,STP,AF,2005,35.61,45.35,17.53,46.66
Sao Tome and Principe,STP,AF,2006,37.89,49.66,19.46,47.62
Sao Tome and Principe,STP,AF,2007,39.07,52.96,20,47.69
Sao Tome and Principe,STP,AF,2008,37.58,48.29,19.97,47.33
Sao Tome and Principe,STP,AF,2009,39.34,46.66,20.68,53.11
Sao Tome and Principe,STP,AF,2010,39.59,48.03,20.7,52.66
Sao Tome and Principe,STP,AF,2011,41.07,48.98,21.61,55.2
Sao Tome and Principe,STP,AF,2012,40.49,46.76,21.64,55.39
Sao Tome and Principe,STP,AF,2013,42.96,53.27,21.67,57.07
Sao Tome and Principe,STP,AF,2014,43.69,56.67,21.69,56.29
Sao Tome and Principe,STP,AF,2015,43.82,54.61,23.15,56.88
Sao Tome and Principe,STP,AF,2016,42.79,53.06,23.35,54.99
Sao Tome and Principe,STP,AF,2017,42.67,50.76,24.38,55.5
Sao Tome and Principe,STP,AF,2018,44.28,44.83,30.44,58.7
Sao Tome and Principe,STP,AF,2019,43.23,46.39,30.7,54.02
Sao Tome and Principe,STP,AF,2020,42,42,31,53
Saudi Arabia,SAU,AS,1981,49.21,67.21,46.02,33.76
Saudi Arabia,SAU,AS,1982,49.87,68.86,46.8,33.29
Saudi Arabia,SAU,AS,1983,51.44,69.74,48.44,35.54
Saudi Arabia,SAU,AS,1984,52.01,69,50.67,35.75
Saudi Arabia,SAU,AS,1985,51.85,67.71,51.32,35.93
Saudi Arabia,SAU,AS,1986,51.92,67.48,51.56,36.13
Saudi Arabia,SAU,AS,1987,51.14,67.87,48.81,36.2
Saudi Arabia,SAU,AS,1988,50.18,67.11,46.6,36.32
Saudi Arabia,SAU,AS,1989,49.63,67.25,44.04,37.17
Saudi Arabia,SAU,AS,1990,49.89,66.26,43.73,39.31
Saudi Arabia,SAU,AS,1991,51.85,66.69,48.52,39.91
Saudi Arabia,SAU,AS,1992,51.07,64.81,48.31,39.69
Saudi Arabia,SAU,AS,1993,54.69,62.73,59.4,41.48
Saudi Arabia,SAU,AS,1994,53.08,59.17,58.61,41.04
Saudi Arabia,SAU,AS,1995,50.19,60.06,47.43,42.79
Saudi Arabia,SAU,AS,1996,52.41,60.53,52.71,43.68
Saudi Arabia,SAU,AS,1997,53.84,61.42,55.08,44.69
Saudi Arabia,SAU,AS,1998,55.9,65.58,55.97,45.78
Saudi Arabia,SAU,AS,1999,56.64,65.01,56.79,47.79
Saudi Arabia,SAU,AS,2000,56.56,63.97,57.08,48.32
Saudi Arabia,SAU,AS,2001,57.48,64.48,57.64,50.03
Saudi Arabia,SAU,AS,2002,57.92,64.15,57.5,51.89
Saudi Arabia,SAU,AS,2003,58.81,64.24,59.04,52.91
Saudi Arabia,SAU,AS,2004,59.34,64.87,59.27,53.65
Saudi Arabia,SAU,AS,2005,60.34,64.91,59.76,56.18
Saudi Arabia,SAU,AS,2006,62.02,68.34,60.41,57.13
Saudi Arabia,SAU,AS,2007,65.21,71.18,62.14,62.19
Saudi Arabia,SAU,AS,2008,65.89,70.81,63.05,63.72
Saudi Arabia,SAU,AS,2009,67.24,73.06,63.53,65.06
Saudi Arabia,SAU,AS,2010,67.51,70.75,64.52,67.26
Saudi Arabia,SAU,AS,2011,66.94,67.33,64.83,68.74
Saudi Arabia,SAU,AS,2012,65.76,61.96,65.56,69.93
Saudi Arabia,SAU,AS,2013,66.42,64.11,66.09,69.16
Saudi Arabia,SAU,AS,2014,66.03,63.19,65.88,69.15
Saudi Arabia,SAU,AS,2015,65.86,60.86,66.54,70.37
Saudi Arabia,SAU,AS,2016,65.64,59.06,66.98,71.11
Saudi Arabia,SAU,AS,2017,66.1,60.83,67.03,70.63
Saudi Arabia,SAU,AS,2018,67.73,63.99,66.41,73
Saudi Arabia,SAU,AS,2019,67.6,63.7,66.42,72.88
Saudi Arabia,SAU,AS,2020,67,61,67,73
Senegal,SEN,AF,1981,43.67,38.9,68.32,21.86
Senegal,SEN,AF,1982,43.16,37.87,67.95,21.79
Senegal,SEN,AF,1983,44.13,40.18,68.54,21.71
Senegal,SEN,AF,1984,45.06,41.51,70.1,21.56
Senegal,SEN,AF,1985,41.32,39.65,61.13,21.47
Senegal,SEN,AF,1986,40.77,36.87,62.18,21.63
Senegal,SEN,AF,1987,39.74,35.17,60.64,21.87
Senegal,SEN,AF,1988,42.07,36.28,66.3,21.91
Senegal,SEN,AF,1989,41.78,36.9,63.89,22.93
Senegal,SEN,AF,1990,41.78,36.61,64.07,23.06
Senegal,SEN,AF,1991,42.91,35.48,68.25,23.32
Senegal,SEN,AF,1992,43.27,35.48,68.98,23.68
Senegal,SEN,AF,1993,43.04,34.83,70.49,22.02
Senegal,SEN,AF,1994,46.29,41.95,72.06,22.86
Senegal,SEN,AF,1995,47.11,42.21,73.34,23.78
Senegal,SEN,AF,1996,45,34.99,72.56,25.8
Senegal,SEN,AF,1997,45.41,35.91,72.07,26.67
Senegal,SEN,AF,1998,47.01,37,73.92,28.55
Senegal,SEN,AF,1999,48.29,38.1,75.17,30.1
Senegal,SEN,AF,2000,49.31,40.56,74.56,31.33
Senegal,SEN,AF,2001,50.05,39.62,76.28,32.82
Senegal,SEN,AF,2002,51.08,40.65,75.82,35.5
Senegal,SEN,AF,2003,52.44,41.02,77.21,37.91
Senegal,SEN,AF,2004,54.47,44.04,78.15,40.06
Senegal,SEN,AF,2005,55.4,45.55,78.48,41.03
Senegal,SEN,AF,2006,55.08,42.24,78.98,43.08
Senegal,SEN,AF,2007,57.15,45.75,79.12,45.68
Senegal,SEN,AF,2008,58.31,44.05,79.9,50.39
Senegal,SEN,AF,2009,58.41,43.46,80.35,50.88
Senegal,SEN,AF,2010,58.81,44.51,80.26,51.14
Senegal,SEN,AF,2011,59.66,46.53,80.5,51.43
Senegal,SEN,AF,2012,60.86,48.85,81.55,51.61
Senegal,SEN,AF,2013,61.07,47.44,81.5,53.83
Senegal,SEN,AF,2014,61.41,47.18,82.48,54.15
Senegal,SEN,AF,2015,60.77,45.45,82.45,54.01
Senegal,SEN,AF,2016,60.71,45.13,82.98,53.59
Senegal,SEN,AF,2017,61.32,45.9,83.34,54.29
Senegal,SEN,AF,2018,61.83,48.93,82.81,53.22
Senegal,SEN,AF,2019,61.63,48.72,82.85,52.77
Senegal,SEN,AF,2020,61,48,82,52
Serbia,SRB,EU,1981,42.31,42.42,25.41,59.11
Serbia,SRB,EU,1982,42.26,42.29,25.41,59.08
Serbia,SRB,EU,1983,42.21,42.09,25.46,59.07
Serbia,SRB,EU,1984,42.15,41.94,25.46,59.04
Serbia,SRB,EU,1985,42.11,41.8,25.48,59.02
Serbia,SRB,EU,1986,42.04,41.55,25.5,59.05
Serbia,SRB,EU,1987,41.97,41.32,25.51,59.02
Serbia,SRB,EU,1988,41.91,41.09,25.52,59.04
Serbia,SRB,EU,1989,41.87,40.92,25.57,59.06
Serbia,SRB,EU,1990,42.27,41.48,26.25,59.02
Serbia,SRB,EU,1991,45.54,41.44,35.31,59.53
Serbia,SRB,EU,1992,45.81,41.45,35.76,59.86
Serbia,SRB,EU,1993,45.92,41.49,35.76,60.15
Serbia,SRB,EU,1994,42.94,40.96,27.26,60.45
Serbia,SRB,EU,1995,43.29,41.6,27.34,60.79
Serbia,SRB,EU,1996,44.07,42.66,28.43,61
Serbia,SRB,EU,1997,44.53,43.03,29.28,61.14
Serbia,SRB,EU,1998,44.95,43.55,29.63,61.54
Serbia,SRB,EU,1999,45.65,46.09,29.51,61.39
Serbia,SRB,EU,2000,50.1,51.69,36.96,61.78
Serbia,SRB,EU,2001,51.11,51.42,38.94,62.99
Serbia,SRB,EU,2002,55.27,49.72,52.72,62.87
Serbia,SRB,EU,2003,57.96,50.14,59.24,63.79
Serbia,SRB,EU,2004,60.59,55.59,61.09,64.64
Serbia,SRB,EU,2005,62.06,57.26,62.17,66.31
Serbia,SRB,EU,2006,67.18,60.21,71.51,69.18
Serbia,SRB,EU,2007,69.13,62.12,74.54,70.09
Serbia,SRB,EU,2008,69.7,61.87,74.59,71.95
Serbia,SRB,EU,2009,70.27,61.15,77.8,71.01
Serbia,SRB,EU,2010,71.99,63.92,79.28,72.03
Serbia,SRB,EU,2011,72.97,64.22,80.63,73.24
Serbia,SRB,EU,2012,74.2,66.78,82.12,72.99
Serbia,SRB,EU,2013,74.69,67.05,82.91,73.38
Serbia,SRB,EU,2014,75.74,70.37,83.66,72.67
Serbia,SRB,EU,2015,76.56,71.32,85.36,72.51
Serbia,SRB,EU,2016,77.53,72.47,86.86,72.78
Serbia,SRB,EU,2017,78.75,73.42,87.02,75.31
Serbia,SRB,EU,2018,78.34,72.66,85.68,76.13
Serbia,SRB,EU,2019,78.11,73.45,85.52,74.91
Serbia,SRB,EU,2020,78,72,85,77
Seychelles,SYC,AF,1981,41.58,50.52,17.01,58.95
Seychelles,SYC,AF,1982,41.72,51.4,17.38,58
Seychelles,SYC,AF,1983,41.79,51.35,17.75,57.87
Seychelles,SYC,AF,1984,41.91,52.54,17.94,56.7
Seychelles,SYC,AF,1985,42.4,53.29,17.96,57.4
Seychelles,SYC,AF,1986,40.94,51.73,18.54,53.78
Seychelles,SYC,AF,1987,40.34,50.05,18.17,54.15
Seychelles,SYC,AF,1988,41.01,51.7,18.19,54.44
Seychelles,SYC,AF,1989,40.11,50.27,18.13,53.22
Seychelles,SYC,AF,1990,39.85,49.22,18.41,53.21
Seychelles,SYC,AF,1991,40.55,49.31,20.35,53.2
Seychelles,SYC,AF,1992,40.18,47.85,20.21,53.78
Seychelles,SYC,AF,1993,40.15,47.99,20.41,53.34
Seychelles,SYC,AF,1994,41.76,51.75,21.14,53.55
Seychelles,SYC,AF,1995,43.74,54.39,21.12,57
Seychelles,SYC,AF,1996,45.62,57.05,20.94,60.31
Seychelles,SYC,AF,1997,44.8,53.75,21.07,61.2
Seychelles,SYC,AF,1998,45.44,54.39,21.43,62.14
Seychelles,SYC,AF,1999,48.64,56.71,27.36,63.31
Seychelles,SYC,AF,2000,51.73,63.4,28.41,64.65
Seychelles,SYC,AF,2001,52.3,64.21,29.47,64.42
Seychelles,SYC,AF,2002,53.87,67.9,29.49,65.38
Seychelles,SYC,AF,2003,54.06,67.93,30.58,64.73
Seychelles,SYC,AF,2004,51.58,59.95,30.76,65.43
Seychelles,SYC,AF,2005,52.35,61.72,31.26,65.38
Seychelles,SYC,AF,2006,54.23,64,32.68,67.36
Seychelles,SYC,AF,2007,55.24,65.3,32.88,68.94
Seychelles,SYC,AF,2008,58.45,74.29,32.51,69.72
Seychelles,SYC,AF,2009,59.13,74.35,33.4,70.88
Seychelles,SYC,AF,2010,58.07,70.4,34.32,70.84
Seychelles,SYC,AF,2011,58.87,72.37,33.81,71.81
Seychelles,SYC,AF,2012,60.84,76.39,35.29,72.05
Seychelles,SYC,AF,2013,61.17,77.16,35.49,72.05
Seychelles,SYC,AF,2014,61.03,75.41,37.42,71.38
Seychelles,SYC,AF,2015,61.87,75.8,38.88,72.04
Seychelles,SYC,AF,2016,62.53,77.18,39.07,72.41
Seychelles,SYC,AF,2017,62.29,74.82,39.45,73.88
Seychelles,SYC,AF,2018,63.76,77.62,39.48,75.46
Seychelles,SYC,AF,2019,62.74,75.91,39.17,74.44
Seychelles,SYC,AF,2020,62,77,39,73
Sierra Leone,SLE,AF,1981,25.93,27.12,35.37,15.29
Sierra Leone,SLE,AF,1982,24.98,23.69,35.97,15.29
Sierra Leone,SLE,AF,1983,25.77,24.37,37.8,15.13
Sierra Leone,SLE,AF,1984,26.11,24.74,38.59,14.99
Sierra Leone,SLE,AF,1985,26.53,24.87,39.24,15.48
Sierra Leone,SLE,AF,1986,29.45,32.2,40.66,15.49
Sierra Leone,SLE,AF,1987,30.03,35.62,39.1,15.37
Sierra Leone,SLE,AF,1988,26.22,25.46,37.72,15.47
Sierra Leone,SLE,AF,1989,27.7,30.76,36.88,15.45
Sierra Leone,SLE,AF,1990,31.12,41.67,36.23,15.48
Sierra Leone,SLE,AF,1991,29.37,35.04,37.45,15.62
Sierra Leone,SLE,AF,1992,28.2,32.97,36.91,14.71
Sierra Leone,SLE,AF,1993,26.98,29.6,36.72,14.61
Sierra Leone,SLE,AF,1994,29.41,35.05,37.82,15.34
Sierra Leone,SLE,AF,1995,29.63,34.55,38.76,15.58
Sierra Leone,SLE,AF,1996,27.6,27.59,38.64,16.58
Sierra Leone,SLE,AF,1997,25.58,23.23,38.09,15.41
Sierra Leone,SLE,AF,1998,27.87,27.7,37.95,17.97
Sierra Leone,SLE,AF,1999,28.71,29.21,38.3,18.62
Sierra Leone,SLE,AF,2000,30.07,30.87,39,20.34
Sierra Leone,SLE,AF,2001,29.29,26.61,40.58,20.68
Sierra Leone,SLE,AF,2002,29.33,26.53,39.57,21.87
Sierra Leone,SLE,AF,2003,30.84,25.32,40.5,26.72
Sierra Leone,SLE,AF,2004,37.59,34.18,50.73,27.86
Sierra Leone,SLE,AF,2005,38.8,34.61,52.68,29.12
Sierra Leone,SLE,AF,2006,38.86,33.49,53.52,29.56
Sierra Leone,SLE,AF,2007,38.79,34.9,51.41,30.07
Sierra Leone,SLE,AF,2008,40.24,36.77,53.03,30.92
Sierra Leone,SLE,AF,2009,38.96,31.06,54.16,31.66
Sierra Leone,SLE,AF,2010,41.93,36.14,56.5,33.15
Sierra Leone,SLE,AF,2011,46.36,48.06,56.66,34.35
Sierra Leone,SLE,AF,2012,46.55,46.34,57.24,36.08
Sierra Leone,SLE,AF,2013,46.59,45.58,56.45,37.75
Sierra Leone,SLE,AF,2014,46.66,43.62,56.78,39.58
Sierra Leone,SLE,AF,2015,45.79,41.06,57.8,38.5
Sierra Leone,SLE,AF,2016,45.59,40.72,58.03,38.02
Sierra Leone,SLE,AF,2017,45.56,40.84,58.13,37.71
Sierra Leone,SLE,AF,2018,45.53,39.69,57.16,39.54
Sierra Leone,SLE,AF,2019,45.33,38.54,56.87,40.56
Sierra Leone,SLE,AF,2020,45,37,57,41
Singapore,SGP,AS,1981,65.73,81.38,49.63,66.18
Singapore,SGP,AS,1982,65.68,80.94,49.84,66.26
Singapore,SGP,AS,1983,65.91,81.04,49.35,67.34
Singapore,SGP,AS,1984,65.73,80.98,48.05,68.17
Singapore,SGP,AS,1985,66.48,81.57,49.26,68.61
Singapore,SGP,AS,1986,67.1,82.94,49.18,69.19
Singapore,SGP,AS,1987,67.24,83.28,49.25,69.2
Singapore,SGP,AS,1988,67.3,83.32,49.12,69.44
Singapore,SGP,AS,1989,70.8,83.83,58.61,69.97
Singapore,SGP,AS,1990,71.12,84.21,58.57,70.57
Singapore,SGP,AS,1991,70.64,83.56,57.3,71.07
Singapore,SGP,AS,1992,73.58,87.31,60.71,72.73
Singapore,SGP,AS,1993,74.21,87.34,62.21,73.09
Singapore,SGP,AS,1994,74.1,87.55,61.41,73.35
Singapore,SGP,AS,1995,75.08,88.75,61.38,75.11
Singapore,SGP,AS,1996,75.83,89.11,62.24,76.14
Singapore,SGP,AS,1997,76.52,88.94,63.66,76.96
Singapore,SGP,AS,1998,76.97,89.53,63.64,77.73
Singapore,SGP,AS,1999,78.23,91.18,64.31,79.21
Singapore,SGP,AS,2000,79.15,91.42,66.43,79.59
Singapore,SGP,AS,2001,81.02,91.93,70.31,80.82
Singapore,SGP,AS,2002,80.88,90.87,69.73,82.05
Singapore,SGP,AS,2003,81.86,92.87,70.24,82.47
Singapore,SGP,AS,2004,81.18,93.99,66.8,82.75
Singapore,SGP,AS,2005,78.56,94.43,57.38,83.88
Singapore,SGP,AS,2006,82.76,94.74,69.35,84.2
Singapore,SGP,AS,2007,84.56,95.29,72.32,86.07
Singapore,SGP,AS,2008,84.93,94.6,73.58,86.6
Singapore,SGP,AS,2009,85.01,93.97,74.17,86.88
Singapore,SGP,AS,2010,85.34,94.54,74.02,87.47
Singapore,SGP,AS,2011,85.08,94.02,74.08,87.15
Singapore,SGP,AS,2012,85.11,93.92,73.88,87.51
Singapore,SGP,AS,2013,85.17,94.3,73.28,87.93
Singapore,SGP,AS,2014,82.95,95.23,65.52,88.11
Singapore,SGP,AS,2015,82.82,93.9,66.53,88.03
Singapore,SGP,AS,2016,83.23,94.02,67.5,88.18
Singapore,SGP,AS,2017,83.84,94,68.43,89.08
Singapore,SGP,AS,2018,83.49,93.63,68.14,88.7
Singapore,SGP,AS,2019,83.47,94.28,67.82,88.3
Singapore,SGP,AS,2020,83,94,68,87
Slovakia,SVK,EU,1993,57.08,49.17,62.8,59.26
Slovakia,SVK,EU,1994,58.14,49.03,64.91,60.47
Slovakia,SVK,EU,1995,60.44,48.1,68.37,64.84
Slovakia,SVK,EU,1996,61.55,49.68,69.99,64.99
Slovakia,SVK,EU,1997,63.56,52.96,71.17,66.56
Slovakia,SVK,EU,1998,65.16,55.92,69.89,69.67
Slovakia,SVK,EU,1999,65.19,54.14,72.17,69.25
Slovakia,SVK,EU,2000,68.27,58.83,75.09,70.89
Slovakia,SVK,EU,2001,70.99,61.72,77.61,73.65
Slovakia,SVK,EU,2002,71.35,60.1,78.86,75.09
Slovakia,SVK,EU,2003,74.32,66.58,80.46,75.91
Slovakia,SVK,EU,2004,78.99,78.81,81.88,76.29
Slovakia,SVK,EU,2005,79.95,79.64,81.96,78.23
Slovakia,SVK,EU,2006,80.69,79.86,83.52,78.68
Slovakia,SVK,EU,2007,82.23,80.33,84.35,82.02
Slovakia,SVK,EU,2008,81.94,78.8,85.07,81.94
Slovakia,SVK,EU,2009,81.98,78.84,85.23,81.87
Slovakia,SVK,EU,2010,82.03,78.88,85.37,81.83
Slovakia,SVK,EU,2011,82.16,78.46,85.66,82.35
Slovakia,SVK,EU,2012,81.9,77.69,85.68,82.32
Slovakia,SVK,EU,2013,81.92,78.24,85.65,81.85
Slovakia,SVK,EU,2014,83.16,82.28,84.7,82.5
Slovakia,SVK,EU,2015,82.93,81.03,85.25,82.5
Slovakia,SVK,EU,2016,82.96,81.64,85.23,82.01
Slovakia,SVK,EU,2017,83.7,83.07,85.19,82.84
Slovakia,SVK,EU,2018,82.66,82.52,84.48,80.98
Slovakia,SVK,EU,2019,82.71,82.26,84.47,81.39
Slovakia,SVK,EU,2020,83,81,85,84
Slovenia,SVN,EU,1991,43.32,42.58,33.96,53.42
Slovenia,SVN,EU,1992,47.54,42.47,39.25,60.9
Slovenia,SVN,EU,1993,49.68,46.97,37.71,64.37
Slovenia,SVN,EU,1994,53.38,48.19,45.63,66.32
Slovenia,SVN,EU,1995,54.5,47.89,48.6,67.02
Slovenia,SVN,EU,1996,57.28,50.55,51,70.3
Slovenia,SVN,EU,1997,63.03,55.93,62.74,70.41
Slovenia,SVN,EU,1998,64.75,57.44,66.28,70.54
Slovenia,SVN,EU,1999,65.54,57.35,68.33,70.95
Slovenia,SVN,EU,2000,69.41,62.44,71.2,74.6
Slovenia,SVN,EU,2001,70.16,63.33,73.08,74.06
Slovenia,SVN,EU,2002,71,61.55,75.51,75.93
Slovenia,SVN,EU,2003,72.82,65.68,76.47,76.33
Slovenia,SVN,EU,2004,75.23,70.06,78.57,77.07
Slovenia,SVN,EU,2005,75.83,71.32,79.12,77.04
Slovenia,SVN,EU,2006,76.96,73.06,80.35,77.46
Slovenia,SVN,EU,2007,79.01,75.44,81.99,79.61
Slovenia,SVN,EU,2008,79.55,75.97,82.81,79.88
Slovenia,SVN,EU,2009,78.92,73.46,83.14,80.16
Slovenia,SVN,EU,2010,79.25,72.77,83.25,81.74
Slovenia,SVN,EU,2011,79.75,73.06,83.58,82.6
Slovenia,SVN,EU,2012,79.39,71.78,84.04,82.34
Slovenia,SVN,EU,2013,79.68,71.7,84.02,83.32
Slovenia,SVN,EU,2014,80.92,76.07,83.32,83.37
Slovenia,SVN,EU,2015,80.91,75.9,83.35,83.49
Slovenia,SVN,EU,2016,81.24,76.89,83.33,83.5
Slovenia,SVN,EU,2017,81.09,77.26,83.45,82.58
Slovenia,SVN,EU,2018,81.21,77.48,82.74,83.4
Slovenia,SVN,EU,2019,80.22,78.55,81.89,80.2
Slovenia,SVN,EU,2020,80,78,81,80
Solomon Islands,SLB,OC,1981,28.97,40.87,13.49,35.8
Solomon Islands,SLB,OC,1982,29.81,43.9,13.48,35.66
Solomon Islands,SLB,OC,1983,30.76,47.23,13.49,35.61
Solomon Islands,SLB,OC,1984,29.59,42.29,13.49,36.49
Solomon Islands,SLB,OC,1985,29,40.6,14.67,34.87
Solomon Islands,SLB,OC,1986,31.24,44.28,15.44,37.5
Solomon Islands,SLB,OC,1987,30.78,43.73,15.83,36.14
Solomon Islands,SLB,OC,1988,29.91,41.06,15.65,36.04
Solomon Islands,SLB,OC,1989,30.36,41.01,16.17,36.84
Solomon Islands,SLB,OC,1990,30.06,39.69,16.27,36.95
Solomon Islands,SLB,OC,1991,30.73,40.4,17.49,36.99
Solomon Islands,SLB,OC,1992,30.36,39.3,17.36,36.95
Solomon Islands,SLB,OC,1993,29.83,38.35,17.57,35.94
Solomon Islands,SLB,OC,1994,29.88,37.18,17.95,36.7
Solomon Islands,SLB,OC,1995,29.37,34.73,18.15,37.1
Solomon Islands,SLB,OC,1996,29.31,31.37,18.19,39.9
Solomon Islands,SLB,OC,1997,29.94,32.85,18.17,40.51
Solomon Islands,SLB,OC,1998,29.95,33.12,18.02,40.45
Solomon Islands,SLB,OC,1999,31.07,37.26,18.21,39.91
Solomon Islands,SLB,OC,2000,29.48,34.5,18.22,37.6
Solomon Islands,SLB,OC,2001,29.21,34.26,18.16,37.12
Solomon Islands,SLB,OC,2002,28.54,32.74,18.12,36.54
Solomon Islands,SLB,OC,2003,32,43.24,18.46,37.26
Solomon Islands,SLB,OC,2004,33.11,44.82,18.41,39.24
Solomon Islands,SLB,OC,2005,33.82,45.2,18.71,40.71
Solomon Islands,SLB,OC,2006,36.17,50.02,19.25,42.9
Solomon Islands,SLB,OC,2007,37.96,57.14,19.45,41.69
Solomon Islands,SLB,OC,2008,38.58,57.39,19.24,43.6
Solomon Islands,SLB,OC,2009,38.79,56.57,18.87,45.38
Solomon Islands,SLB,OC,2010,40.65,59.03,19.42,48.19
Solomon Islands,SLB,OC,2011,40.73,57.51,19.61,49.59
Solomon Islands,SLB,OC,2012,40.6,55.45,20,50.66
Solomon Islands,SLB,OC,2013,39.84,52.91,20.54,50.03
Solomon Islands,SLB,OC,2014,40.19,53.1,20.37,51.13
Solomon Islands,SLB,OC,2015,40.78,51.48,20.92,53.8
Solomon Islands,SLB,OC,2016,44.97,50.61,30.83,56.04
Solomon Islands,SLB,OC,2017,45.08,52.2,31.25,54.49
Solomon Islands,SLB,OC,2018,42.48,48.02,29.49,52.31
Solomon Islands,SLB,OC,2019,41.72,46.12,28.56,52.77
Solomon Islands,SLB,OC,2020,40,40,29,52
Somalia,SOM,AF,1981,,,22.82,15.54
Somalia,SOM,AF,1982,,,23.01,15.36
Somalia,SOM,AF,1983,,,27.32,15.15
Somalia,SOM,AF,1984,,,27.33,14.81
Somalia,SOM,AF,1985,,,28.68,14.45
Somalia,SOM,AF,1986,24.6,,29.09,14.71
Somalia,SOM,AF,1987,24.63,,29.12,14.64
Somalia,SOM,AF,1988,25.07,,29.13,14.55
Somalia,SOM,AF,1989,24.95,,29.5,14.41
Somalia,SOM,AF,1990,25.37,,30.25,14.2
Somalia,SOM,AF,1991,26.25,,32.13,14.02
Somalia,SOM,AF,1992,25.97,,31.85,13.79
Somalia,SOM,AF,1993,25.45,,31.76,13.3
Somalia,SOM,AF,1994,25.84,,31.72,13
Somalia,SOM,AF,1995,25.7,,32.44,12.19
Somalia,SOM,AF,1996,25.9,,33.05,11.69
Somalia,SOM,AF,1997,25.86,,33.03,11.93
Somalia,SOM,AF,1998,26.31,,32.99,12.77
Somalia,SOM,AF,1999,26.21,,32.95,13.23
Somalia,SOM,AF,2000,26.51,,32.88,14.61
Somalia,SOM,AF,2001,27.15,,32.5,16.05
Somalia,SOM,AF,2002,28.08,,32.53,17.18
Somalia,SOM,AF,2003,28.24,,32.74,19
Somalia,SOM,AF,2004,28.17,,32.04,20.06
Somalia,SOM,AF,2005,28.35,,31.87,20.3
Somalia,SOM,AF,2006,28.14,,32.12,20.54
Somalia,SOM,AF,2007,27.04,,28.09,21.26
Somalia,SOM,AF,2008,27.68,,28.32,21.79
Somalia,SOM,AF,2009,27.66,,28.37,21.93
Somalia,SOM,AF,2010,27.14,,27.89,22.09
Somalia,SOM,AF,2011,27.66,,28.12,23.53
Somalia,SOM,AF,2012,27.82,,28.56,23.88
Somalia,SOM,AF,2013,28.8,,28.78,26.2
Somalia,SOM,AF,2014,30.48,,32.09,26.15
Somalia,SOM,AF,2015,31.27,,32.84,27.08
Somalia,SOM,AF,2016,31.64,,33.23,27.78
Somalia,SOM,AF,2017,31.29,33.19,33.25,26.99
Somalia,SOM,AF,2018,30.16,31.17,32.02,26.7
Somalia,SOM,AF,2019,30.49,31.81,32.09,27.17
Somalia,SOM,AF,2020,31,33,32,28
South Africa,ZAF,AF,1981,39.18,35.84,46.19,35.52
South Africa,ZAF,AF,1982,39.06,35.99,45.8,35.4
South Africa,ZAF,AF,1983,38.84,35.59,45.7,35.23
South Africa,ZAF,AF,1984,39.02,36.81,45.15,35.11
South Africa,ZAF,AF,1985,39.69,38.9,45.43,34.73
South Africa,ZAF,AF,1986,39.8,38.04,45.52,35.82
South Africa,ZAF,AF,1987,38.71,34.87,45.42,35.84
South Africa,ZAF,AF,1988,37.96,32.96,45.29,35.62
South Africa,ZAF,AF,1989,37.93,31.64,44.85,37.29
South Africa,ZAF,AF,1990,38.09,31.62,44.73,37.91
South Africa,ZAF,AF,1991,37.3,29.66,44.2,38.03
South Africa,ZAF,AF,1992,37.11,29.19,44.09,38.03
South Africa,ZAF,AF,1993,39.41,34.18,45.22,38.82
South Africa,ZAF,AF,1994,41.97,36.53,46.57,42.8
South Africa,ZAF,AF,1995,45.35,36.6,52.05,47.39
South Africa,ZAF,AF,1996,46.03,34.96,55.31,47.81
South Africa,ZAF,AF,1997,50.01,39.58,62,48.46
South Africa,ZAF,AF,1998,52.06,42.64,63.97,49.56
South Africa,ZAF,AF,1999,57.58,46.79,75.92,50.02
South Africa,ZAF,AF,2000,60.92,55.2,77.11,50.45
South Africa,ZAF,AF,2001,62.81,56.82,80.02,51.58
South Africa,ZAF,AF,2002,63.57,58.19,80.47,52.06
South Africa,ZAF,AF,2003,64.5,57.47,82.78,53.24
South Africa,ZAF,AF,2004,64.52,54.22,84.61,54.72
South Africa,ZAF,AF,2005,64.95,53.4,85.29,56.17
South Africa,ZAF,AF,2006,66.06,55.52,85.66,57.01
South Africa,ZAF,AF,2007,68.35,57.79,86.3,60.95
South Africa,ZAF,AF,2008,68.71,56.52,86.94,62.68
South Africa,ZAF,AF,2009,67.31,52.94,86.91,62.07
South Africa,ZAF,AF,2010,68.5,54.43,87.78,63.29
South Africa,ZAF,AF,2011,69.5,56.39,87.6,64.49
South Africa,ZAF,AF,2012,70,56.99,88.16,64.85
South Africa,ZAF,AF,2013,70.57,57.24,88.01,66.45
South Africa,ZAF,AF,2014,70.64,56.96,87.8,67.16
South Africa,ZAF,AF,2015,70.51,56.34,87.97,67.22
South Africa,ZAF,AF,2016,70.27,55.76,87.72,67.33
South Africa,ZAF,AF,2017,70.09,55.3,87.6,67.37
South Africa,ZAF,AF,2018,70.51,55.15,89.18,67.2
South Africa,ZAF,AF,2019,70.2,54.94,89.04,66.61
South Africa,ZAF,AF,2020,69,53,89,66
South Korea,KOR,AS,1981,48.13,41.38,54.12,48.89
South Korea,KOR,AS,1982,47.46,37.94,54.52,49.93
South Korea,KOR,AS,1983,46.5,35.24,54.03,50.24
South Korea,KOR,AS,1984,46.35,34.55,53.11,51.39
South Korea,KOR,AS,1985,46.69,34.58,53.98,51.5
South Korea,KOR,AS,1986,46.01,32.26,53.88,51.88
South Korea,KOR,AS,1987,46.31,30.37,55.57,52.98
South Korea,KOR,AS,1988,48.96,33.22,57.82,55.85
South Korea,KOR,AS,1989,50.24,33.01,60.12,57.6
South Korea,KOR,AS,1990,49.79,33.07,58.04,58.26
South Korea,KOR,AS,1991,50.38,33.62,58.13,59.38
South Korea,KOR,AS,1992,51.61,34.44,59.94,60.45
South Korea,KOR,AS,1993,56.24,35.04,71.29,62.4
South Korea,KOR,AS,1994,57.21,36.02,71.94,63.66
South Korea,KOR,AS,1995,58.46,37.16,72.76,65.46
South Korea,KOR,AS,1996,59.41,36.17,75.87,66.2
South Korea,KOR,AS,1997,61.46,38.85,78.63,66.89
South Korea,KOR,AS,1998,64.63,48.41,78.33,67.13
South Korea,KOR,AS,1999,65.3,46.5,79.58,69.83
South Korea,KOR,AS,2000,68.48,51.96,82.18,71.3
South Korea,KOR,AS,2001,69.4,52.43,83.79,71.98
South Korea,KOR,AS,2002,69.12,49.57,84.54,73.26
South Korea,KOR,AS,2003,69.28,49.89,84.5,73.45
South Korea,KOR,AS,2004,71.48,56.57,83.73,74.16
South Korea,KOR,AS,2005,70.85,55.04,84.11,73.39
South Korea,KOR,AS,2006,72.39,58.13,85.04,74
South Korea,KOR,AS,2007,75.13,60.98,87.1,77.3
South Korea,KOR,AS,2008,76.45,63.44,87.69,78.21
South Korea,KOR,AS,2009,75.94,61.14,88.43,78.24
South Korea,KOR,AS,2010,76.82,62.47,89.08,78.92
South Korea,KOR,AS,2011,78.01,65.02,89.46,79.55
South Korea,KOR,AS,2012,78.42,65.46,89.82,79.99
South Korea,KOR,AS,2013,78.2,64.58,89.88,80.15
South Korea,KOR,AS,2014,79.19,66.93,89.85,80.79
South Korea,KOR,AS,2015,78.88,63.37,90.57,82.68
South Korea,KOR,AS,2016,79.11,63.66,90.99,82.67
South Korea,KOR,AS,2017,79.34,64.27,91.16,82.57
South Korea,KOR,AS,2018,78.48,63.01,90.6,81.83
South Korea,KOR,AS,2019,78.76,63.57,90.44,82.26
South Korea,KOR,AS,2020,78,62,90,82
Spain,ESP,EU,1981,59.14,44.61,72.1,60.71
Spain,ESP,EU,1982,59.05,44.69,72.26,60.18
Spain,ESP,EU,1983,59.71,45.79,72.48,60.86
Spain,ESP,EU,1984,60.44,47.2,73.29,60.81
Spain,ESP,EU,1985,60.67,47.09,72.97,61.94
Spain,ESP,EU,1986,61.33,48.96,72.22,62.8
Spain,ESP,EU,1987,61.33,49.42,71.67,62.9
Spain,ESP,EU,1988,60.77,49.75,70.31,62.25
Spain,ESP,EU,1989,63.56,50.38,76.14,64.16
Spain,ESP,EU,1990,63.59,51.14,75.81,63.83
Spain,ESP,EU,1991,68.99,54.26,87.47,65.24
Spain,ESP,EU,1992,70.07,55.06,89.78,65.37
Spain,ESP,EU,1993,71.85,59.66,91.8,64.08
Spain,ESP,EU,1994,72.68,61.39,92.91,63.75
Spain,ESP,EU,1995,74.05,62.96,93.97,65.22
Spain,ESP,EU,1996,74.41,65.11,92.12,66.01
Spain,ESP,EU,1997,75.6,67.69,92.07,67.04
Spain,ESP,EU,1998,77.01,70.22,92.46,68.36
Spain,ESP,EU,1999,78.05,71.86,92.73,69.57
Spain,ESP,EU,2000,80.23,75.76,93.32,71.62
Spain,ESP,EU,2001,80.64,75.62,93.65,72.67
Spain,ESP,EU,2002,80.28,73.32,93.29,74.22
Spain,ESP,EU,2003,80.79,73.6,93.45,75.31
Spain,ESP,EU,2004,80.78,73.79,93.56,74.98
Spain,ESP,EU,2005,81.21,73.63,94.46,75.53
Spain,ESP,EU,2006,81.77,73.69,95.76,75.87
Spain,ESP,EU,2007,83.17,73.49,96.84,79.16
Spain,ESP,EU,2008,82.91,72.16,96.85,79.73
Spain,ESP,EU,2009,82.67,71.11,97.07,79.84
Spain,ESP,EU,2010,83.18,71.56,96.9,81.06
Spain,ESP,EU,2011,83.72,72.57,96.89,81.72
Spain,ESP,EU,2012,83.78,72.73,97.08,81.54
Spain,ESP,EU,2013,83.98,72.45,96.85,82.65
Spain,ESP,EU,2014,85.03,75.07,96.71,83.31
Spain,ESP,EU,2015,85.23,75.05,97.57,83.06
Spain,ESP,EU,2016,85.53,75.52,97.45,83.63
Spain,ESP,EU,2017,85.84,76.59,97.46,83.47
Spain,ESP,EU,2018,83.81,77.29,91.49,82.66
Spain,ESP,EU,2019,85.87,77.87,96.85,82.9
Spain,ESP,EU,2020,85,75,97,83
Sri Lanka,LKA,AS,1981,37.95,37.35,48.68,27.41
Sri Lanka,LKA,AS,1982,38.45,38.64,49.52,26.72
Sri Lanka,LKA,AS,1983,38.47,38.25,50.03,26.67
Sri Lanka,LKA,AS,1984,38.53,36.42,52,26.73
Sri Lanka,LKA,AS,1985,39.22,37.86,52.5,26.82
Sri Lanka,LKA,AS,1986,39.05,36.58,53.19,26.93
Sri Lanka,LKA,AS,1987,39.33,37.75,52.84,26.95
Sri Lanka,LKA,AS,1988,38.94,37.94,51.34,27.11
Sri Lanka,LKA,AS,1989,38.34,37.8,50.55,26.24
Sri Lanka,LKA,AS,1990,38.74,39.09,50.46,26.23
Sri Lanka,LKA,AS,1991,39.76,38.72,53.66,26.42
Sri Lanka,LKA,AS,1992,41.54,43.88,53.42,26.79
Sri Lanka,LKA,AS,1993,42.66,45.63,53.69,28.14
Sri Lanka,LKA,AS,1994,46.58,46.79,63.09,29.22
Sri Lanka,LKA,AS,1995,44.54,47.4,55.08,30.63
Sri Lanka,LKA,AS,1996,44.51,45.73,55.39,31.95
Sri Lanka,LKA,AS,1997,46.25,47.54,56.13,34.68
Sri Lanka,LKA,AS,1998,47.2,47.25,56.52,37.46
Sri Lanka,LKA,AS,1999,48.15,48.15,57.57,38.37
Sri Lanka,LKA,AS,2000,53.04,49.96,68.95,39.72
Sri Lanka,LKA,AS,2001,55.11,54.98,69.41,40.37
Sri Lanka,LKA,AS,2002,55.92,55.04,69.17,43.07
Sri Lanka,LKA,AS,2003,56.95,55.48,69.53,45.39
Sri Lanka,LKA,AS,2004,58.65,54.68,72.07,48.82
Sri Lanka,LKA,AS,2005,58.22,52.5,73.48,48.3
Sri Lanka,LKA,AS,2006,59.66,54.59,75,48.99
Sri Lanka,LKA,AS,2007,60.9,55.09,76.03,51.21
Sri Lanka,LKA,AS,2008,60.59,50.15,76.02,55.4
Sri Lanka,LKA,AS,2009,57.98,46.22,75.99,51.46
Sri Lanka,LKA,AS,2010,58.5,47,76.32,51.94
Sri Lanka,LKA,AS,2011,59.97,49.45,77.3,52.88
Sri Lanka,LKA,AS,2012,59.97,48.41,77.29,53.97
Sri Lanka,LKA,AS,2013,58.86,44.77,77.24,54.4
Sri Lanka,LKA,AS,2014,59.02,44.39,77.33,55.17
Sri Lanka,LKA,AS,2015,59.21,43.02,78.12,56.39
Sri Lanka,LKA,AS,2016,59.29,42.69,77.88,57.21
Sri Lanka,LKA,AS,2017,59.56,42.43,78.03,58.17
Sri Lanka,LKA,AS,2018,59.79,44.13,77,58.19
Sri Lanka,LKA,AS,2019,59.11,44.4,76.84,55.96
Sri Lanka,LKA,AS,2020,57,39,77,56
Sudan,SDN,AF,1981,29.67,23.41,42.91,22.13
Sudan,SDN,AF,1982,29.7,24.17,42.92,21.5
Sudan,SDN,AF,1983,30.32,25.93,43.01,21.59
Sudan,SDN,AF,1984,28.98,22.73,43.04,20.58
Sudan,SDN,AF,1985,28.61,20.78,43.3,20.99
Sudan,SDN,AF,1986,28.59,18.76,44.13,21.94
Sudan,SDN,AF,1987,28.45,18.75,44,21.65
Sudan,SDN,AF,1988,28.91,20.3,44.04,21.57
Sudan,SDN,AF,1989,31.52,21.24,52.34,20.01
Sudan,SDN,AF,1990,31.65,21.76,53.03,19.25
Sudan,SDN,AF,1991,30.27,21.45,49.27,19.27
Sudan,SDN,AF,1992,31.01,23.33,48.68,20.31
Sudan,SDN,AF,1993,29.88,20.22,48.46,20.11
Sudan,SDN,AF,1994,29.76,20.56,47.41,20.49
Sudan,SDN,AF,1995,30.3,20.44,48.57,21.05
Sudan,SDN,AF,1996,30.91,23.07,49.87,19.14
Sudan,SDN,AF,1997,30.62,22.02,49.56,19.55
Sudan,SDN,AF,1998,32.27,28.06,49.91,18.46
Sudan,SDN,AF,1999,34.17,33.97,49.33,19.19
Sudan,SDN,AF,2000,35.77,37.11,50,20.33
Sudan,SDN,AF,2001,37.3,37.75,51.9,22.3
Sudan,SDN,AF,2002,38.84,40.72,52.23,23.75
Sudan,SDN,AF,2003,39.87,42.35,52.81,24.67
Sudan,SDN,AF,2004,40.51,43.35,52.82,25.61
Sudan,SDN,AF,2005,41.58,44.81,53.53,26.68
Sudan,SDN,AF,2006,43.02,45.86,54.7,28.75
Sudan,SDN,AF,2007,43.15,43.38,55.68,30.42
Sudan,SDN,AF,2008,42.57,39.76,55.94,31.79
Sudan,SDN,AF,2009,41.97,37.27,56.2,32.06
Sudan,SDN,AF,2010,42.68,37.03,56.14,34.41
Sudan,SDN,AF,2011,42.83,37.44,56.64,33.99
Sudan,SDN,AF,2012,42.54,36.27,57.32,33.54
Sudan,SDN,AF,2013,43.79,38.35,57.63,34.96
Sudan,SDN,AF,2014,43.12,36.62,57.74,34.47
Sudan,SDN,AF,2015,42.82,35.91,58.19,33.8
Sudan,SDN,AF,2016,42.49,35.02,58.63,33.2
Sudan,SDN,AF,2017,42.46,33.57,59.02,34.05
Sudan,SDN,AF,2018,46.34,46.2,59.48,33.32
Sudan,SDN,AF,2019,45.46,43.11,59.2,33.9
Sudan,SDN,AF,2020,47,46,59,34
Suriname,SUR,SA,1981,36.16,45.11,20.11,44.19
Suriname,SUR,SA,1982,35.83,44.51,20.86,42.96
Suriname,SUR,SA,1983,34.8,41.02,20.86,43.56
Suriname,SUR,SA,1984,34.52,39.65,20.86,44.2
Suriname,SUR,SA,1985,34.53,38.91,21.27,44.58
Suriname,SUR,SA,1986,34.49,38.71,21.47,44.46
Suriname,SUR,SA,1987,34.19,35.33,21.48,47.34
Suriname,SUR,SA,1988,34.6,34.82,21.49,49.24
Suriname,SUR,SA,1989,37.52,41.58,22.16,50.35
Suriname,SUR,SA,1990,38.54,43.96,22.41,50.68
Suriname,SUR,SA,1991,38.66,43.57,23.38,50.44
Suriname,SUR,SA,1992,39.18,44.68,23.21,51.06
Suriname,SUR,SA,1993,38.09,43.48,23.19,48.9
Suriname,SUR,SA,1994,38.88,43.02,23.34,51.83
Suriname,SUR,SA,1995,44.5,45.53,36.47,52.44
Suriname,SUR,SA,1996,40.62,44.75,24.02,54.79
Suriname,SUR,SA,1997,40.91,44.6,24.3,55.59
Suriname,SUR,SA,1998,40.8,43.1,23.93,57.33
Suriname,SUR,SA,1999,41.36,44.31,24.3,57.37
Suriname,SUR,SA,2000,41.58,43.64,24.32,58.81
Suriname,SUR,SA,2001,42.3,45.38,24.41,59.1
Suriname,SUR,SA,2002,41.78,43.54,24.53,59.35
Suriname,SUR,SA,2003,42.86,44.94,24.69,61.12
Suriname,SUR,SA,2004,42.63,45.25,24.09,60.67
Suriname,SUR,SA,2005,43.09,45.6,24.56,61.25
Suriname,SUR,SA,2006,44.78,41.56,31.65,63.3
Suriname,SUR,SA,2007,44.86,41.69,32.04,63.01
Suriname,SUR,SA,2008,47.21,45.59,32.6,65.58
Suriname,SUR,SA,2009,47.24,43.43,33.52,67.05
Suriname,SUR,SA,2010,48.22,43.68,34.1,69.23
Suriname,SUR,SA,2011,50.76,51.09,32.89,70.47
Suriname,SUR,SA,2012,50.71,48.89,34.55,70.89
Suriname,SUR,SA,2013,51.09,47.78,34.42,73.51
Suriname,SUR,SA,2014,50.94,48.66,35.9,70.37
Suriname,SUR,SA,2015,50.61,50.32,36.3,67.02
Suriname,SUR,SA,2016,54.11,56.38,36.34,71.6
Suriname,SUR,SA,2017,54.94,59.51,36.53,70.6
Suriname,SUR,SA,2018,53.62,56.41,37.21,69.05
Suriname,SUR,SA,2019,52.37,54.75,36.87,67.26
Suriname,SUR,SA,2020,54,58,37,69
Swaziland,SWZ,AF,1981,36.22,47.83,21.15,39.69
Swaziland,SWZ,AF,1982,36.86,48.48,22.52,39.57
Swaziland,SWZ,AF,1983,36.95,49.26,22.51,39.07
Swaziland,SWZ,AF,1984,36.78,49.24,22.51,38.59
Swaziland,SWZ,AF,1985,37.38,51.38,22.91,37.83
Swaziland,SWZ,AF,1986,37.3,50.34,23.51,38.07
Swaziland,SWZ,AF,1987,37.54,50.95,23.52,38.15
Swaziland,SWZ,AF,1988,37.69,51.05,23.55,38.46
Swaziland,SWZ,AF,1989,38.82,52.51,23.67,40.27
Swaziland,SWZ,AF,1990,37.95,49.6,24.14,40.1
Swaziland,SWZ,AF,1991,38.27,49.45,26.45,38.92
Swaziland,SWZ,AF,1992,38.45,50.35,26.27,38.74
Swaziland,SWZ,AF,1993,39.12,52.36,26.58,38.42
Swaziland,SWZ,AF,1994,39.38,53.78,26.12,38.25
Swaziland,SWZ,AF,1995,41.51,53.35,33.15,38.02
Swaziland,SWZ,AF,1996,41.34,50.73,33.1,40.21
Swaziland,SWZ,AF,1997,40.78,49.24,33.37,39.73
Swaziland,SWZ,AF,1998,41.75,51.68,33.48,40.08
Swaziland,SWZ,AF,1999,42.18,50.36,33.65,42.52
Swaziland,SWZ,AF,2000,44.36,56.17,33.62,43.28
Swaziland,SWZ,AF,2001,44.09,54.74,33.63,43.9
Swaziland,SWZ,AF,2002,45,56.8,34.19,44
Swaziland,SWZ,AF,2003,44.69,54.15,35.13,44.8
Swaziland,SWZ,AF,2004,44.24,52.94,34.95,44.82
Swaziland,SWZ,AF,2005,43.74,51.8,34.59,44.84
Swaziland,SWZ,AF,2006,45.08,52.63,35.67,46.96
Swaziland,SWZ,AF,2007,45.76,53.54,36.23,47.51
Swaziland,SWZ,AF,2008,46.91,53.7,36.22,50.82
Swaziland,SWZ,AF,2009,47.39,52.58,36.59,53.01
Swaziland,SWZ,AF,2010,47.59,51.79,37.16,53.82
Swaziland,SWZ,AF,2011,44.63,42.09,37.55,54.23
Swaziland,SWZ,AF,2012,44.69,42.18,38.83,53.06
Swaziland,SWZ,AF,2013,45.24,43.37,39.04,53.31
Swaziland,SWZ,AF,2014,46.6,46.59,39.26,53.95
Swaziland,SWZ,AF,2015,46.98,47.32,39.83,53.79
Swaziland,SWZ,AF,2016,48.18,50.93,39.66,53.97
Swaziland,SWZ,AF,2017,48.95,52.71,39.68,54.45
Swaziland,SWZ,AF,2018,45.77,45.42,39.22,52.67
Sweden,SWE,EU,1981,76.28,57.28,92.91,78.64
Sweden,SWE,EU,1982,77.72,61.63,93.12,78.41
Sweden,SWE,EU,1983,78.5,63.53,93.3,78.66
Sweden,SWE,EU,1984,78.49,63.85,93.4,78.23
Sweden,SWE,EU,1985,79.29,65.1,93.59,79.18
Sweden,SWE,EU,1986,78.38,63.03,93.58,78.53
Sweden,SWE,EU,1987,78.58,63.34,93.5,78.9
Sweden,SWE,EU,1988,77.93,63.6,91.08,79.11
Sweden,SWE,EU,1989,77.07,65.74,86.03,79.46
Sweden,SWE,EU,1990,77.48,66.91,85.94,79.59
Sweden,SWE,EU,1991,79.36,66.57,91.78,79.74
Sweden,SWE,EU,1992,79.42,66.3,92.13,79.84
Sweden,SWE,EU,1993,80.74,69.35,93.05,79.83
Sweden,SWE,EU,1994,82.37,71.77,94.81,80.54
Sweden,SWE,EU,1995,83.52,73.8,95.09,81.68
Sweden,SWE,EU,1996,83.58,73.95,94.45,82.33
Sweden,SWE,EU,1997,85.02,77.07,94.71,83.27
Sweden,SWE,EU,1998,85.85,78.01,94.95,84.59
Sweden,SWE,EU,1999,86.37,79.91,94.22,84.98
Sweden,SWE,EU,2000,87.8,82.65,94.91,85.83
Sweden,SWE,EU,2001,88.01,82.83,95.08,86.12
Sweden,SWE,EU,2002,87.72,81.34,95.39,86.43
Sweden,SWE,EU,2003,88.15,81.56,95.75,87.13
Sweden,SWE,EU,2004,88.07,82.58,96.33,85.31
Sweden,SWE,EU,2005,88.61,83.61,96.47,85.75
Sweden,SWE,EU,2006,88.75,83.79,96.47,85.99
Sweden,SWE,EU,2007,89.5,84.4,96.26,87.84
Sweden,SWE,EU,2008,89.44,84.16,96.31,87.85
Sweden,SWE,EU,2009,89.29,83.99,95.86,88.02
Sweden,SWE,EU,2010,89.34,84.02,95.38,88.63
Sweden,SWE,EU,2011,89.03,82.16,95.63,89.3
Sweden,SWE,EU,2012,88.82,81.5,95.97,88.99
Sweden,SWE,EU,2013,88.78,80.38,96,89.97
Sweden,SWE,EU,2014,90.37,83.9,96.41,90.8
Sweden,SWE,EU,2015,90.44,83.62,97.25,90.44
Sweden,SWE,EU,2016,89.89,82.63,97.13,89.9
Sweden,SWE,EU,2017,90.15,83.35,97.26,89.83
Sweden,SWE,EU,2018,89.44,83.59,96.43,88.3
Sweden,SWE,EU,2019,89.44,84.41,96.43,87.48
Sweden,SWE,EU,2020,89,84,96,88
Switzerland,CHE,EU,1981,76.3,68.03,81.58,79.28
Switzerland,CHE,EU,1982,76.21,67.38,81.77,79.49
Switzerland,CHE,EU,1983,76.25,67.64,81.26,79.86
Switzerland,CHE,EU,1984,76.73,68.58,81.71,79.92
Switzerland,CHE,EU,1985,77.7,71.15,81.22,80.73
Switzerland,CHE,EU,1986,77.46,70.13,81.12,81.14
Switzerland,CHE,EU,1987,76.98,70.44,78.92,81.59
Switzerland,CHE,EU,1988,76.05,70.64,75.6,81.91
Switzerland,CHE,EU,1989,78.74,72.21,81.98,82.03
Switzerland,CHE,EU,1990,78.48,71.6,81.44,82.4
Switzerland,CHE,EU,1991,80.88,71.56,88.4,82.69
Switzerland,CHE,EU,1992,81.41,71.7,89.34,83.18
Switzerland,CHE,EU,1993,82.26,72.71,92.23,81.84
Switzerland,CHE,EU,1994,82.47,72.68,92.25,82.5
Switzerland,CHE,EU,1995,82.82,72.97,92.35,83.14
Switzerland,CHE,EU,1996,83.52,74.52,92.78,83.25
Switzerland,CHE,EU,1997,84.89,77.97,93.06,83.63
Switzerland,CHE,EU,1998,85.55,79.38,93.07,84.2
Switzerland,CHE,EU,1999,86.6,80.63,92.92,86.24
Switzerland,CHE,EU,2000,88.21,85.28,93.19,86.16
Switzerland,CHE,EU,2001,88.45,84.42,93.49,87.45
Switzerland,CHE,EU,2002,87.35,81.31,93.5,87.23
Switzerland,CHE,EU,2003,87.78,81.95,93.73,87.66
Switzerland,CHE,EU,2004,87.25,81.13,93.37,87.26
Switzerland,CHE,EU,2005,88.24,82.77,93.25,88.7
Switzerland,CHE,EU,2006,87.93,81.83,93.63,88.32
Switzerland,CHE,EU,2007,88.74,82.45,93.94,89.83
Switzerland,CHE,EU,2008,88.82,82.13,94.13,90.2
Switzerland,CHE,EU,2009,88.71,82.13,94.21,89.79
Switzerland,CHE,EU,2010,89.28,82.73,94.77,90.34
Switzerland,CHE,EU,2011,88.53,80.48,94.49,90.63
Switzerland,CHE,EU,2012,90.25,83.51,95.21,92.03
Switzerland,CHE,EU,2013,90.32,83.96,95.25,91.75
Switzerland,CHE,EU,2014,91.01,85.7,95.59,91.75
Switzerland,CHE,EU,2015,91.01,85.77,95.97,91.28
Switzerland,CHE,EU,2016,91.3,86.97,96.17,90.75
Switzerland,CHE,EU,2017,91.28,86.79,96.37,90.68
Switzerland,CHE,EU,2018,90.79,86.41,95.62,90.35
Switzerland,CHE,EU,2019,90.45,86.33,95.44,89.58
Switzerland,CHE,EU,2020,91,86,95,90
Syria,SYR,AS,1981,35.42,26.97,50.8,28.49
Syria,SYR,AS,1982,35.29,26.19,50.79,28.89
Syria,SYR,AS,1983,36.41,26.7,53.64,28.89
Syria,SYR,AS,1984,36.58,26.2,54.65,28.89
Syria,SYR,AS,1985,37.24,27.84,54.9,28.98
Syria,SYR,AS,1986,37.89,29.76,55.33,28.58
Syria,SYR,AS,1987,38.34,33.47,52.96,28.6
Syria,SYR,AS,1988,38.18,35.56,50.55,28.43
Syria,SYR,AS,1989,39.1,41.57,47.95,27.78
Syria,SYR,AS,1990,38.61,39.99,48.46,27.37
Syria,SYR,AS,1991,39.65,40.82,50.49,27.65
Syria,SYR,AS,1992,40.09,41.83,50.65,27.8
Syria,SYR,AS,1993,40.6,42.38,50.96,28.48
Syria,SYR,AS,1994,42.99,49.82,50.37,28.8
Syria,SYR,AS,1995,42.89,49.11,49.91,29.65
Syria,SYR,AS,1996,42.64,46.56,51.43,29.92
Syria,SYR,AS,1997,42.2,44.39,52.18,30.05
Syria,SYR,AS,1998,42.16,43.57,53,29.91
Syria,SYR,AS,1999,42.65,43.45,53.1,31.38
Syria,SYR,AS,2000,42.83,42.55,53.32,32.61
Syria,SYR,AS,2001,42.82,42.02,53.51,32.92
Syria,SYR,AS,2002,43.11,42.04,53.33,33.95
Syria,SYR,AS,2003,44.12,41.21,54.76,36.38
Syria,SYR,AS,2004,46.65,44.86,55.8,39.29
Syria,SYR,AS,2005,48.11,46.95,56.26,41.11
Syria,SYR,AS,2006,49.08,45.26,57.6,44.38
Syria,SYR,AS,2007,50.2,47.62,58.76,44.23
Syria,SYR,AS,2008,51.68,47.3,59.38,48.36
Syria,SYR,AS,2009,52.47,48.05,59.94,49.42
Syria,SYR,AS,2010,52.91,47.97,60.58,50.19
Syria,SYR,AS,2011,52.89,49.99,58.24,50.44
Syria,SYR,AS,2012,52.54,49.11,57.66,50.85
Syria,SYR,AS,2013,51.35,45.31,57.95,50.78
Syria,SYR,AS,2014,51,44.56,58.42,50.02
Syria,SYR,AS,2015,51.36,45.02,58.86,50.21
Syria,SYR,AS,2016,51.54,45.32,58.91,50.4
Syria,SYR,AS,2017,51.46,44.49,58.94,50.94
Syria,SYR,AS,2018,50.83,43.57,58.09,50.83
Syria,SYR,AS,2019,50.2,43.13,57.77,49.71
Syria,SYR,AS,2020,47,33,59,49
Taiwan,TWN,AS,2015,,,49.28,46.84
Tajikistan,TJK,AS,1991,24.47,25.69,15.31,32.43
Tajikistan,TJK,AS,1992,24.17,25.67,15.34,31.48
Tajikistan,TJK,AS,1993,30.17,35.48,23.34,31.7
Tajikistan,TJK,AS,1994,32.35,39.79,24.91,32.35
Tajikistan,TJK,AS,1995,34.01,42.76,27.31,31.96
Tajikistan,TJK,AS,1996,35.14,44.17,28.49,32.76
Tajikistan,TJK,AS,1997,35.48,44.29,28.95,33.19
Tajikistan,TJK,AS,1998,35.12,43.12,30.14,32.11
Tajikistan,TJK,AS,1999,35.71,43.88,31.33,31.92
Tajikistan,TJK,AS,2000,36.77,45.73,32.34,32.24
Tajikistan,TJK,AS,2001,36.28,44.77,32.71,31.37
Tajikistan,TJK,AS,2002,37.97,46.47,33.98,33.46
Tajikistan,TJK,AS,2003,39.38,47.12,36.83,34.19
Tajikistan,TJK,AS,2004,39.33,46.14,36.77,35.1
Tajikistan,TJK,AS,2005,42.01,51.3,38.6,36.12
Tajikistan,TJK,AS,2006,43.62,50.84,39.35,40.68
Tajikistan,TJK,AS,2007,45.47,53.14,40.54,42.72
Tajikistan,TJK,AS,2008,50.12,54.15,51.95,44.27
Tajikistan,TJK,AS,2009,47.92,46.49,53.3,43.97
Tajikistan,TJK,AS,2010,49.53,48.45,55.19,44.96
Tajikistan,TJK,AS,2011,49.34,48.14,55.1,44.78
Tajikistan,TJK,AS,2012,50.64,50.57,56.08,45.28
Tajikistan,TJK,AS,2013,49.11,46.39,56.44,44.48
Tajikistan,TJK,AS,2014,49.41,45.81,56.71,45.72
Tajikistan,TJK,AS,2015,45.71,43.22,48.48,45.42
Tajikistan,TJK,AS,2016,45.93,44.01,48.9,44.89
Tajikistan,TJK,AS,2017,46.08,43.93,49.28,45.02
Tajikistan,TJK,AS,2018,50.84,50.08,56.83,45.41
Tajikistan,TJK,AS,2019,49.64,45.54,56.34,46.95
Tajikistan,TJK,AS,2020,51,48,56,49
Tanzania,TZA,AF,1981,33.87,35.02,51.98,14.62
Tanzania,TZA,AF,1982,33.39,34.86,50.99,14.32
Tanzania,TZA,AF,1983,33.99,34.58,52.04,15.35
Tanzania,TZA,AF,1984,34.9,34.22,54.8,15.69
Tanzania,TZA,AF,1985,35.71,33.79,56.27,17.07
Tanzania,TZA,AF,1986,36.15,33.27,57.33,17.86
Tanzania,TZA,AF,1987,34.89,32.96,54.38,17.33
Tanzania,TZA,AF,1988,33.53,32.57,51.02,16.99
Tanzania,TZA,AF,1989,33.3,34.81,48.99,16.12
Tanzania,TZA,AF,1990,34.27,36.81,49.09,16.92
Tanzania,TZA,AF,1991,35.16,36.49,52.39,16.62
Tanzania,TZA,AF,1992,35.83,38.98,52.1,16.39
Tanzania,TZA,AF,1993,38.86,48.11,51.97,16.5
Tanzania,TZA,AF,1994,38.69,47.93,51.69,16.44
Tanzania,TZA,AF,1995,42.55,48.34,61.68,17.63
Tanzania,TZA,AF,1996,41.37,42.56,63.07,18.5
Tanzania,TZA,AF,1997,41.52,40.6,64.14,19.82
Tanzania,TZA,AF,1998,40.57,35.59,64.49,21.64
Tanzania,TZA,AF,1999,41.55,35.49,65.74,23.43
Tanzania,TZA,AF,2000,42.58,40.84,66.55,20.34
Tanzania,TZA,AF,2001,43.62,43.76,67.23,19.87
Tanzania,TZA,AF,2002,43.5,41.06,67.77,21.67
Tanzania,TZA,AF,2003,45.09,42.99,68.95,23.32
Tanzania,TZA,AF,2004,45.47,42.91,70.33,23.18
Tanzania,TZA,AF,2005,47.25,46.4,70.84,24.52
Tanzania,TZA,AF,2006,47.56,44.8,71.69,26.19
Tanzania,TZA,AF,2007,48.94,46.46,72.27,28.1
Tanzania,TZA,AF,2008,49.86,43.03,72.44,34.1
Tanzania,TZA,AF,2009,49.96,41.41,72.78,35.69
Tanzania,TZA,AF,2010,51.39,43.84,73.5,36.83
Tanzania,TZA,AF,2011,52.41,45.36,73.6,38.28
Tanzania,TZA,AF,2012,51.98,43.42,74.67,37.85
Tanzania,TZA,AF,2013,52.24,42.26,75.64,38.84
Tanzania,TZA,AF,2014,52.52,41.63,76.47,39.46
Tanzania,TZA,AF,2015,51.96,40.01,76.8,39.05
Tanzania,TZA,AF,2016,51.55,40.05,77.15,37.44
Tanzania,TZA,AF,2017,51.28,39.32,77.19,37.33
Tanzania,TZA,AF,2018,49.73,38.05,76,35.15
Tanzania,TZA,AF,2019,49.9,37.23,76.74,35.72
Tanzania,TZA,AF,2020,49,34,76,37
Thailand,THA,AS,1981,38.38,38.03,52.58,24.53
Thailand,THA,AS,1982,38.29,37.9,52.58,24.38
Thailand,THA,AS,1983,38.92,37.76,54.08,24.93
Thailand,THA,AS,1984,39.34,38.01,54.71,25.3
Thailand,THA,AS,1985,41.36,40.28,56.7,27.09
Thailand,THA,AS,1986,42.15,40.08,56.99,29.37
Thailand,THA,AS,1987,42.89,41.09,55.46,32.13
Thailand,THA,AS,1988,43.28,43.25,53.72,32.88
Thailand,THA,AS,1989,43.78,44.84,52.62,33.88
Thailand,THA,AS,1990,45.06,46.03,53.68,35.46
Thailand,THA,AS,1991,48.42,47.47,62.84,34.94
Thailand,THA,AS,1992,51.22,51.39,65.06,37.22
Thailand,THA,AS,1993,52.21,52.01,66.04,38.59
Thailand,THA,AS,1994,52.87,52.66,65.13,40.82
Thailand,THA,AS,1995,55.23,55.06,66.25,44.37
Thailand,THA,AS,1996,56.77,55.85,67.67,46.79
Thailand,THA,AS,1997,58.93,59.25,69.36,48.16
Thailand,THA,AS,1998,60.51,63.93,68.84,48.76
Thailand,THA,AS,1999,61.1,63.5,70.74,49.04
Thailand,THA,AS,2000,63.27,64.63,74.94,50.23
Thailand,THA,AS,2001,65,65.78,77.66,51.57
Thailand,THA,AS,2002,64.39,62.96,77.67,52.55
Thailand,THA,AS,2003,64.37,60.85,78.57,53.69
Thailand,THA,AS,2004,65.17,64.18,76.29,55.05
Thailand,THA,AS,2005,66,64.94,77.24,55.81
Thailand,THA,AS,2006,67.69,67.47,79.28,56.34
Thailand,THA,AS,2007,68.26,65.23,79.14,60.42
Thailand,THA,AS,2008,69.12,66.54,79.92,60.9
Thailand,THA,AS,2009,68.6,63.83,80.15,61.81
Thailand,THA,AS,2010,68.94,65.04,80.42,61.37
Thailand,THA,AS,2011,70.66,65.51,82.24,64.23
Thailand,THA,AS,2012,71.87,66.73,82.09,66.8
Thailand,THA,AS,2013,71.38,66.03,80.65,67.48
Thailand,THA,AS,2014,71.79,66.42,80.99,67.96
Thailand,THA,AS,2015,70.94,65.25,81.89,65.69
Thailand,THA,AS,2016,72.08,65.93,81.78,68.53
Thailand,THA,AS,2017,72.52,67.06,82.14,68.38
Thailand,THA,AS,2018,72.46,66.47,81.29,69.63
Thailand,THA,AS,2019,73.3,68.84,81.01,70.05
Thailand,THA,AS,2020,73,66,82,70
Togo,TGO,AF,1981,35.63,48.04,38.9,18.41
Togo,TGO,AF,1982,36.86,51.55,38.91,18.51
Togo,TGO,AF,1983,37.21,50.59,40.54,18.9
Togo,TGO,AF,1984,38.19,51.56,42.49,18.86
Togo,TGO,AF,1985,39.09,51.87,44.72,18.96
Togo,TGO,AF,1986,38.5,48.32,46.36,19.18
Togo,TGO,AF,1987,37.6,48.02,43.61,19.62
Togo,TGO,AF,1988,36.87,47.28,42.2,19.65
Togo,TGO,AF,1989,39.73,48.14,49.87,19.45
Togo,TGO,AF,1990,39.13,47.47,48.85,19.4
Togo,TGO,AF,1991,37.17,46.21,43.57,20.27
Togo,TGO,AF,1992,36.55,44.57,43.2,20.5
Togo,TGO,AF,1993,38.61,41.4,52.6,20.27
Togo,TGO,AF,1994,42.2,49.28,54,21.56
Togo,TGO,AF,1995,42.74,47.89,56.2,22.4
Togo,TGO,AF,1996,43.65,50.73,55.47,23.01
Togo,TGO,AF,1997,42.94,48.42,55.67,23.04
Togo,TGO,AF,1998,43.19,46.45,58.45,22.97
Togo,TGO,AF,1999,43.62,46.07,59.41,23.73
Togo,TGO,AF,2000,42.51,45.98,56.22,23.8
Togo,TGO,AF,2001,39.52,44.74,46.19,26.58
Togo,TGO,AF,2002,39.68,45,46.17,26.82
Togo,TGO,AF,2003,43.75,43.99,57.48,28.55
Togo,TGO,AF,2004,45.87,47.29,60.83,28.06
Togo,TGO,AF,2005,46.98,49.79,61.15,28.52
Togo,TGO,AF,2006,48.7,51.59,63.03,30.02
Togo,TGO,AF,2007,49.29,52.21,63.26,30.98
Togo,TGO,AF,2008,50.62,50.78,62.83,37.26
Togo,TGO,AF,2009,51.83,51.97,63.16,39.48
Togo,TGO,AF,2010,52.49,53.69,63,39.93
Togo,TGO,AF,2011,54.23,58.59,63.27,39.9
Togo,TGO,AF,2012,54.69,58.42,63.67,41.16
Togo,TGO,AF,2013,54.88,58.09,63.97,41.8
Togo,TGO,AF,2014,52.66,51.84,63.68,41.82
Togo,TGO,AF,2015,52.95,51.9,63.94,42.39
Togo,TGO,AF,2016,53.06,51.24,64.61,42.72
Togo,TGO,AF,2017,52.95,50.36,64.99,42.9
Togo,TGO,AF,2018,52.45,50.36,64.03,42.32
Togo,TGO,AF,2019,51.69,45.25,64.01,45.4
Togo,TGO,AF,2020,51,44,64,45
Tonga,TON,OC,1981,34.11,46.12,12.9,48.17
Tonga,TON,OC,1982,34.65,47.14,12.89,48.94
Tonga,TON,OC,1983,34.08,44.82,12.89,49.36
Tonga,TON,OC,1984,34.47,45.91,12.9,49.57
Tonga,TON,OC,1985,35.4,47.84,13.1,50.43
Tonga,TON,OC,1986,34.97,46.96,13.11,49.89
Tonga,TON,OC,1987,35.21,47.33,13.12,50.24
Tonga,TON,OC,1988,35.54,47.57,13.32,50.79
Tonga,TON,OC,1989,35,45.22,13.28,51.32
Tonga,TON,OC,1990,36.12,48.24,13.39,51.84
Tonga,TON,OC,1991,35.02,42.71,14.61,52.15
Tonga,TON,OC,1992,34.89,41.35,14.51,53.11
Tonga,TON,OC,1993,35.95,44.34,14.75,53.32
Tonga,TON,OC,1994,33.85,39,14.96,51.51
Tonga,TON,OC,1995,34.37,40.16,15.2,51.76
Tonga,TON,OC,1996,32.97,36.68,15.08,50.82
Tonga,TON,OC,1997,36.29,38.02,21.09,52.82
Tonga,TON,OC,1998,37.06,39.74,21.11,53.57
Tonga,TON,OC,1999,37.32,40.07,21.1,54.12
Tonga,TON,OC,2000,38.07,41.05,21.6,54.94
Tonga,TON,OC,2001,38.87,42.65,22.36,55.06
Tonga,TON,OC,2002,40.47,46.96,22.21,56.24
Tonga,TON,OC,2003,42.23,50.93,22.79,57.34
Tonga,TON,OC,2004,40.7,45.58,22.98,57.38
Tonga,TON,OC,2005,41.43,44.15,22.97,61.04
Tonga,TON,OC,2006,41.54,42.26,23.39,62.73
Tonga,TON,OC,2007,42.9,46.24,23.41,63.21
Tonga,TON,OC,2008,45.67,52.77,23.78,65.25
Tonga,TON,OC,2009,46.68,53.27,24.35,67.24
Tonga,TON,OC,2010,46.12,50.25,24.91,67.61
Tonga,TON,OC,2011,48.28,55.1,25.13,69.53
Tonga,TON,OC,2012,49.03,54.53,25.53,71.89
Tonga,TON,OC,2013,49.92,56.54,25.57,72.74
Tonga,TON,OC,2014,49.51,56.81,25.6,71.15
Tonga,TON,OC,2015,49.5,56.99,25.63,70.98
Tonga,TON,OC,2016,49.88,57.91,25.84,71.14
Tonga,TON,OC,2017,50.47,59.38,25.85,71.72
Tonga,TON,OC,2018,47.57,51.75,23.41,72.76
Tonga,TON,OC,2019,46.47,51.23,23.81,69.33
Tonga,TON,OC,2020,45,50,23,66
Trinidad and Tobago,TTO,NA,1981,48.78,51.91,35.32,59.12
Trinidad and Tobago,TTO,NA,1982,46.92,47.37,34.91,58.49
Trinidad and Tobago,TTO,NA,1983,46.6,44.63,36.72,58.44
Trinidad and Tobago,TTO,NA,1984,45.88,42.93,36.27,58.45
Trinidad and Tobago,TTO,NA,1985,46.56,43,38.12,58.55
Trinidad and Tobago,TTO,NA,1986,48.17,46.66,39.36,58.49
Trinidad and Tobago,TTO,NA,1987,46.93,42.99,38.15,59.65
Trinidad and Tobago,TTO,NA,1988,46.8,44.54,36.53,59.34
Trinidad and Tobago,TTO,NA,1989,46.88,46.85,34.81,58.98
Trinidad and Tobago,TTO,NA,1990,47.05,46.28,35.13,59.72
Trinidad and Tobago,TTO,NA,1991,47.87,47.86,36.56,59.18
Trinidad and Tobago,TTO,NA,1992,47.97,48.55,36.47,58.88
Trinidad and Tobago,TTO,NA,1993,52.12,54.17,41.23,60.96
Trinidad and Tobago,TTO,NA,1994,52.98,55.07,41.21,62.66
Trinidad and Tobago,TTO,NA,1995,58.09,56.8,54.35,63.12
Trinidad and Tobago,TTO,NA,1996,58.75,57.93,55.42,62.9
Trinidad and Tobago,TTO,NA,1997,56.72,59.66,46.18,64.31
Trinidad and Tobago,TTO,NA,1998,56.7,59.7,45.54,64.88
Trinidad and Tobago,TTO,NA,1999,57.51,58.24,47.46,66.84
Trinidad and Tobago,TTO,NA,2000,58.39,58.69,48,68.48
Trinidad and Tobago,TTO,NA,2001,59.52,60.44,48.55,69.57
Trinidad and Tobago,TTO,NA,2002,57.67,57.27,48.41,67.32
Trinidad and Tobago,TTO,NA,2003,57.5,56.41,49.65,66.43
Trinidad and Tobago,TTO,NA,2004,57.06,53.72,49.73,67.71
Trinidad and Tobago,TTO,NA,2005,59.24,57.89,50.24,69.6
Trinidad and Tobago,TTO,NA,2006,60.46,60.03,50.3,71.05
Trinidad and Tobago,TTO,NA,2007,61.19,58.94,51.35,73.27
Trinidad and Tobago,TTO,NA,2008,63.46,63.97,52.43,73.96
Trinidad and Tobago,TTO,NA,2009,63.49,63.94,52.49,74.04
Trinidad and Tobago,TTO,NA,2010,63.75,63.71,53.79,73.76
Trinidad and Tobago,TTO,NA,2011,66.67,69.95,54.77,75.3
Trinidad and Tobago,TTO,NA,2012,67.77,70.84,56.65,75.8
Trinidad and Tobago,TTO,NA,2013,67.34,70.2,56.74,75.08
Trinidad and Tobago,TTO,NA,2014,66.56,69.58,57.19,72.9
Trinidad and Tobago,TTO,NA,2015,65.64,66.31,57.61,72.99
Trinidad and Tobago,TTO,NA,2016,65.89,67.26,57.66,72.76
Trinidad and Tobago,TTO,NA,2017,65.7,66.75,57.7,72.64
Trinidad and Tobago,TTO,NA,2018,64.34,62,55.73,75.29
Trinidad and Tobago,TTO,NA,2019,62.8,58.9,55.4,74.09
Trinidad and Tobago,TTO,NA,2020,61,55,55,72
Tunisia,TUN,AF,1981,50.73,48.77,65.89,37.52
Tunisia,TUN,AF,1982,50.9,49.29,66.07,37.35
Tunisia,TUN,AF,1983,51,47.98,67.93,37.1
Tunisia,TUN,AF,1984,51.25,48.2,68.18,37.38
Tunisia,TUN,AF,1985,51.56,47.71,68.86,38.11
Tunisia,TUN,AF,1986,51.98,47.31,70.65,37.99
Tunisia,TUN,AF,1987,51.99,48.88,69.12,37.97
Tunisia,TUN,AF,1988,51.81,51.59,65.76,38.08
Tunisia,TUN,AF,1989,53.68,52.56,69.03,39.47
Tunisia,TUN,AF,1990,53.09,51.53,68.5,39.23
Tunisia,TUN,AF,1991,53.27,49.81,71.88,38.12
Tunisia,TUN,AF,1992,55.74,53.56,75.18,38.47
Tunisia,TUN,AF,1993,57.03,54.9,77.32,38.88
Tunisia,TUN,AF,1994,57.87,56.43,78.06,39.12
Tunisia,TUN,AF,1995,58.62,56.76,79.35,39.76
Tunisia,TUN,AF,1996,56.9,52.52,77.65,40.53
Tunisia,TUN,AF,1997,57.31,52.13,78.72,41.08
Tunisia,TUN,AF,1998,57.43,52.76,77.26,42.27
Tunisia,TUN,AF,1999,58.45,52.3,78.84,44.21
Tunisia,TUN,AF,2000,59.77,54.58,79.3,45.44
Tunisia,TUN,AF,2001,61.08,55,81.73,46.5
Tunisia,TUN,AF,2002,60.77,54.72,81.22,46.37
Tunisia,TUN,AF,2003,61.92,54.78,82.55,48.43
Tunisia,TUN,AF,2004,62.85,54.66,82.47,51.42
Tunisia,TUN,AF,2005,64.26,58.86,82.33,51.59
Tunisia,TUN,AF,2006,64.91,58.63,82.99,53.09
Tunisia,TUN,AF,2007,66.35,61.27,83.31,54.47
Tunisia,TUN,AF,2008,66.97,59.49,83.13,58.3
Tunisia,TUN,AF,2009,66.74,57.74,83.1,59.38
Tunisia,TUN,AF,2010,68.12,61.1,82.66,60.6
Tunisia,TUN,AF,2011,68.4,60.66,81.3,63.23
Tunisia,TUN,AF,2012,68.37,59.18,81.96,63.97
Tunisia,TUN,AF,2013,68.45,57.51,82.88,64.98
Tunisia,TUN,AF,2014,69.72,60.41,83.09,65.66
Tunisia,TUN,AF,2015,67.3,53.55,83.38,64.98
Tunisia,TUN,AF,2016,67.48,54.36,83.49,64.58
Tunisia,TUN,AF,2017,68.05,55.55,83.65,64.96
Tunisia,TUN,AF,2018,68.72,57.92,83.22,65.03
Tunisia,TUN,AF,2019,67.8,57.83,83.4,62.17
Tunisia,TUN,AF,2020,65,54,83,59
Turkey,TUR,EU,1981,43.88,34.14,64.94,32.58
Turkey,TUR,EU,1982,44.17,36.65,63.33,32.52
Turkey,TUR,EU,1983,45.06,36.85,65.57,32.77
Turkey,TUR,EU,1984,45.89,38.18,65.81,33.68
Turkey,TUR,EU,1985,46.78,38.88,67.08,34.38
Turkey,TUR,EU,1986,47.71,38.79,67.16,37.17
Turkey,TUR,EU,1987,47.74,38.97,66.03,38.24
Turkey,TUR,EU,1988,50.77,42,71.75,38.56
Turkey,TUR,EU,1989,51.86,45.21,70.42,39.94
Turkey,TUR,EU,1990,51.78,44.24,72.5,38.61
Turkey,TUR,EU,1991,53.59,45.12,77.01,38.62
Turkey,TUR,EU,1992,55.16,46.8,77.8,40.87
Turkey,TUR,EU,1993,56.63,47.4,81.09,41.41
Turkey,TUR,EU,1994,59.8,53.81,84.78,40.81
Turkey,TUR,EU,1995,60.76,54.51,85.73,42.04
Turkey,TUR,EU,1996,59.24,50.38,84.39,42.96
Turkey,TUR,EU,1997,61.23,53.57,85.61,44.51
Turkey,TUR,EU,1998,60.81,50.2,85.98,46.25
Turkey,TUR,EU,1999,62.04,51.06,86.43,48.62
Turkey,TUR,EU,2000,63.66,52.95,87.54,50.5
Turkey,TUR,EU,2001,65,56.32,88.72,49.95
Turkey,TUR,EU,2002,62.58,49.49,88.72,49.54
Turkey,TUR,EU,2003,62.49,49.61,89.24,48.61
Turkey,TUR,EU,2004,63.23,50.01,88.65,51.03
Turkey,TUR,EU,2005,64.93,50.89,88.8,55.11
Turkey,TUR,EU,2006,65.89,51.53,89.83,56.31
Turkey,TUR,EU,2007,67.41,52.58,88.27,61.37
Turkey,TUR,EU,2008,69.65,54.73,91.63,62.59
Turkey,TUR,EU,2009,70.14,55.48,91.5,63.44
Turkey,TUR,EU,2010,69.81,53.07,91.92,64.43
Turkey,TUR,EU,2011,70.51,53.11,91.95,66.46
Turkey,TUR,EU,2012,70.8,53.89,92.82,65.68
Turkey,TUR,EU,2013,70.61,52.46,92.71,66.65
Turkey,TUR,EU,2014,72.12,56.32,92.39,67.64
Turkey,TUR,EU,2015,71.39,54.2,92.69,67.28
Turkey,TUR,EU,2016,70.78,53.28,92.58,66.48
Turkey,TUR,EU,2017,71.6,55.82,92.47,66.51
Turkey,TUR,EU,2018,70.57,54.7,92.7,64.3
Turkey,TUR,EU,2019,70.64,55.29,92.58,64.04
Turkey,TUR,EU,2020,71,54,93,65
Turkmenistan,TKM,AS,1991,22.23,24.53,11.76,32.9
Turkmenistan,TKM,AS,1992,22.86,24.22,14.36,31.82
Turkmenistan,TKM,AS,1993,25.61,36.33,15.23,31.12
Turkmenistan,TKM,AS,1994,31.11,50.1,21.08,31.22
Turkmenistan,TKM,AS,1995,32.64,52.6,23.04,31.64
Turkmenistan,TKM,AS,1996,33.79,55.31,25.02,30.85
Turkmenistan,TKM,AS,1997,34.2,56.3,26.93,29.24
Turkmenistan,TKM,AS,1998,34.63,56.04,28.48,28.83
Turkmenistan,TKM,AS,1999,37.33,61.93,30.03,30.95
Turkmenistan,TKM,AS,2000,37.39,62.42,30.13,30.75
Turkmenistan,TKM,AS,2001,38.83,59.62,34.17,31.79
Turkmenistan,TKM,AS,2002,38.36,56.91,34.05,32.31
Turkmenistan,TKM,AS,2003,38.49,55.48,35.35,31.98
Turkmenistan,TKM,AS,2004,38,51.65,34.81,33.47
Turkmenistan,TKM,AS,2005,37.45,48.39,35.05,33.6
Turkmenistan,TKM,AS,2006,38.64,51.52,35.83,34.03
Turkmenistan,TKM,AS,2007,38.88,49.33,37.14,34.48
Turkmenistan,TKM,AS,2008,39.77,51.34,37.08,35.73
Turkmenistan,TKM,AS,2009,40.44,49.74,38.04,37.43
Turkmenistan,TKM,AS,2010,40.8,48.71,38.15,38.9
Turkmenistan,TKM,AS,2011,41.5,48.96,38.59,40.14
Turkmenistan,TKM,AS,2012,42.28,49.25,38.51,42.25
Turkmenistan,TKM,AS,2013,42.22,48.38,38.24,42.92
Turkmenistan,TKM,AS,2014,41.58,46.12,38.49,42.29
Turkmenistan,TKM,AS,2015,42.15,44.18,39.82,43.59
Turkmenistan,TKM,AS,2016,41.46,40.69,40.02,43.63
Turkmenistan,TKM,AS,2017,41.12,39.39,39.87,43.71
Turkmenistan,TKM,AS,2018,40.72,38.85,39.08,43.96
Turkmenistan,TKM,AS,2019,41.23,38.14,38.92,46.11
Turkmenistan,TKM,AS,2020,41,39,39,45
Uganda,UGA,AF,1981,31.64,33.58,45.84,15.5
Uganda,UGA,AF,1982,29.59,28.99,45.05,14.73
Uganda,UGA,AF,1983,31.04,30.6,46.72,15.81
Uganda,UGA,AF,1984,29.32,25.88,46.16,15.92
Uganda,UGA,AF,1985,30.03,25.94,47.62,16.52
Uganda,UGA,AF,1986,30.54,25.83,49.08,16.71
Uganda,UGA,AF,1987,29.52,24.9,46.73,16.93
Uganda,UGA,AF,1988,28.67,25.47,44.38,16.16
Uganda,UGA,AF,1989,27.96,25.35,41.98,16.55
Uganda,UGA,AF,1990,28.25,26.28,42.65,15.82
Uganda,UGA,AF,1991,29.66,29.63,44.46,14.88
Uganda,UGA,AF,1992,31.29,33.28,44.42,16.16
Uganda,UGA,AF,1993,31.64,34.17,45.09,15.65
Uganda,UGA,AF,1994,34.94,39.06,46.54,19.22
Uganda,UGA,AF,1995,35.32,37.31,46.89,21.77
Uganda,UGA,AF,1996,35.91,38.66,46.79,22.29
Uganda,UGA,AF,1997,36.76,40.45,47.09,22.74
Uganda,UGA,AF,1998,38.45,42.84,48.22,24.3
Uganda,UGA,AF,1999,38.66,41.48,49.61,24.89
Uganda,UGA,AF,2000,39.17,44.14,49.56,23.82
Uganda,UGA,AF,2001,41.27,49,49.91,24.9
Uganda,UGA,AF,2002,41.2,45.35,50.81,27.43
Uganda,UGA,AF,2003,42.68,47.73,52.36,27.95
Uganda,UGA,AF,2004,47.8,49.96,63.58,29.86
Uganda,UGA,AF,2005,47.76,48.09,64.71,30.49
Uganda,UGA,AF,2006,49.15,48.16,66.58,32.72
Uganda,UGA,AF,2007,50.28,49.17,67.41,34.26
Uganda,UGA,AF,2008,52.61,49.85,68.54,39.45
Uganda,UGA,AF,2009,51.83,45.49,69.18,40.82
Uganda,UGA,AF,2010,52.75,47.07,69.32,41.87
Uganda,UGA,AF,2011,54.17,50.29,68.42,43.81
Uganda,UGA,AF,2012,54.08,49.61,68.47,44.17
Uganda,UGA,AF,2013,53.81,48.8,68.44,44.18
Uganda,UGA,AF,2014,53.22,48.12,68.3,43.24
Uganda,UGA,AF,2015,52.7,46.31,68.85,42.92
Uganda,UGA,AF,2016,54.08,47.61,71.24,43.38
Uganda,UGA,AF,2017,54.23,48.5,71.59,42.59
Uganda,UGA,AF,2018,53.49,48.07,71.24,41.15
Uganda,UGA,AF,2019,52.88,46.87,70.78,40.99
Uganda,UGA,AF,2020,52,45,71,41
Ukraine,UKR,EU,1991,33.33,17.93,40.59,41.47
Ukraine,UKR,EU,1992,38.85,20,54.76,41.78
Ukraine,UKR,EU,1993,41.82,24.08,59.58,41.8
Ukraine,UKR,EU,1994,44.88,27.81,63.84,43
Ukraine,UKR,EU,1995,49.18,35.38,66.62,45.55
Ukraine,UKR,EU,1996,53.41,43.08,71.57,45.57
Ukraine,UKR,EU,1997,56.11,43.71,75.69,48.94
Ukraine,UKR,EU,1998,57.27,48.18,74.8,48.83
Ukraine,UKR,EU,1999,59.46,53.83,76.64,47.9
Ukraine,UKR,EU,2000,62.59,58.63,79.53,49.61
Ukraine,UKR,EU,2001,63.66,56.9,82.3,51.76
Ukraine,UKR,EU,2002,62.22,53.51,81.75,51.42
Ukraine,UKR,EU,2003,62.97,52.21,83.03,53.66
Ukraine,UKR,EU,2004,64.23,52.28,84.23,56.17
Ukraine,UKR,EU,2005,65.58,53.64,84.18,58.91
Ukraine,UKR,EU,2006,67.22,54.85,84.75,62.05
Ukraine,UKR,EU,2007,69.47,57.37,86.69,64.34
Ukraine,UKR,EU,2008,70.86,59.26,86.86,66.47
Ukraine,UKR,EU,2009,71.56,62.01,86.55,66.1
Ukraine,UKR,EU,2010,71.61,61.61,86.59,66.63
Ukraine,UKR,EU,2011,72.94,61.55,86.77,70.51
Ukraine,UKR,EU,2012,73.47,62.32,87.06,71.02
Ukraine,UKR,EU,2013,73.65,61.84,87.19,71.93
Ukraine,UKR,EU,2014,73.4,61.72,87.2,71.29
Ukraine,UKR,EU,2015,74.22,63.06,89.15,70.45
Ukraine,UKR,EU,2016,74.58,64.05,89.37,70.32
Ukraine,UKR,EU,2017,74.87,64.96,89.24,70.41
Ukraine,UKR,EU,2018,74.95,66.01,88.32,70.38
Ukraine,UKR,EU,2019,73.93,64.39,88.35,69.04
Ukraine,UKR,EU,2020,73,62,88,69
United Arab Emirates,ARE,AS,1981,47.23,59.61,35.29,49.4
United Arab Emirates,ARE,AS,1982,47.08,58.51,35.72,49.48
United Arab Emirates,ARE,AS,1983,48.57,58.79,39.56,49.47
United Arab Emirates,ARE,AS,1984,49.27,58.66,41.59,49.45
United Arab Emirates,ARE,AS,1985,49.56,59.42,41.85,49.37
United Arab Emirates,ARE,AS,1986,49.07,57.33,41.69,49.89
United Arab Emirates,ARE,AS,1987,48.73,59.84,38.9,49.72
United Arab Emirates,ARE,AS,1988,47.91,60.28,36.32,49.73
United Arab Emirates,ARE,AS,1989,47.87,62.02,34.57,49.98
United Arab Emirates,ARE,AS,1990,48.24,61.46,35.8,50.2
United Arab Emirates,ARE,AS,1991,50.31,61.65,38.17,53.59
United Arab Emirates,ARE,AS,1992,56.94,62.05,54.57,55.08
United Arab Emirates,ARE,AS,1993,57.49,62.99,54.91,55.53
United Arab Emirates,ARE,AS,1994,55.27,62.97,45.81,58.81
United Arab Emirates,ARE,AS,1995,56.39,62.99,47.96,59.78
United Arab Emirates,ARE,AS,1996,57.25,64.05,47.76,61.61
United Arab Emirates,ARE,AS,1997,58.72,65.24,50.02,62.48
United Arab Emirates,ARE,AS,1998,61.37,72.03,50.46,63.96
United Arab Emirates,ARE,AS,1999,61.66,71.22,50.11,65.91
United Arab Emirates,ARE,AS,2000,61.99,70.88,50.31,66.92
United Arab Emirates,ARE,AS,2001,63.31,71.99,50.62,69.53
United Arab Emirates,ARE,AS,2002,63.35,72.42,50.5,69.4
United Arab Emirates,ARE,AS,2003,63.74,74.08,51.82,67.67
United Arab Emirates,ARE,AS,2004,64.73,76.83,52.01,67.99
United Arab Emirates,ARE,AS,2005,66.97,80.01,52.75,71.02
United Arab Emirates,ARE,AS,2006,68.71,81.46,53.76,73.78
United Arab Emirates,ARE,AS,2007,69.99,83.51,55.66,73.7
United Arab Emirates,ARE,AS,2008,71.75,84.91,56.31,76.95
United Arab Emirates,ARE,AS,2009,70.77,85.1,56.79,73.33
United Arab Emirates,ARE,AS,2010,71.33,83.47,58.72,74.28
United Arab Emirates,ARE,AS,2011,71.34,84.29,59.59,72.63
United Arab Emirates,ARE,AS,2012,73.97,85.69,60.86,77.79
United Arab Emirates,ARE,AS,2013,74.34,86.24,61.38,77.82
United Arab Emirates,ARE,AS,2014,74.28,84.98,62.42,77.62
United Arab Emirates,ARE,AS,2015,74.7,86.57,62.9,76.92
United Arab Emirates,ARE,AS,2016,74.19,86.52,63.7,74.58
United Arab Emirates,ARE,AS,2017,74.13,85.95,63.75,74.85
United Arab Emirates,ARE,AS,2018,75.51,86.9,64.98,76.76
United Arab Emirates,ARE,AS,2019,75.78,86.55,65.04,77.82
United Arab Emirates,ARE,AS,2020,76,87,65,79
United Kingdom,GBR,EU,1981,78.68,69.67,94.28,72.08
United Kingdom,GBR,EU,1982,78.67,69.93,94.18,71.91
United Kingdom,GBR,EU,1983,78.84,70.26,94.48,71.77
United Kingdom,GBR,EU,1984,79.13,71.43,94.58,71.37
United Kingdom,GBR,EU,1985,79.32,71.94,94.2,71.81
United Kingdom,GBR,EU,1986,78.7,70.76,93.3,72.03
United Kingdom,GBR,EU,1987,79.68,71.34,92.82,74.89
United Kingdom,GBR,EU,1988,79.19,70.72,91.74,75.12
United Kingdom,GBR,EU,1989,78.81,70.9,89.97,75.54
United Kingdom,GBR,EU,1990,78.49,70.66,90.05,74.76
United Kingdom,GBR,EU,1991,80.22,70.52,94.81,75.32
United Kingdom,GBR,EU,1992,80.49,70.81,95.24,75.43
United Kingdom,GBR,EU,1993,81.86,72.8,96.94,75.85
United Kingdom,GBR,EU,1994,82.24,72.88,96.98,76.87
United Kingdom,GBR,EU,1995,82.6,72.95,97.68,77.18
United Kingdom,GBR,EU,1996,82.93,74.24,96.27,78.29
United Kingdom,GBR,EU,1997,83.35,75.5,95.98,78.58
United Kingdom,GBR,EU,1998,84.01,76.35,96.13,79.55
United Kingdom,GBR,EU,1999,85.08,78.3,96.3,80.65
United Kingdom,GBR,EU,2000,86.44,80.09,96.61,82.62
United Kingdom,GBR,EU,2001,86.57,80.14,96.89,82.69
United Kingdom,GBR,EU,2002,87.03,79.47,97.22,84.39
United Kingdom,GBR,EU,2003,87.61,80.15,97.46,85.23
United Kingdom,GBR,EU,2004,87.43,79.34,96.95,86
United Kingdom,GBR,EU,2005,87.63,79.66,96.83,86.42
United Kingdom,GBR,EU,2006,87.86,79.45,96.89,87.25
United Kingdom,GBR,EU,2007,88.42,78.88,97.06,89.32
United Kingdom,GBR,EU,2008,88.26,79.03,96.93,88.83
United Kingdom,GBR,EU,2009,88.54,79.83,97.16,88.62
United Kingdom,GBR,EU,2010,88.81,80.39,97.01,89.02
United Kingdom,GBR,EU,2011,89.18,80.92,97.05,89.58
United Kingdom,GBR,EU,2012,89.2,80.34,97.27,89.98
United Kingdom,GBR,EU,2013,89.22,80.41,97.31,89.94
United Kingdom,GBR,EU,2014,89.01,79.94,96.98,90.11
United Kingdom,GBR,EU,2015,89.22,80.06,97.36,90.23
United Kingdom,GBR,EU,2016,89.47,80.68,97.38,90.35
United Kingdom,GBR,EU,2017,89.97,81.47,97.9,90.55
United Kingdom,GBR,EU,2018,89.39,81.91,97.08,89.18
United Kingdom,GBR,EU,2019,89.31,81.58,97.65,88.71
United Kingdom,GBR,EU,2020,89,80,97,89
Uruguay,URY,SA,1981,48.4,39.78,57.75,47.67
Uruguay,URY,SA,1982,48.95,41.77,57.68,47.41
Uruguay,URY,SA,1983,53.26,50.06,61.21,48.49
Uruguay,URY,SA,1984,52.96,50.26,60.25,48.37
Uruguay,URY,SA,1985,55.35,50.67,65.74,49.63
Uruguay,URY,SA,1986,55.15,48.46,66.65,50.33
Uruguay,URY,SA,1987,53.2,45.65,64.64,49.3
Uruguay,URY,SA,1988,52.95,45.9,63.28,49.69
Uruguay,URY,SA,1989,53.25,47.98,62.36,49.41
Uruguay,URY,SA,1990,53.98,48.3,63.57,50.07
Uruguay,URY,SA,1991,56.62,46.84,70.24,52.79
Uruguay,URY,SA,1992,57.72,47.68,72.72,52.75
Uruguay,URY,SA,1993,58.48,47.81,74.55,53.09
Uruguay,URY,SA,1994,59.54,49.18,76.14,53.3
Uruguay,URY,SA,1995,61.69,50.89,77,57.19
Uruguay,URY,SA,1996,62.89,52.03,78.05,58.59
Uruguay,URY,SA,1997,63.23,51.22,77.96,60.52
Uruguay,URY,SA,1998,63.32,51.03,76.95,61.97
Uruguay,URY,SA,1999,64.02,52.51,77.09,62.46
Uruguay,URY,SA,2000,65.08,54.48,77.87,62.88
Uruguay,URY,SA,2001,66.1,54.63,79.9,63.77
Uruguay,URY,SA,2002,64.13,49.74,79.37,63.28
Uruguay,URY,SA,2003,66.01,53.68,80.92,63.43
Uruguay,URY,SA,2004,68.92,60.08,82.15,64.52
Uruguay,URY,SA,2005,69.86,61.1,82.51,65.97
Uruguay,URY,SA,2006,70.45,61.7,82.47,67.19
Uruguay,URY,SA,2007,72.07,63.45,82.77,70
Uruguay,URY,SA,2008,72.81,64.44,82.6,71.4
Uruguay,URY,SA,2009,72.61,62.8,82.53,72.51
Uruguay,URY,SA,2010,71.92,61.47,81.39,72.9
Uruguay,URY,SA,2011,72.08,61.04,81.33,73.85
Uruguay,URY,SA,2012,74.43,65.97,81.77,75.55
Uruguay,URY,SA,2013,74.16,64.2,81.7,76.58
Uruguay,URY,SA,2014,73.58,62.2,81.64,76.89
Uruguay,URY,SA,2015,73.5,61.57,82.68,76.26
Uruguay,URY,SA,2016,72.96,59.94,82.63,76.3
Uruguay,URY,SA,2017,73.46,61.08,82.8,76.49
Uruguay,URY,SA,2018,72.89,61.63,81.47,75.57
Uruguay,URY,SA,2019,73.41,61.9,81.65,76.69
Uruguay,URY,SA,2020,73,61,81,76
USA,USA,NA,1981,62.84,43.77,79.84,64.91
USA,USA,NA,1982,62.95,44.41,79.22,65.21
USA,USA,NA,1983,62.68,44.12,79.57,64.34
USA,USA,NA,1984,63.36,44.57,79.98,65.55
USA,USA,NA,1985,65.98,49.56,79.98,68.39
USA,USA,NA,1986,66.18,49.94,79.96,68.63
USA,USA,NA,1987,65.91,50.46,79.36,67.92
USA,USA,NA,1988,66.15,51.32,78.93,68.21
USA,USA,NA,1989,69.21,54.48,84.19,68.97
USA,USA,NA,1990,69.4,54.89,83.87,69.45
USA,USA,NA,1991,70.68,54.85,87.84,69.33
USA,USA,NA,1992,70.99,54.68,88.71,69.57
USA,USA,NA,1993,72.1,55.08,91.43,69.81
USA,USA,NA,1994,72.92,56.18,91.42,71.15
USA,USA,NA,1995,73.96,57.79,92.51,71.57
USA,USA,NA,1996,74.33,59.1,92.1,71.81
USA,USA,NA,1997,75.77,60.93,92.33,74.07
USA,USA,NA,1998,76.45,61.99,92.12,75.25
USA,USA,NA,1999,77,63.36,91.78,75.85
USA,USA,NA,2000,77.29,64.81,92.19,74.86
USA,USA,NA,2001,77.75,64.11,92.64,76.5
USA,USA,NA,2002,77.53,62.22,92.87,77.5
USA,USA,NA,2003,77.87,63.07,92.73,77.81
USA,USA,NA,2004,78.33,65.15,92.36,77.47
USA,USA,NA,2005,78.6,64.96,92.56,78.28
USA,USA,NA,2006,80.22,66.92,93.09,80.64
USA,USA,NA,2007,81.38,68.06,93.17,82.9
USA,USA,NA,2008,80.82,65.82,93.19,83.46
USA,USA,NA,2009,80.12,63.98,92.61,83.77
USA,USA,NA,2010,80.15,64.73,92.71,83
USA,USA,NA,2011,80.91,65.29,93.08,84.35
USA,USA,NA,2012,80.77,65.5,93.46,83.36
USA,USA,NA,2013,81.1,65.62,93.38,84.3
USA,USA,NA,2014,81.61,66.93,93.26,84.65
USA,USA,NA,2015,81.68,66.06,93.53,85.44
USA,USA,NA,2016,82.21,67.43,93.56,85.62
USA,USA,NA,2017,82.54,68.13,93.62,85.87
USA,USA,NA,2018,82.28,67.68,92.59,86.56
USA,USA,NA,2019,82.28,67.43,92.51,86.91
USA,USA,NA,2020,81,67,92,85
Uzbekistan,UZB,AS,1991,22.7,24.9,13.22,32.38
Uzbekistan,UZB,AS,1992,26.33,27.57,21.03,31.74
Uzbekistan,UZB,AS,1993,30.65,35.19,24.93,33.28
Uzbekistan,UZB,AS,1994,31.42,36.9,28.24,29.9
Uzbekistan,UZB,AS,1995,33.39,40.37,31.61,28.61
Uzbekistan,UZB,AS,1996,35.88,44.75,33.65,29.74
Uzbekistan,UZB,AS,1997,37.64,43.66,35.13,34.71
Uzbekistan,UZB,AS,1998,37.93,42.43,36.88,34.73
Uzbekistan,UZB,AS,1999,36.96,37.38,38.06,35.18
Uzbekistan,UZB,AS,2000,37.02,36.7,37.72,36.46
Uzbekistan,UZB,AS,2001,38.84,39.24,39.14,38.07
Uzbekistan,UZB,AS,2002,39.52,40.31,40.63,37.35
Uzbekistan,UZB,AS,2003,41.83,43.22,43,38.99
Uzbekistan,UZB,AS,2004,42.13,43.62,43.04,39.52
Uzbekistan,UZB,AS,2005,42.05,42.43,44.15,39.03
Uzbekistan,UZB,AS,2006,43.03,42.04,45.51,40.9
Uzbekistan,UZB,AS,2007,45.02,43.79,48.15,42.3
Uzbekistan,UZB,AS,2008,45.68,43.95,48.22,44.21
Uzbekistan,UZB,AS,2009,45.99,43.3,49.23,44.62
Uzbekistan,UZB,AS,2010,45.04,41.11,47.75,45.55
Uzbekistan,UZB,AS,2011,46.1,42,49.12,46.39
Uzbekistan,UZB,AS,2012,45.68,39.21,49.97,46.73
Uzbekistan,UZB,AS,2013,45.35,37.39,50.1,47.31
Uzbekistan,UZB,AS,2014,45.17,35.52,50.76,47.74
Uzbekistan,UZB,AS,2015,44.9,33.53,51.4,48.06
Uzbekistan,UZB,AS,2016,44.89,32.6,51.62,48.61
Uzbekistan,UZB,AS,2017,47.27,40.27,51.48,48.89
Uzbekistan,UZB,AS,2018,52.4,56.92,49.89,51.13
Uzbekistan,UZB,AS,2019,52.49,56.8,49.92,51.6
Uzbekistan,UZB,AS,2020,51,51,50,52
Vanuatu,VUT,OC,1981,34.48,54.23,12.33,42.63
Vanuatu,VUT,OC,1982,34.17,54.35,12.32,41.56
Vanuatu,VUT,OC,1983,33.27,52.83,12.33,40.19
Vanuatu,VUT,OC,1984,33.32,52.53,12.34,40.66
Vanuatu,VUT,OC,1985,33.88,54.08,12.74,40.47
Vanuatu,VUT,OC,1986,33.89,52.76,13.7,40.6
Vanuatu,VUT,OC,1987,34.63,54.18,13.9,41.28
Vanuatu,VUT,OC,1988,33.87,51.39,14.28,41.03
Vanuatu,VUT,OC,1989,34.13,52.08,13.87,41.68
Vanuatu,VUT,OC,1990,34.99,53.75,13.78,42.86
Vanuatu,VUT,OC,1991,34.79,51.83,15.37,42.12
Vanuatu,VUT,OC,1992,35.24,53.4,15.45,41.89
Vanuatu,VUT,OC,1993,35.24,52.49,14.94,43.36
Vanuatu,VUT,OC,1994,35.05,52.92,15.35,41.72
Vanuatu,VUT,OC,1995,35.75,53.09,16.48,42.37
Vanuatu,VUT,OC,1996,37.15,55.12,16.54,44.76
Vanuatu,VUT,OC,1997,36.94,53.1,17.1,45.39
Vanuatu,VUT,OC,1998,37.68,54.88,16.97,46.21
Vanuatu,VUT,OC,1999,37.66,54.28,17.51,46.11
Vanuatu,VUT,OC,2000,42.7,53.25,30.8,47
Vanuatu,VUT,OC,2001,44.4,54.68,31.75,49.94
Vanuatu,VUT,OC,2002,45.13,56.59,30.13,52.51
Vanuatu,VUT,OC,2003,41.62,60.65,17.61,52.75
Vanuatu,VUT,OC,2004,41.86,62.38,17.21,52.31
Vanuatu,VUT,OC,2005,46.64,62.01,29.5,52.82
Vanuatu,VUT,OC,2006,49.01,65.17,31.5,54.85
Vanuatu,VUT,OC,2007,48.34,62.23,32.43,54.43
Vanuatu,VUT,OC,2008,50.17,64.45,32.15,58.48
Vanuatu,VUT,OC,2009,49.79,61.7,32.62,59.33
Vanuatu,VUT,OC,2010,50.53,61.8,33.99,59.9
Vanuatu,VUT,OC,2011,44.56,58.83,20.87,59.75
Vanuatu,VUT,OC,2012,44.87,58.63,21.8,59.77
Vanuatu,VUT,OC,2013,48.35,57.48,31.95,59.54
Vanuatu,VUT,OC,2014,50.38,61.14,32.96,61.25
Vanuatu,VUT,OC,2015,52.43,65.57,33.8,62.53
Vanuatu,VUT,OC,2016,52.78,66.8,33.74,62.55
Vanuatu,VUT,OC,2017,50.8,63.69,31.02,62.65
Vanuatu,VUT,OC,2018,48.88,64.03,27.1,60.94
Vanuatu,VUT,OC,2019,49.13,63.35,27.35,62.1
Vanuatu,VUT,OC,2020,48,60,27,60
Venezuela,VEN,SA,1981,47.67,42.91,56.35,43.75
Venezuela,VEN,SA,1982,47.09,41.84,55.54,43.9
Venezuela,VEN,SA,1983,46.18,35.59,59.14,43.82
Venezuela,VEN,SA,1984,47.2,38.78,60.33,42.49
Venezuela,VEN,SA,1985,47.41,37.92,60.98,43.31
Venezuela,VEN,SA,1986,46.19,33.57,61.6,43.39
Venezuela,VEN,SA,1987,46.62,36.53,59.65,43.68
Venezuela,VEN,SA,1988,46.01,37.09,57.27,43.68
Venezuela,VEN,SA,1989,46.46,41.49,54.47,43.43
Venezuela,VEN,SA,1990,46.82,43.05,54.16,43.25
Venezuela,VEN,SA,1991,50.88,42.44,67.32,42.89
Venezuela,VEN,SA,1992,50.76,40.93,67.9,43.43
Venezuela,VEN,SA,1993,53.67,41.27,75.75,44
Venezuela,VEN,SA,1994,54.54,43.39,76.73,43.52
Venezuela,VEN,SA,1995,54.93,41.46,78.19,45.14
Venezuela,VEN,SA,1996,58.05,49.82,78.21,46.12
Venezuela,VEN,SA,1997,58.82,50.47,79.3,46.7
Venezuela,VEN,SA,1998,59,49.25,79.73,48.01
Venezuela,VEN,SA,1999,58.64,47.94,79.72,48.26
Venezuela,VEN,SA,2000,59.4,49.83,79.7,48.66
Venezuela,VEN,SA,2001,59.3,48.65,79.89,49.37
Venezuela,VEN,SA,2002,57.12,43.07,79.66,48.62
Venezuela,VEN,SA,2003,57.94,44.72,80.57,48.54
Venezuela,VEN,SA,2004,54.85,44.58,70.67,49.3
Venezuela,VEN,SA,2005,55.19,43.46,70.8,51.31
Venezuela,VEN,SA,2006,55.26,42.36,71.42,52.01
Venezuela,VEN,SA,2007,55.99,40.69,71.57,55.72
Venezuela,VEN,SA,2008,54.21,33.37,71.84,57.41
Venezuela,VEN,SA,2009,54.68,30.83,72.26,60.94
Venezuela,VEN,SA,2010,53.15,27.82,72.22,59.42
Venezuela,VEN,SA,2011,55.03,33.33,72.01,59.75
Venezuela,VEN,SA,2012,54.51,31.51,72.19,59.85
Venezuela,VEN,SA,2013,54.7,31.27,72.16,60.68
Venezuela,VEN,SA,2014,53.21,27.7,72.12,59.82
Venezuela,VEN,SA,2015,53.43,27.75,72.4,60.13
Venezuela,VEN,SA,2016,52.93,27.55,72.48,58.77
Venezuela,VEN,SA,2017,53.61,30.3,72.51,58.01
Venezuela,VEN,SA,2018,52.25,31.5,71.11,54.14
Venezuela,VEN,SA,2019,52.59,33.19,71.12,53.47
Venezuela,VEN,SA,2020,52,32,71,54
Vietnam,VNM,AS,1981,24.88,29.42,33.45,11.23
Vietnam,VNM,AS,1982,24.64,28.3,33.83,11.25
Vietnam,VNM,AS,1983,24.73,28.52,33.86,11.28
Vietnam,VNM,AS,1984,25.15,28.15,35.01,11.79
Vietnam,VNM,AS,1985,25.15,28.51,35.25,11.17
Vietnam,VNM,AS,1986,25.02,28.18,35.67,10.69
Vietnam,VNM,AS,1987,24.96,27.87,35.72,10.77
Vietnam,VNM,AS,1988,25.06,27.56,36.12,10.98
Vietnam,VNM,AS,1989,27.33,33.77,36.18,11.46
Vietnam,VNM,AS,1990,27.79,34.89,35.93,11.98
Vietnam,VNM,AS,1991,28.45,31.3,40.58,12.92
Vietnam,VNM,AS,1992,30.77,35.61,42.73,13.35
Vietnam,VNM,AS,1993,32.19,37.02,44.25,14.67
Vietnam,VNM,AS,1994,34.24,40.79,45.62,15.65
Vietnam,VNM,AS,1995,37.5,45.56,48.74,17.49
Vietnam,VNM,AS,1996,38.56,46.86,50.14,17.92
Vietnam,VNM,AS,1997,40.15,50,50.24,19.46
Vietnam,VNM,AS,1998,40.8,50.65,50.7,20.29
Vietnam,VNM,AS,1999,41.32,50.42,51.49,21.31
Vietnam,VNM,AS,2000,43.43,52.25,52.1,25.26
Vietnam,VNM,AS,2001,43.91,51.9,52.32,26.85
Vietnam,VNM,AS,2002,43.94,51.76,52.54,26.88
Vietnam,VNM,AS,2003,45.06,49.16,54.55,30.95
Vietnam,VNM,AS,2004,46.13,50.5,54.75,32.64
Vietnam,VNM,AS,2005,48.11,51.07,56.01,36.81
Vietnam,VNM,AS,2006,50.19,53.36,58.11,38.65
Vietnam,VNM,AS,2007,52.64,56.33,59.69,41.49
Vietnam,VNM,AS,2008,55.05,57.73,60.13,46.97
Vietnam,VNM,AS,2009,55.1,55.96,60.56,48.53
Vietnam,VNM,AS,2010,56.66,59.55,60.54,49.61
Vietnam,VNM,AS,2011,57.22,59.52,61.23,50.64
Vietnam,VNM,AS,2012,59.17,60.63,63,53.67
Vietnam,VNM,AS,2013,59.17,61.55,63.16,52.53
Vietnam,VNM,AS,2014,63.59,61.14,73.12,56.21
Vietnam,VNM,AS,2015,63.15,59.02,73.29,56.87
Vietnam,VNM,AS,2016,64.31,60.56,73.83,58.3
Vietnam,VNM,AS,2017,64.53,60.4,74.39,58.56
Vietnam,VNM,AS,2018,65.55,61.06,73.76,61.55
Vietnam,VNM,AS,2019,65.26,60.5,73.86,61.24
Vietnam,VNM,AS,2020,63,56,74,60
Yemen,YEM,AS,1981,29.39,36.88,32.6,18.25
Yemen,YEM,AS,1982,29.42,36.76,32.58,18.49
Yemen,YEM,AS,1983,30.56,38.83,33.76,18.62
Yemen,YEM,AS,1984,31.26,39.72,34.8,18.8
Yemen,YEM,AS,1985,31.38,39.56,35.58,18.52
Yemen,YEM,AS,1986,31.72,39.89,36.34,18.45
Yemen,YEM,AS,1987,31.74,39.74,36.57,18.43
Yemen,YEM,AS,1988,31.93,39.59,36.6,19.15
Yemen,YEM,AS,1989,31.95,39.49,36.82,19.08
Yemen,YEM,AS,1990,32.51,39.47,38.39,19.21
Yemen,YEM,AS,1991,33.86,40.67,41.13,19.26
Yemen,YEM,AS,1992,34.83,42.57,41.41,19.98
Yemen,YEM,AS,1993,35.89,46.21,41.49,19.39
Yemen,YEM,AS,1994,36.18,48.79,41.24,17.84
Yemen,YEM,AS,1995,37.21,50.15,43.15,17.61
Yemen,YEM,AS,1996,38.14,51.63,44.24,17.79
Yemen,YEM,AS,1997,37.97,49.32,44.5,19.4
Yemen,YEM,AS,1998,39.86,54.56,44.5,19.77
Yemen,YEM,AS,1999,39.14,52.44,44.62,19.63
Yemen,YEM,AS,2000,40.19,53.62,46.18,20.02
Yemen,YEM,AS,2001,40.46,53.35,46.49,20.78
Yemen,YEM,AS,2002,41.31,53.24,46.81,23.21
Yemen,YEM,AS,2003,45.32,52.99,58.27,23.9
Yemen,YEM,AS,2004,45.59,52.26,59.02,24.69
Yemen,YEM,AS,2005,46.17,52.44,60.74,24.51
Yemen,YEM,AS,2006,48.95,55.55,63.08,27.38
Yemen,YEM,AS,2007,49.86,56.16,63,29.65
Yemen,YEM,AS,2008,51.07,56.51,64.84,31.08
Yemen,YEM,AS,2009,52.89,55.09,66.49,36.44
Yemen,YEM,AS,2010,52.46,53.66,65.74,37.38
Yemen,YEM,AS,2011,52.39,53.24,66.71,36.58
Yemen,YEM,AS,2012,52.24,50.42,67.46,38.27
Yemen,YEM,AS,2013,52.15,49.72,67.27,38.92
Yemen,YEM,AS,2014,51.53,48.06,66.72,39.32
Yemen,YEM,AS,2015,48.62,39.66,67.36,38.42
Yemen,YEM,AS,2016,48.78,40.46,67.07,38.38
Yemen,YEM,AS,2017,49.6,44.01,66.4,37.91
Yemen,YEM,AS,2018,48,42.48,64.41,36.64
Yemen,YEM,AS,2019,48.33,42.89,64.32,37.33
Yemen,YEM,AS,2020,49,46,64,37
Zambia,ZMB,AF,1981,37.29,43.45,43.16,25.25
Zambia,ZMB,AF,1982,37.19,42.72,44.33,24.52
Zambia,ZMB,AF,1983,38.09,43.66,46.17,24.43
Zambia,ZMB,AF,1984,38.53,43.33,47.18,25.07
Zambia,ZMB,AF,1985,41.53,50.26,49.04,25.28
Zambia,ZMB,AF,1986,42.17,50.46,50.49,25.56
Zambia,ZMB,AF,1987,40.95,49.07,48.33,25.45
Zambia,ZMB,AF,1988,41.75,45.02,54.35,25.86
Zambia,ZMB,AF,1989,41.63,45.68,53.32,25.89
Zambia,ZMB,AF,1990,43.33,49.94,53.5,26.56
Zambia,ZMB,AF,1991,43.48,47.15,55.36,27.94
Zambia,ZMB,AF,1992,40.72,46.74,47.24,28.2
Zambia,ZMB,AF,1993,43.09,42.81,58.98,27.49
Zambia,ZMB,AF,1994,43.27,41.87,60.54,27.41
Zambia,ZMB,AF,1995,43.65,41.72,61.7,27.55
Zambia,ZMB,AF,1996,46.67,51.29,61.04,27.69
Zambia,ZMB,AF,1997,46.57,47.5,62.96,29.24
Zambia,ZMB,AF,1998,46.91,52.67,60.42,27.63
Zambia,ZMB,AF,1999,46.96,52.19,59.76,28.93
Zambia,ZMB,AF,2000,49.51,55.76,63.4,29.36
Zambia,ZMB,AF,2001,49.52,54.64,64.98,28.94
Zambia,ZMB,AF,2002,50.17,55.84,64.01,30.64
Zambia,ZMB,AF,2003,50.86,55.74,65.42,31.43
Zambia,ZMB,AF,2004,53.1,59,67.11,33.18
Zambia,ZMB,AF,2005,51.89,55.02,65.87,34.79
Zambia,ZMB,AF,2006,52.07,51.42,67.66,37.14
Zambia,ZMB,AF,2007,53.68,55.45,67.02,38.58
Zambia,ZMB,AF,2008,54.05,50.69,67.5,43.95
Zambia,ZMB,AF,2009,53.07,48.33,68.12,42.77
Zambia,ZMB,AF,2010,54.81,52.11,67.28,45.03
Zambia,ZMB,AF,2011,54.65,50.97,66.94,46.05
Zambia,ZMB,AF,2012,54.83,50.5,66,47.99
Zambia,ZMB,AF,2013,56.02,53.59,65.86,48.6
Zambia,ZMB,AF,2014,57.57,56.33,68.65,47.73
Zambia,ZMB,AF,2015,57.2,54.48,69.86,47.25
Zambia,ZMB,AF,2016,57.42,53.96,70.82,47.47
Zambia,ZMB,AF,2017,57.09,52.28,71.33,47.65
Zambia,ZMB,AF,2018,57.79,56.08,70.65,46.64
Zambia,ZMB,AF,2019,57.6,55.8,70.19,46.81
Zambia,ZMB,AF,2020,58,56,70,46
Zimbabwe,ZWE,AF,1981,29.92,23.32,34.72,31.72
Zimbabwe,ZWE,AF,1982,30.01,22.68,36.12,31.23
Zimbabwe,ZWE,AF,1983,30.08,21.77,37.57,30.91
Zimbabwe,ZWE,AF,1984,29.76,22.81,35.81,30.65
Zimbabwe,ZWE,AF,1985,31.21,26.83,36.88,29.9
Zimbabwe,ZWE,AF,1986,31.1,24.37,38.87,30.07
Zimbabwe,ZWE,AF,1987,31.27,24.39,39.06,30.36
Zimbabwe,ZWE,AF,1988,30.88,23.05,38.29,31.29
Zimbabwe,ZWE,AF,1989,30.87,22.5,37.53,32.59
Zimbabwe,ZWE,AF,1990,31.14,23.52,36.89,33.02
Zimbabwe,ZWE,AF,1991,35.14,24.65,49.16,31.62
Zimbabwe,ZWE,AF,1992,38.2,31.3,49.9,33.41
Zimbabwe,ZWE,AF,1993,39.21,31.83,53.9,31.9
Zimbabwe,ZWE,AF,1994,40.58,34.72,56.38,30.66
Zimbabwe,ZWE,AF,1995,41.4,35.27,56.55,32.38
Zimbabwe,ZWE,AF,1996,40.8,33,56.08,33.33
Zimbabwe,ZWE,AF,1997,42.49,33.27,60.6,33.61
Zimbabwe,ZWE,AF,1998,43.76,35.75,60.95,34.57
Zimbabwe,ZWE,AF,1999,43.85,33.36,62.22,35.97
Zimbabwe,ZWE,AF,2000,46.49,39.14,64.61,35.72
Zimbabwe,ZWE,AF,2001,44.84,35.3,64.96,34.27
Zimbabwe,ZWE,AF,2002,46.21,37.91,64.25,36.47
Zimbabwe,ZWE,AF,2003,45.88,35.38,65.18,37.09
Zimbabwe,ZWE,AF,2004,45.67,35.76,64.29,36.94
Zimbabwe,ZWE,AF,2005,46,35.83,65.35,36.82
Zimbabwe,ZWE,AF,2006,47.77,36.83,67.12,39.37
Zimbabwe,ZWE,AF,2007,48.08,37,67.41,39.84
Zimbabwe,ZWE,AF,2008,49.6,37.37,68.42,42.99
Zimbabwe,ZWE,AF,2009,48.69,33.45,68.94,43.68
Zimbabwe,ZWE,AF,2010,50.5,37.23,68.72,45.54
Zimbabwe,ZWE,AF,2011,51.38,38.79,67.71,47.65
Zimbabwe,ZWE,AF,2012,51.21,37.33,68.13,48.16
Zimbabwe,ZWE,AF,2013,50.03,32.44,68.22,49.42
Zimbabwe,ZWE,AF,2014,50.66,33.84,68.57,49.56
Zimbabwe,ZWE,AF,2015,52.41,36.58,69.96,50.69
Zimbabwe,ZWE,AF,2016,51.43,35.59,69.4,49.3
Zimbabwe,ZWE,AF,2017,50.85,34.87,68.49,49.18
Zimbabwe,ZWE,AF,2018,51.78,38.1,69.16,48.09
Zimbabwe,ZWE,AF,2019,53.02,41.22,68.98,48.86
Zimbabwe,ZWE,AF,2020,53,40,69,50