,country1,country2,geo_dist,religious_dist,relig_diff(7),geo_dist_new
65,ARG,ARM,13413.133,0.955,0.726739479538457,13828.69894264444
66,ARG,AUS,11728.788,0.409,-0.941264394419328,13322.862927002192
67,ARG,BGD,16794.116,1.285,1.48844421207621,17277.61512887484
68,ARG,BOL,1848.408,0.753,-1.4355101333311,1872.45490735122
69,ARG,BRA,2350.728,0.623,-1.54414465398878,2804.583187817481
70,ARG,CAN,9059.174,0.529,-1.12264268587761,10986.625469747882
71,ARG,CHL,1112.464,0.052,-1.28293572530446,897.5781336978932
73,ARG,COL,4657.374,0.678,-1.4606821440807,4207.861357997542
74,ARG,CYP,12291.567,0.567,-0.982606082035751,12645.218875015149
75,ARG,CZE,11829.161,0.849,0.142716444587644,12114.01622591909
76,ARG,DEU,11923.126,0.372,-0.934394654903878,11833.146215929673
77,ARG,ECU,4341.246,0.67,-1.47885116331896,3871.417251173731
78,ARG,EGY,11836.922,1.319,1.38635421168998,11887.433407973866
79,ARG,ETH,11247.406,1.272,0.539777193556448,11726.490636634635
80,ARG,GBR,11141.577,0.546,-0.386434694221637,11429.615304673764
81,ARG,GRC,11705.936,0.643,-1.53389422973986,11982.241219387523
82,ARG,GTM,6422.617,0.635,-1.54414465398878,6071.041327029366
84,ARG,IDN,15234.66,1.326,1.35763803166764,15915.67907819849
85,ARG,IND,13084.564,0.809,1.34873874892439,16263.6126876063
86,ARG,IRN,13800.987,0.939,1.68091831093276,14408.96536112438
87,ARG,IRQ,13106.172,1.178,1.57234038910583,13422.344011723813
88,ARG,JOR,12328.984,1.289,1.57070063479492,12725.523679349166
89,ARG,JPN,18337.963,0.477,1.21685529340876,17934.69272395894
90,ARG,KAZ,15654.814,0.301,0.807501927126097,15795.958213746415
91,ARG,KEN,10428.796,1.155,-0.926136034668614,11159.350016825196
92,ARG,KGZ,15912.55,0.7,0.805565347385059,16302.482842349975
93,ARG,KOR,19409.487,0.356,-0.034788947940389,18849.713670396417
94,ARG,LBN,12394.906,0.884,0.697576520865811,12850.285726865202
95,ARG,LBY,10598.423,1.323,1.66450651386782,10941.813904707526
97,ARG,MAR,9343.727,1.22,1.69574678295889,9387.795524735604
99,ARG,MEX,7372.107,0.502,-1.33433550779603,7552.244223845357
100,ARG,MMR,17035.873,1.134,1.29094340652446,17644.021374931104
101,ARG,MNG,18110.236,0.453,1.03216559464989,18308.143849528336
102,ARG,MYS,15976.064,0.965,1.10690658748247,16564.890577045553
103,ARG,NGA,8473.133,1.271,0.066692468940858,8931.613049674528
104,ARG,NIC,5953.699,0.811,-1.3917571381677,5591.275401947155
106,ARG,NLD,5292.967,0.234,-0.339684954204155,11694.58945559473
107,ARG,NZL,9967.841,0.098,-0.509715581580838,9985.224311675749
108,ARG,PAK,15613.559,1.205,1.57234812582781,15542.622136540525
109,ARG,PER,3118.131,0.559,-1.54414465398878,2447.455571496569
110,ARG,PHL,17793.119,1.196,-1.33635165156565,17444.5870903312
112,ARG,ROU,12242.949,0.596,-1.55332234594697,12536.304913100477
113,ARG,RUS,13489.617,0.013,-0.580175022905059,14196.935123226565
114,ARG,SGP,15892.004,0.261,0.675450826552703,16228.960849519457
115,ARG,SRB,11884.834,0.052,-1.46427381878003,12165.118782788877
116,ARG,SVK,11868.257,0.068,-1.38944838788747,12285.493400509047
117,ARG,THA,16895.121,0.681,1.60224188876039,17520.79779578477
118,ARG,TJK,15363.99,0.871,1.53636021539765,16118.488184968235
119,ARG,TUN,10659.209,1.247,1.69741321261029,10680.196490991597
120,ARG,TUR,12499.578,0.832,1.67757602542775,12961.870199306239
121,ARG,TWN,18953.018,0.058,0.651203750838751,18814.87599904296
122,ARG,UKR,12840.004,0.327,-1.46012512230478,13200.110587202083
123,ARG,URY,230.462,0.34,-0.811399627216193,765.4394992104205
124,ARG,USA,5922.672,0.077,-1.03975524321265,8815.183564337922
125,ARG,UZB,15456.504,0.733,1.51618164244823,15429.941100738932
126,ARG,VEN,5084.514,0.45,-1.35939936890975,4524.037348384633
127,ARG,VNM,17878.427,0.292,0.825360161718886,18351.32781617356
128,ARG,ZWE,8868.776,1.204,-0.880907339879925,9225.07432232791
129,ARM,AUS,13566.765,1.364,0.0979495100911508,11658.022851718197
130,ARM,BGD,4639.746,0.33,0.466371261287676,4528.682196505217
131,ARM,BOL,13013.151,0.202,0.587005319389541,12826.313615097775
132,ARM,BRA,11329.843,0.332,0.749891400231441,11242.098495470469
133,ARM,CAN,8791.845,1.484,0.296209581834237,8404.910356236202
134,ARM,CHL,14322.88,1.007,0.43342701459575,14716.20141556839
136,ARM,COL,12023.896,0.277,0.612601703521839,12070.087126790771
137,ARM,CYP,1125.132,0.388,0.351478660799091,1199.8016024302196
138,ARM,CZE,2577.781,1.804,-0.992989664776888,2512.0374116852236
139,ARM,DEU,2723.239,1.327,0.0843854127916787,2931.5241292944984
140,ARM,ECU,12759.556,0.285,0.631217255618057,12828.3650838875
141,ARM,EGY,1645.414,0.364,0.527423511406622,2127.485780429524
142,ARM,ETH,3509.916,0.317,-0.639952648358284,3649.8430679429534
143,ARM,GBR,3610.842,1.501,-0.451230060668224,3767.7887638191446
144,ARM,GRC,1805.175,0.312,0.698817593275379,1963.5542978842507
145,ARM,GTM,12355.106,0.32,0.749891400231441,12317.399387879204
147,ARM,IDN,8175.725,0.371,0.481510468940309,7368.353908365843
148,ARM,IND,6003.8,0.146,0.32205020846457,3787.718221885303
149,ARM,IRN,784.006,0.016,0.726621960111169,1292.1955778235194
150,ARM,IRQ,760.625,0.223,0.658383775151673,830.3019199726192
151,ARM,JOR,1194.095,0.333,0.658472183612324,1314.6179002575693
152,ARM,JPN,7936.085,1.433,0.0829981183648371,7772.285454232438
153,ARM,KAZ,2404.555,0.655,-0.316052903361945,2101.9568733502592
154,ARM,KEN,4674.601,0.2,0.147696435717033,4492.124615348557
155,ARM,KGZ,2510.352,0.255,-0.341219679122122,2483.9484095207454
156,ARM,KOR,6872.806,1.311,-0.669592180545328,6990.238598347975
157,ARM,LBN,1061.587,0.071,0.0813925615417805,1048.6278190966898
158,ARM,LBY,2897.598,0.367,0.703352519990898,2901.8105599134637
160,ARM,MAR,4539.424,0.265,0.7498972175842,4705.939344281013
162,ARM,MEX,12392.482,0.454,0.484625035548942,12088.15783264428
163,ARM,MMR,5372.095,0.179,0.349420948915333,5210.006442584575
164,ARM,MNG,4923.663,1.408,-0.35207846972032,4735.702736326821
165,ARM,MYS,7041.091,0.01,0.0661933362929589,8062.454887473239
166,ARM,NGA,5025.836,0.316,-0.0731265364715248,5036.147484114645
167,ARM,NIC,12300.007,0.144,0.542793383161025,12174.035151949292
169,ARM,NLD,10989.211,1.189,-0.487344457672968,3233.9741151901717
170,ARM,NZL,15882.395,1.053,-0.337962026414448,15656.926475367349
171,ARM,PAK,2625.679,0.25,0.658394675013864,2482.585883036495
172,ARM,PER,13534.005,0.396,0.749891400231441,13272.803791903953
173,ARM,PHL,7827.125,0.241,0.520426375828738,8163.142651930751
175,ARM,ROU,1581.695,0.359,0.721968072087115,1707.9432173600226
176,ARM,RUS,1804.827,0.968,-0.212478994328877,1978.205432898306
177,ARM,SGP,7358.899,0.694,-0.400111105854795,7336.644662997042
178,ARM,SRB,2026.389,0.904,0.627054747657483,2009.562464150379
179,ARM,SVK,2341.761,1.023,0.540466439148998,2222.774136275011
180,ARM,THA,6157.758,0.274,0.628572420294178,6064.420648885454
181,ARM,TJK,2087.811,0.084,0.517196999028727,2393.182567602721
182,ARM,TUN,2991.872,0.292,0.749891400231441,3239.9260257930223
183,ARM,TUR,989.573,0.123,0.726645464476232,886.1208001233834
184,ARM,TWN,7186.731,1.013,-1.06906948844219,7188.784281155399
185,ARM,UKR,1575.166,0.629,0.610305702695358,1427.7425446152645
186,ARM,URY,13231.483,1.295,-0.0388986162389735,13141.558656612984
187,ARM,USA,10250.91,0.878,0.192337009092324,10333.107892275237
188,ARM,UZB,2081.876,0.222,0.541246205382639,1612.2815643972438
189,ARM,VEN,11008.503,0.505,0.510216166992645,11093.41039340012
190,ARM,VNM,6116.702,1.247,-0.386127758630255,6008.803741305631
191,ARM,ZWE,6597.467,0.249,0.0308657005150542,6778.886877271426
192,AUS,BGD,9011.471,1.694,0.996615842247523,7194.316465764806
193,AUS,BOL,12972.534,1.162,-1.07953260934095,15048.033177085568
194,AUS,BRA,14060.731,1.032,-0.91826028203789,15967.653793829288
195,AUS,CAN,16107.21,0.121,-1.37370113567879,14172.063810399082
196,AUS,CHL,11323.433,0.357,-1.2302052342775,12563.162510949072
198,AUS,COL,14436.866,1.087,-1.05425607527409,16293.386500315073
199,AUS,CYP,14289.685,0.976,-1.16805951654124,12465.645471039876
200,AUS,CZE,16034.922,0.44,-0.485080982688793,14065.721593811862
201,AUS,DEU,16065.964,0.037,-1.4958425991497,14449.08793659473
202,AUS,ECU,13702.469,1.079,-1.03585425660571,15534.867135911538
203,AUS,EGY,14265.018,1.728,0.922737323029562,12538.44370657176
204,AUS,ETH,12436.517,1.681,-0.0520732053117121,10872.02974133308
205,AUS,GBR,16977.974,0.137,-1.02020756817499,15088.359493075277
206,AUS,GRC,15203.691,1.051,-0.971269037801592,13547.657705730931
207,AUS,GTM,13679.124,1.043,-0.91826028203789,15258.276979149054
209,AUS,IDN,5395.398,1.735,0.888036797938841,4314.498051035282
210,AUS,IND,8336.726,1.217,0.879239331190365,7871.762941573431
211,AUS,IRN,12810.535,1.348,1.21416886571738,10465.332470882553
212,AUS,IRQ,13275.345,1.587,1.10820649879359,11510.50720366978
213,AUS,JOR,13937.508,1.697,1.10682992449177,12042.631296884854
214,AUS,JPN,7948.952,0.069,0.717817985288368,6717.8171321696755
215,AUS,KAZ,12221.195,0.709,0.251530113722729,10386.640120380447
216,AUS,KEN,11928.44,1.563,-1.38391625879745,10655.690103108142
217,AUS,KGZ,11507.344,1.109,0.245873010379946,9535.329524456703
218,AUS,KOR,8413.475,0.053,-0.640123118164116,6757.542919766484
219,AUS,LBN,14055.896,1.293,0.224929285409652,12185.67727624546
220,AUS,LBY,15983.377,1.731,1.19558100435695,13652.3134714371
222,AUS,MAR,17816.006,1.629,1.23143000035724,16135.837410147953
224,AUS,MEX,13177.392,0.91,-1.18031036371942,14334.571512174121
225,AUS,MMR,8288.553,1.543,0.83236504509872,6551.729367021661
226,AUS,MNG,10156.449,0.045,0.474144245199902,8361.146275263494
227,AUS,MYS,6527.004,1.374,0.583495794026798,3682.502436587127
228,AUS,NGA,15155.684,1.679,-0.401040799627701,14132.279399969748
229,AUS,NIC,13909.078,1.22,-1.12310764086316,15712.276044544058
231,AUS,NLD,15463.985,0.175,-0.973135546476599,14684.998727052001
232,AUS,NZL,2327.207,0.311,-1.13525791617298,4006.508631381003
233,AUS,PAK,11010.497,1.614,1.10816112847214,9179.13215293639
234,AUS,PER,12855.618,0.967,-0.91826028203789,14956.008252648364
235,AUS,PHL,6289.63,1.605,-1.151444437734,4124.922690395977
237,AUS,ROU,15147.111,1.004,-0.945965833233508,13350.324479027435
238,AUS,RUS,14481.501,0.395,-1.19380556879241,12233.239042075083
239,AUS,SGP,6209.632,0.67,0.12494429363596,4322.663875893347
240,AUS,SRB,15592.357,0.46,-1.04450769479273,13667.463567979761
241,AUS,SVK,15859.184,0.34,-1.12539763438009,13807.156604815396
242,AUS,THA,7475.187,1.089,1.15555156348824,5674.197838238196
243,AUS,TJK,11636.657,1.28,1.04956526015824,9434.507470082588
244,AUS,TUN,16348.463,1.656,1.2328264669776,14623.307339553665
245,AUS,TUR,14495.688,1.24,1.21136625453154,12464.549132874456
246,AUS,TWN,7307.591,0.351,0.0340515689078205,5500.120191022672
247,AUS,UKR,14895.64,0.735,-1.056633261218,12865.10442652527
248,AUS,URY,11787.644,0.069,-1.42022970520274,13578.713739290824
249,AUS,USA,16174.912,0.486,-1.46895610638056,14930.352638286307
250,AUS,UZB,11772.602,1.142,1.03696839188942,10258.192757897008
251,AUS,VEN,15454.308,0.859,-1.15513075393446,17276.584979206567
252,AUS,VNM,7745.953,0.117,0.281587271988734,5965.681922396681
253,AUS,ZWE,11221.502,1.613,-1.47358861082816,10506.17479835706
254,BGD,BOL,17444.586,0.532,1.38574295798268,17211.984776645677
255,BGD,BRA,15577.039,0.662,1.50574074249101,15522.181198250852
256,BGD,CAN,12199.251,1.814,1.09053270157378,10555.797517828996
257,BGD,CHL,17878.686,1.337,1.27649904828954,17713.91292926712
259,BGD,COL,16433.34,0.607,1.40433027165231,16430.65528233714
260,BGD,CYP,5591.333,0.718,0.898599296765552,5529.404683607018
261,BGD,CZE,7024.2,2.134,0.543080719561545,6871.428098822684
262,BGD,DEU,7072.663,1.657,1.04479792979304,7258.241093439916
263,BGD,ECU,17140.619,0.615,1.41791326562193,17148.31598731434
264,BGD,EGY,5845.387,0.034,-1.23453309266795,6008.800176667486
265,BGD,ETH,5718.305,0.013,-0.330457644880061,5660.749104172497
266,BGD,GBR,7999.159,1.831,0.639311172504472,7953.648469145797
267,BGD,GRC,6423.593,0.643,1.45217540091214,6486.433232828981
268,BGD,GTM,15750.701,0.65,1.50574074249101,15656.524505421288
270,BGD,IDN,3771.238,0.041,-1.29038482002333,3093.231470766278
271,BGD,IND,3964.653,0.476,0.771691641715076,1066.7904976310242
272,BGD,IRN,3962.97,0.346,-1.1831112303458,3502.321307635637
273,BGD,IRQ,4581.377,0.107,-1.22353321748932,4598.346361231663
274,BGD,JOR,5378.564,0.003,-1.22309696732658,5260.060568169882
275,BGD,JPN,4894.983,1.763,1.04648363075627,4817.749401451289
276,BGD,KAZ,3456.827,0.985,-0.703837610568102,3313.234696019883
277,BGD,KEN,6415.409,0.13,0.88271762790075,6157.5610387154065
278,BGD,KGZ,2576.867,0.585,-0.685808753233308,2393.1646810984566
279,BGD,KOR,3792.022,1.641,0.649506963083333,3900.6548084507285
280,BGD,LBN,5404.302,0.401,-0.749700477435967,5268.290279385752
281,BGD,LBY,7466.659,0.037,-1.19924833095983,7103.349385336491
283,BGD,MAR,9178.936,0.065,-1.16636182573684,9226.213964839739
285,BGD,MEX,15107.034,0.784,1.31246940869688,14509.177008229426
286,BGD,MMR,732.542,0.151,1.16775613842335,692.1214600277258
287,BGD,MNG,3060.446,1.738,0.676138221248909,2746.426056342912
288,BGD,MYS,2587.63,0.32,-0.892179581329651,3541.186627658162
289,BGD,NGA,8882.352,0.014,-0.140340393516342,8791.898951720072
290,BGD,NIC,16012.14,0.474,1.35388648008441,15874.194900135739
292,BGD,NLD,15402.277,1.519,0.580653197752891,7506.989900654158
293,BGD,NZL,11278.308,1.383,0.802725213477025,11148.427931638627
294,BGD,PAK,2017.758,0.08,-1.22897414233228,2170.7383019701606
295,BGD,PER,18160.651,0.726,1.50574074249101,17798.57483993944
296,BGD,PHL,3358.81,0.089,1.25595848053928,3748.6348367052747
298,BGD,ROU,6181.257,0.689,1.48488830066258,6177.231015984379
299,BGD,RUS,5549.356,1.298,0.648115507649601,5172.408965106539
300,BGD,SGP,2885.508,1.024,0.46257056059474,2960.798648423001
301,BGD,SRB,6622.033,1.234,1.38321711568053,6513.495706851613
302,BGD,SVK,6851.401,1.353,1.35221871121035,6614.495418376339
303,BGD,THA,1536.394,0.605,1.35577024066549,1536.9690335438286
304,BGD,TJK,2625.651,0.414,-1.29053596630248,2242.605523375896
305,BGD,TUN,7623.749,0.038,-1.16628931851546,7726.500124103713
306,BGD,TUR,5623.445,0.453,-1.18319370812912,5391.454710980338
307,BGD,TWN,3148.44,1.343,0.524153350337356,3163.276205386311
308,BGD,UKR,5885.894,0.959,1.40265893595455,5670.863316182847
309,BGD,URY,16564.644,1.625,0.96936316449938,16540.55671249258
310,BGD,USA,14625.478,1.208,1.07851661642649,12887.044832959511
311,BGD,UZB,2771.324,0.552,-1.28147576019787,3063.9825823390383
312,BGD,VEN,15479.976,0.835,1.33062012746004,15546.627945532677
313,BGD,VNM,1615.628,1.577,0.779517932114893,1630.529000627938
314,BGD,ZWE,7925.815,0.081,1.01159913186021,8055.749913778985
315,BOL,BRA,1877.796,0.13,-1.4141665309538,1696.3178998466126
316,BOL,CAN,7242.76,1.282,-1.25298858371029,9189.65888231879
317,BOL,CHL,1692.043,0.805,-1.42347430700191,2505.3549917034134
319,BOL,COL,2809.459,0.075,-1.5514562276634,2419.4483174058137
320,BOL,CYP,11973.349,0.186,-1.07236318466654,11743.332519190184
321,BOL,CZE,10913.885,1.602,0.0029423723707287,10721.425030253593
322,BOL,DEU,10937.872,1.125,-1.07443270519784,10384.911583789386
323,BOL,ECU,2540.882,0.083,-1.53284067556718,2269.3550435043417
324,BOL,EGY,11656.716,0.566,1.28923806953906,11206.712514139228
325,BOL,ETH,11791.699,0.519,0.412914480394778,11712.639343163084
326,BOL,GBR,10058.542,1.299,-0.525227586423925,9851.535748381264
327,BOL,GRC,11208.686,0.111,-1.46296114446356,10869.828975104649
328,BOL,GTM,4651.897,0.119,-1.4141665309538,4523.934340069659
330,BOL,IDN,17082.752,0.573,1.25925256232181,17558.27676730409
331,BOL,IND,14530.1,0.055,1.2438312750205,16191.408691398665
332,BOL,IRN,13603.262,0.186,1.58365352177256,13735.489154744932
333,BOL,IRQ,12944.418,0.425,1.47544740805674,12647.926313872576
334,BOL,JOR,12137.538,0.535,1.47386206395412,11971.75933050644
335,BOL,JPN,16943.531,1.231,1.10570797336448,16876.519365517015
336,BOL,KAZ,14818.761,0.453,0.689047999939039,14490.6465327081
337,BOL,KEN,11228.827,0.401,-1.05202370272215,11356.16273821172
338,BOL,KGZ,15424.17,0.053,0.686292516937793,15237.73752138543
339,BOL,KOR,17636.619,1.109,-0.169330333590613,17489.05872218009
340,BOL,LBN,12137.837,0.131,0.596518624136012,11992.906479741046
341,BOL,LBY,10120.211,0.569,1.56673400542316,10124.561043343218
343,BOL,MAR,8543.436,0.467,1.59907253603579,8140.980839279537
345,BOL,MEX,5650.122,0.252,-1.47456135966113,6091.86887267248
346,BOL,MMR,18056.081,0.381,1.18866106576313,17886.479868110102
347,BOL,MNG,16724.523,1.206,0.909653719534772,16590.76718594428
348,BOL,MYS,17753.225,0.212,0.997448840668027,18433.747106005954
349,BOL,NGA,8563.094,0.517,-0.0367351911897047,8440.624167897262
350,BOL,NIC,4157.98,0.058,-1.53284067556718,3962.8915704791266
352,BOL,NLD,3480.502,0.987,-0.478141137772348,10195.129996354066
353,BOL,NZL,10899.859,0.851,-0.649383760104983,11378.747169802553
354,BOL,PAK,15588.818,0.452,1.47545539035845,15051.59719551733
355,BOL,PER,1480.96,0.194,-1.4141665309538,982.4453299130568
356,BOL,PHL,19189.861,0.443,-1.44136962583441,19040.706839821396
358,BOL,ROU,11579.001,0.158,-1.44208985909813,11292.391016688936
359,BOL,RUS,12544.813,0.766,-0.71441206534898,12701.263322421752
360,BOL,SGP,17713.065,0.492,0.555451611235872,17892.91425006887
361,BOL,SRB,11161.828,0.702,-1.51597310171425,10931.99084406098
362,BOL,SVK,11025.622,0.822,-1.53051373155516,10938.549001874664
363,BOL,THA,18389.781,0.073,1.50312608626248,18477.99227106677
364,BOL,TJK,15100.953,0.118,1.43443010639546,15217.048373431002
365,BOL,TUN,10038.837,0.494,1.60065334764024,9586.932984493209
366,BOL,TUR,12027.049,0.078,1.58048265951421,11942.18319463494
367,BOL,TWN,19048.501,0.811,0.515123699832167,19051.801190619342
368,BOL,UKR,12028.165,0.427,-1.55103658684206,11891.586924753083
369,BOL,URY,1975.048,1.093,-0.950996552529601,2008.105848648338
370,BOL,USA,4155.511,0.676,-1.17741394979967,7120.401161862651
371,BOL,UZB,15064.041,0.02,1.41607947003924,14407.664876070738
372,BOL,VEN,3284.995,0.303,-1.5002634593988,2651.8312880315607
373,BOL,VNM,19059.984,1.045,0.704417204499257,18823.008940704145
374,BOL,ZWE,10000.383,0.451,-1.02091299292121,9870.24670292283
375,BRA,CAN,7361.179,1.152,-1.09974540002616,9282.310887114001
376,BRA,CHL,3013.659,0.675,-1.26058822616001,3671.2151611442887
378,BRA,COL,3674.756,0.055,-1.4397629150861,3125.990189274051
379,BRA,CYP,10243.818,0.056,-0.966341733819271,10117.743021709673
380,BRA,CZE,9510.932,1.472,0.165828453212629,9327.013377300425
381,BRA,DEU,9590.439,0.995,-0.911546624355938,9034.135583316545
382,BRA,ECU,3779.574,0.047,-1.45837846718232,3378.6953186565106
383,BRA,EGY,9874.937,0.696,1.4028261117077,9530.227497780374
384,BRA,ETH,9918.449,0.649,0.560927793684837,10048.608427304569
385,BRA,GBR,8793.415,1.169,-0.363284175412006,8630.239569443002
386,BRA,GRC,9549.492,0.02,-1.52081946884509,9312.943882135587
387,BRA,GTM,5777.272,0.012,-1.5770526117957,5420.718575927179
389,BRA,IDN,16310.838,0.703,1.37425185992004,16544.99772282946
390,BRA,IND,12957.719,0.186,1.36639635842823,14495.148369031338
391,BRA,IRN,11849.285,0.316,1.69733053138704,12074.014407927541
392,BRA,IRQ,11170.326,0.556,1.58869977079354,10997.512930551718
393,BRA,JOR,10364.233,0.666,1.58705138172205,10312.257027429874
394,BRA,JPN,17677.268,1.1,1.23551432552868,17223.756412571358
395,BRA,KAZ,13399.132,0.322,0.827333720190979,13064.069722901373
396,BRA,KEN,9401.759,0.532,-0.905097415271928,9744.975538321767
397,BRA,KGZ,13824.01,0.077,0.825525813689305,13708.309134180154
398,BRA,KOR,17543.298,0.979,-0.0124807966277921,17304.679950909805
399,BRA,LBN,10387.112,0.261,0.71467538471408,10357.137798732589
400,BRA,LBY,8440.828,0.7,1.68100140865694,8466.7488129806
402,BRA,MAR,7039.91,0.597,1.71210147500077,6635.2501673869965
404,BRA,MEX,6836.137,0.121,-1.31174017398621,6988.883248530114
405,BRA,MMR,16179.474,0.511,1.30818531371954,16191.09144640601
406,BRA,MNG,15762.948,1.076,1.05262989448947,15505.389877013757
407,BRA,MYS,16403.427,0.342,1.12530291917213,17899.16994656157
408,BRA,NGA,6697.489,0.648,0.0842550466679579,6744.51630451256
409,BRA,NIC,5239.976,0.188,-1.36995459472528,4788.637972408713
411,BRA,NLD,3831.162,0.856,-0.316834644394967,8890.403956554286
412,BRA,NZL,12299.432,0.721,-0.486728486164483,12779.530255223697
413,BRA,PAK,13813.445,0.582,1.58870746753523,13374.6977564235
414,BRA,PER,3172.99,0.064,-1.5770526117957,2534.491665284044
415,BRA,PHL,18811.469,0.573,-1.31689236225926,19140.79386874705
417,BRA,ROU,10012.967,0.027,-1.54912928365137,9804.085297729947
418,BRA,RUS,11175.157,0.636,-0.5577236387208,11396.726734985954
419,BRA,SGP,16521.219,0.361,0.695529592682832,16846.641322600226
420,BRA,SRB,9627.582,0.571,-1.44523580327621,9435.318517145182
421,BRA,SVK,9569.964,0.691,-1.36762765071326,9512.215185668376
422,BRA,THA,16612.96,0.058,1.61895649270778,16824.162220311624
423,BRA,TJK,13395.966,0.248,1.55353037984455,13630.258655415191
424,BRA,TUN,8433.058,0.625,1.71374316889595,8012.629109733514
425,BRA,TUR,10364.792,0.209,1.69403812188741,10356.410025554304
426,BRA,TWN,18507.851,0.681,0.673785548532303,18380.494533866342
427,BRA,UKR,10559.322,0.296,-1.4369520297938,10445.362639682284
428,BRA,URY,2274.88,0.963,-0.788132794613982,2409.813087898855
429,BRA,USA,4230.411,0.546,-1.01570419570316,7579.892689510454
430,BRA,UZB,13411.447,0.11,1.53332393127646,12848.636835246127
431,BRA,VEN,3592.083,0.173,-1.3373773785569,2713.2362662958835
432,BRA,VNM,17186.593,0.914,0.845582205824716,17148.62356673924
433,BRA,ZWE,8335.22,0.581,-0.858026912079313,8484.810079109033
434,CAN,CHL,8784.585,0.477,-1.38254737187629,11278.549314533286
436,CAN,COL,4529.51,1.207,-1.22948786561554,6785.258979612152
437,CAN,CYP,8576.021,1.096,-1.26745535625506,8658.15385092802
438,CAN,CZE,6335.873,0.32,-0.28571398929558,6537.236061910023
439,CAN,DEU,6128.42,0.157,-1.33093496557023,6219.824086109998
440,CAN,ECU,5082.399,1.199,-1.21221925329918,7147.016538227205
441,CAN,EGY,8857.411,1.848,1.00680995069522,9434.285909576138
442,CAN,ETH,11125.483,1.801,0.0975421487000455,11680.399798449394
443,CAN,GBR,5364.611,0.017,-0.826697050819482,5436.748205768149
444,CAN,GRC,7745.266,1.172,-1.15439988633107,7791.009985934943
445,CAN,GTM,3696.298,1.164,-1.09974540002616,5125.981643320388
447,CAN,IDN,15643.895,1.855,0.973848020509978,13105.949564845852
448,CAN,IND,14785.207,1.338,0.986923991141225,10783.950413516171
449,CAN,IRN,9550.674,1.468,1.30044206313556,9515.067606187213
450,CAN,IRQ,9386.975,1.708,1.19304205195802,9151.755790012023
451,CAN,JOR,9000.664,1.818,1.19154337885476,9192.93142889743
452,CAN,JPN,10319.959,0.052,0.860232134556263,7968.130388072495
453,CAN,KAZ,8822.204,0.83,0.379886550627541,7823.288440477134
454,CAN,KEN,11846.659,1.684,-1.35306083132213,12421.574287302643
455,CAN,KGZ,9767.054,1.229,0.376320909629573,8669.362038819714
456,CAN,KOR,10513.663,0.173,-0.454078496391234,8335.657122118027
457,CAN,LBN,8814.277,1.413,0.310530751398432,8832.164497687168
458,CAN,LBY,7397.558,1.852,1.28279376598777,8926.846298385295
460,CAN,MAR,5842.826,1.749,1.31663489150857,7237.559871905842
462,CAN,MEX,3603.141,1.031,-1.34297777356043,4048.079503233563
463,CAN,MMR,12719.731,1.663,0.957705134633805,10768.142807504175
464,CAN,MNG,9633.038,0.076,0.634785704284172,7959.195918748783
465,CAN,MYS,14605.999,1.494,0.691952868763388,12374.891705673645
466,CAN,NGA,8762.952,1.8,-0.322514676925726,10133.920846108515
467,CAN,NIC,3834.239,1.34,-1.29272709458668,5475.217638495384
469,CAN,NLD,3766.937,0.296,-0.782647421661629,5926.272028065883
470,CAN,NZL,14484.569,0.431,-0.933258226891754,13525.19231998249
471,CAN,PAK,10673.577,1.734,1.19292770039967,10008.103431207588
472,CAN,PER,6391.812,1.088,-1.09974540002616,8549.838423922796
473,CAN,PHL,13133.127,1.725,-1.34233096531367,11150.30665126542
475,CAN,ROU,7412.744,1.125,-1.12649591802601,7282.752859125344
476,CAN,RUS,7158.015,0.516,-1.0272286823414,6513.692299979212
477,CAN,SGP,14822.094,0.791,0.273271756034934,12805.31697017199
478,CAN,SRB,7045.234,0.581,-1.22877197454564,7289.241287537886
479,CAN,SVK,6616.182,0.461,-1.29478173830247,6780.902927027069
480,CAN,THA,13424.684,1.21,1.27710713833079,11340.482636333141
481,CAN,TJK,10025.661,1.4,1.14465136170357,9048.154972031838
482,CAN,TUN,6911.567,1.777,1.31816980413046,7832.347243930946
483,CAN,TUR,8161.216,1.361,1.29736190409064,8242.670553877693
484,CAN,TWN,11989.664,0.471,0.224588203716935,9907.467769963738
485,CAN,UKR,7216.846,0.856,-1.23222494638152,7102.487006452858
486,CAN,URY,9139.261,0.189,-1.22144105222266,11185.590268237058
487,CAN,USA,3170.405,0.606,-1.44075247459526,2331.6514956686756
488,CAN,UZB,9760.722,1.262,1.12841285202229,8598.740292170523
489,CAN,VEN,3975.239,0.979,-1.3210676173103,6676.747303531746
490,CAN,VNM,12624.518,0.238,0.440768799312743,10564.204970405026
491,CAN,ZWE,12701.32,1.733,-1.28446773870915,14059.645085154438
493,CHL,COL,4258.268,0.73,-1.39787792286961,4618.197037079003
494,CHL,CYP,13218.759,0.619,-1.13908614125973,13527.65234829851
495,CHL,CZE,12472.92,0.797,-0.150635932423063,12995.856166112704
496,CHL,DEU,12525.195,0.32,-1.22801100999163,12705.038528646217
497,CHL,ECU,3784.489,0.722,-1.37926237077339,4145.8247243060605
498,CHL,EGY,12805.523,1.371,1.18666144600614,12744.374212573908
499,CHL,ETH,12352.519,1.324,0.27564641603544,12425.871315953835
500,CHL,GBR,11675.136,0.494,-0.677605219843491,12267.094630652187
501,CHL,GRC,12557.631,0.695,-1.31076236070455,12879.531734880055
502,CHL,GTM,5744.927,0.687,-1.26058822616001,6205.062060095913
504,CHL,IDN,15601.599,1.378,1.15528900148107,15626.34476262024
505,CHL,IND,14040.044,0.861,1.13216384268186,16821.032625872605
506,CHL,IRN,14785.594,0.991,1.48055182000796,15237.932923871807
507,CHL,IRQ,14093.437,1.231,1.37292509561366,14282.40536301496
508,CHL,JOR,13298.949,1.341,1.3714058325362,13587.851837872351
509,CHL,JPN,17229.707,0.425,0.986780383058059,17292.02042119693
510,CHL,KAZ,16388.972,0.353,0.561839338605723,16693.319484923995
511,CHL,KEN,11541.056,1.207,-1.17900913040237,11800.887692615537
512,CHL,KGZ,16829.454,0.752,0.558083047496679,17178.604410590448
513,CHL,KOR,18356.433,0.304,-0.315814611707567,18198.702017594816
514,CHL,LBN,13344.313,0.936,0.490689529544201,13726.476345724697
515,CHL,LBY,11447.195,1.375,1.4630585528188,11822.392956113801
517,CHL,MAR,10030.518,1.272,1.49660437777395,10279.30939265296
519,CHL,MEX,6609.757,0.554,-1.52564873843646,7577.481396548694
520,CHL,MMR,18005.325,1.186,1.080191115475,17849.391865850816
521,CHL,MNG,18393.43,0.401,0.777217970972648,19095.553395962284
522,CHL,MYS,16556.042,1.017,0.88069931727582,16004.692805577224
523,CHL,NGA,9487.74,1.323,-0.143194318654124,9779.681204249177
524,CHL,NIC,5330.418,0.863,-1.46768624323042,5805.190428324553
526,CHL,NLD,5075.755,0.181,-0.62973487078709,12555.147073760245
527,CHL,NZL,9347.865,0.046,-0.802655573324075,9108.691894183361
528,CHL,PAK,16671.128,1.257,1.37293335532823,16295.51933486378
529,CHL,PER,2466.306,0.611,-1.26058822616001,2799.933093349747
530,CHL,PHL,17613.038,1.248,-1.4336856651878,16676.817973862562
532,CHL,ROU,13024.938,0.648,-1.28851155430433,13432.258003602525
533,CHL,RUS,14129.91,0.039,-0.859613846853731,15066.443454557499
534,CHL,SGP,16392.583,0.314,0.426539420307003,15905.78351203409
535,CHL,SRB,12634.101,0.104,-1.37838827623567,13061.1317198041
536,CHL,SVK,12553.92,0.016,-1.47001318724245,13173.43413774299
537,CHL,THA,17650.449,0.733,1.39795509037607,17409.95296955236
538,CHL,TJK,16352.496,0.923,1.32603363573009,16966.163419799093
539,CHL,TUN,11446.504,1.299,1.49812165371253,11577.704526420703
540,CHL,TUR,13369.839,0.884,1.47750792298543,13853.726855691439
541,CHL,TWN,18508.655,0.006,0.366168566201923,17974.757061460365
542,CHL,UKR,13551.703,0.379,-1.39982255906178,14093.332069144979
543,CHL,URY,1342.167,0.288,-1.1045397143492,1585.0546959775952
544,CHL,USA,5792.025,0.129,-1.32847225017905,9011.89932584329
545,CHL,UZB,16401.507,0.785,1.30959435637014,16309.761972501103
546,CHL,VEN,4901.335,0.502,-1.5002634593988,5103.968237520655
547,CHL,VNM,18592.133,0.24,0.574132560626693,18174.31229753526
548,CHL,ZWE,9959.099,1.256,-1.174491297715,9737.046142668276
605,COL,CYP,11270.048,0.111,-1.05764868409504,11261.20872799194
606,COL,CZE,9501.98,1.527,0.0285387565030272,9617.073131730947
607,COL,DEU,9421.023,1.05,-1.04883632106554,9215.948950443839
608,COL,ECU,736.64,0.008,-1.55843705969948,758.8625329236353
609,COL,EGY,11204.72,0.641,1.30677464380986,11094.337160133196
610,COL,ETH,12408.895,0.594,0.436021606626957,12396.641351483046
611,COL,GBR,8493.767,1.224,-0.49979816010799,8486.61167100754
612,COL,GRC,10365.032,0.036,-1.48786658188532,10188.396147025009
613,COL,GTM,2110.999,0.043,-1.4397629150861,2295.2417532508593
615,COL,IDN,19825.19,0.648,1.27701512678443,19404.59341094063
616,COL,IND,16296.937,0.131,1.26282311518222,15857.38989878127
617,COL,IRN,12782.761,0.261,1.60123349141134,13271.267427305136
618,COL,IRQ,12298.07,0.5,1.49294856814895,12219.142971808222
619,COL,JOR,11589.587,0.61,1.49135285516306,11662.107967992582
620,COL,JPN,14306.102,1.156,1.12586890083064,14530.654747100334
621,COL,KAZ,12990.366,0.378,0.71056414103635,13125.50928952628
622,COL,KEN,12334.098,0.477,-1.02953302014498,12343.5372532595
623,COL,KGZ,13856.52,0.022,0.707964939695489,14037.899797137088
624,COL,KOR,14835.901,1.034,-0.144771788539465,15072.235695063548
625,COL,LBN,11495.381,0.206,0.614706316766863,11540.377149116171
626,COL,LBY,9466.124,0.644,1.5844080610053,9957.07228285845
628,COL,MAR,7624.525,0.542,1.616548979362,7546.933238074917
630,COL,MEX,3170.555,0.177,-1.44898610294212,3870.335218110764
631,COL,MMR,17088.327,0.456,1.20715218618282,16992.82459886077
632,COL,MNG,14162.115,1.131,0.931960674207791,14518.984632428459
633,COL,MYS,19020.804,0.287,1.01728021513358,18996.302580533684
634,COL,NGA,9004.923,0.593,-0.0182276251614033,8924.55430818925
635,COL,NIC,1572.532,0.133,-1.50724429143489,1667.3599915520185
637,COL,NLD,1043.533,0.912,-0.45282313961347,8951.337775092461
638,COL,NZL,12111.995,0.776,-0.623828865713158,12287.239656943711
639,COL,PAK,14523.531,0.527,1.49295650494605,14552.308336511649
640,COL,PER,1892.529,0.119,-1.4397629150861,1818.2657737730788
641,COL,PHL,17302.279,0.518,-1.42659089331824,17644.712125509985
643,COL,ROU,10442.266,0.082,-1.46768624323042,10368.40174046942
644,COL,RUS,10897.574,0.691,-0.689937441692532,11260.880748060537
645,COL,SGP,19310.084,0.417,0.577251457682198,19390.915301548812
646,COL,SRB,9997.519,0.627,-1.52846459436643,10061.374903081858
647,COL,SVK,9705.726,0.746,-1.50491734742286,9888.572131795949
648,COL,THA,17877.363,0.002,1.52104767173305,17827.35741411325
649,COL,TJK,13871.521,0.193,1.45287600997528,14204.699985568725
650,COL,TUN,9182.488,0.569,1.61813978549397,9076.48476848905
651,COL,TUR,11095.722,0.153,1.59804266791135,11272.109088096462
652,COL,TWN,16303.662,0.736,0.540013787372665,16646.91977332698
653,COL,UKR,10624.121,0.352,-1.56518747887134,10809.622301134725
654,COL,URY,4781.247,1.018,-0.925404415279036,4427.54233941177
655,COL,USA,1812.914,0.601,-1.1520619119093,4708.9082053229695
656,COL,UZB,13687.832,0.055,1.43422242937133,13399.602589498134
657,COL,VEN,1020.214,0.228,-1.47466707526651,1039.481919025662
658,COL,VNM,17152.916,0.97,0.72641041003295,17220.98234943131
659,COL,ZWE,11764.537,0.526,-0.995316608788915,11506.488620636399
660,CYP,CZE,2254.312,1.416,-0.212732971855411,2198.776828793283
661,CYP,DEU,2489.984,0.939,-1.10344661529187,2589.502518983555
662,CYP,ECU,11993.603,0.103,-1.04642773617671,12015.7127166854
663,CYP,EGY,602.905,0.752,0.792330634016782,1030.8261446596516
664,CYP,ETH,2956.713,0.705,-0.0012458519609251,3051.151699547587
665,CYP,GBR,3214.75,1.113,-0.755325024817957,3468.5929012835095
666,CYP,GRC,915.232,0.076,-1.0192603001332,1126.3263478034096
667,CYP,GTM,11919.791,0.068,-0.966341733819271,11883.33464768235
669,CYP,IDN,8921.811,0.759,0.763747817452027,8153.99977509472
670,CYP,IND,6246.292,0.242,1.02742566649907,4664.921541736095
671,CYP,IRN,1634.068,0.372,1.08684708082667,2043.562786183317
672,CYP,IRQ,1033.646,0.611,0.978276269441023,959.2750830721718
673,CYP,JOR,429.452,0.722,0.976638839525363,550.568419859001
674,CYP,JPN,9056.609,1.044,0.92589343065317,8969.7319306933
675,CYP,KAZ,3508.121,0.266,0.235748786031043,3294.502826306182
676,CYP,KEN,4068.911,0.588,-1.33662174810881,3853.7889133288513
677,CYP,KGZ,3625.021,0.133,0.235875725116595,3658.031580072878
678,CYP,KOR,7997.833,0.923,-0.361984478373139,8189.815846080435
679,CYP,LBN,242.84,0.317,0.104154372227053,280.22023495873157
680,CYP,LBY,1875.612,0.756,1.07043400961493,1705.755210044021
682,CYP,MAR,3655.747,0.653,1.10173196477256,3736.0008294201252
684,CYP,MEX,12144.71,0.065,-1.12146454662824,11958.2596013478
685,CYP,MMR,6315.735,0.567,1.01596604400358,6221.009317847694
686,CYP,MNG,6044.165,1.02,0.68189353185869,5935.409696545451
687,CYP,MYS,7843.067,0.398,0.533966590896952,9003.826500950629
688,CYP,NGA,3911.286,0.704,-0.524962504035366,3843.3628287494284
689,CYP,NIC,11775.566,0.244,-1.09562819644433,11630.211166384064
691,CYP,NLD,10263.132,0.8,-0.732105949274338,2913.0430606030077
692,CYP,NZL,16605.454,0.665,-0.806493262194919,16442.305565234725
693,CYP,PAK,3619.058,0.638,0.97828580479386,3378.72551091819
694,CYP,PER,12623.562,0.008,-0.966341733819271,12275.880245153381
695,CYP,PHL,8865.366,0.629,-1.2078009823281,9242.198766884952
697,CYP,ROU,1201.305,0.029,-0.98635247752548,1384.0487959840634
698,CYP,RUS,2310.999,0.58,-1.01085878923965,2733.185027242736
699,CYP,SGP,8160.054,0.305,0.2960795047204,8171.876070877554
700,CYP,SRB,1531.216,0.515,-1.08538966056081,1471.831962459766
701,CYP,SVK,1968.176,0.635,-1.09677114223428,1920.6011423721304
702,CYP,THA,7067.68,0.114,1.33043390148754,7042.531263210537
703,CYP,TJK,3152.254,0.304,0.943019158777321,3520.6008600562445
704,CYP,TUN,2089.264,0.68,1.10336165988803,2210.471784877905
705,CYP,TUR,531.117,0.265,1.08357663683445,508.71502085015834
706,CYP,TWN,8281.535,0.625,0.290209406620494,8340.683282053358
707,CYP,UKR,1712.356,0.24,-1.05889071718812,1648.7432117926273
708,CYP,URY,12108.07,0.907,-1.03467495608795,11948.721749036213
709,CYP,USA,9565.455,0.49,-1.1863130490883,10306.588886650516
710,CYP,UZB,3183.283,0.166,0.922666925433508,2784.8085677640956
711,CYP,VEN,10250.491,0.117,-1.11082686212177,10244.717831618027
712,CYP,VNM,7130.474,0.859,0.510484643266029,7081.184024806687
713,CYP,ZWE,5897.395,0.637,-1.07622419747799,5994.360661237564
714,CZE,DEU,281.321,0.477,-0.499677534227134,421.09735891282526
715,CZE,ECU,10238.185,1.519,0.0471543085992446,10370.064190904739
716,CZE,EGY,2632.158,2.168,0.550864849682818,2897.566410183117
717,CZE,ETH,5082.585,2.121,-0.689867252132242,5146.942747674504
718,CZE,GBR,1033.11,0.303,-1.02826369697581,1290.9162136683046
719,CZE,GRC,1532.959,1.492,0.11479571479366,1258.4322857979575
720,CZE,GTM,9797.42,1.484,0.165828453212629,9832.753920418618
722,CZE,IDN,10700.739,2.175,0.50677349760371,9839.194577411652
723,CZE,IND,8460.082,1.658,0.387132117476166,6253.385999614951
724,CZE,IRN,3361.48,1.788,0.799509202954886,3796.0603083887936
725,CZE,IRQ,3070.875,2.027,0.712150629117901,2949.9940894639776
726,CZE,JOR,2683.383,2.138,0.711643214532184,2749.324744361546
727,CZE,JPN,9072.369,0.372,0.164114246228148,8937.713034475852
728,CZE,KAZ,3919.203,1.15,-0.302651847082996,3770.398382279274
729,CZE,KEN,6095.058,2.004,-0.4266288126751,5888.015007597579
730,CZE,KGZ,4546.34,1.549,-0.322121976388704,4554.292009738704
731,CZE,KOR,8248.307,0.493,-1.11525534424557,8377.838190226821
732,CZE,LBN,2487.267,1.733,-0.0406985110407858,2427.122202748847
733,CZE,LBY,1915.539,2.172,0.776960364200599,2594.35262521269
735,CZE,MAR,2488.626,2.069,0.821510889756222,2757.1705635146664
737,CZE,MEX,9925.691,1.351,-0.0994358352191233,9774.531545625712
738,CZE,MMR,7746.369,1.983,0.385416700874315,7518.351506604627
739,CZE,MNG,6290.262,0.396,-0.219963383029363,6223.333458702001
740,CZE,MYS,9539.647,1.814,0.107442714825375,10396.165704869785
741,CZE,NGA,4603.897,2.12,-0.40706247832813,4555.55713601816
742,CZE,NIC,9724.213,1.66,-0.0412695638577871,9664.953796192143
744,CZE,NLD,8459.688,0.616,-1.0573568724027,736.6344385283588
745,CZE,NZL,18209.153,0.751,-0.920994692167553,17920.20288627812
746,CZE,PAK,5034.479,2.054,0.712161272974627,4965.550306967746
747,CZE,PER,11139.615,1.408,0.165828453212629,10985.185155594323
748,CZE,PHL,9899.55,2.045,-0.0623907912482536,10244.718830067393
750,CZE,ROU,1077.442,1.445,0.137905125068303,851.2459259598446
751,CZE,RUS,1664.228,0.836,-0.778598808361735,2104.2024523777236
752,CZE,SGP,9854.151,1.111,-0.429935295315552,9779.527634380416
753,CZE,SRB,738.634,0.901,0.0431689446698928,753.7147616849134
754,CZE,SVK,288.503,0.781,-0.0435965078698141,295.2275371867463
755,CZE,THA,8560.188,1.53,0.701017256960574,8394.705342686071
756,CZE,TJK,4400.309,1.72,0.597116415331345,4631.974338585105
757,CZE,TUN,1516.082,2.096,0.822071803733696,1874.9348293296225
758,CZE,TUR,1826.341,1.681,0.798387984302306,1905.237745612336
759,CZE,TWN,9022.475,0.791,-0.908502523436941,9053.700797737483
760,CZE,UKR,1139.517,1.176,0.0262540279006002,1200.6567833076692
761,CZE,URY,11707.52,0.509,-0.622934626087069,11572.162930393844
762,CZE,USA,7705.695,0.926,-0.391276555694131,8107.900601192284
763,CZE,UZB,4263.317,1.582,0.607263750432201,3807.535130883697
764,CZE,VEN,8499.418,1.299,-0.0738467800261672,8679.920971588512
765,CZE,VNM,8326.571,0.557,-0.345178033917076,8180.613382042646
766,CZE,ZWE,7723.445,2.053,-0.553197246503758,7782.575125281019
767,DEU,ECU,10155.5,1.042,-1.03022076896932,9966.944828246831
768,DEU,EGY,2892.06,1.691,0.972660121419283,3224.2425035287483
769,DEU,ETH,5348.296,1.644,-0.0249181609536162,5484.203028810248
770,DEU,GBR,928.173,0.174,-1.0214536129795,880.8941891958731
771,DEU,GRC,1803.529,1.015,-0.962298841496676,1582.0250402816077
772,DEU,GTM,9633.605,1.007,-0.911546624355938,9412.198264724344
774,DEU,IDN,10782.769,1.698,0.937974529053866,10245.063810990558
775,DEU,IND,8659.48,1.181,0.895154296237939,6661.555605983639
776,DEU,IRN,3506.056,1.311,1.26324540827105,4216.7647648605225
777,DEU,IRQ,3261.288,1.55,1.15775905900013,3365.4820906632003
778,DEU,JOR,2919.357,1.661,1.15641734395495,3138.7098319379647
779,DEU,JPN,8919.867,0.105,0.731750805484188,9114.904973531698
780,DEU,KAZ,3881.854,0.672,0.28755566257506,4107.942888263056
781,DEU,KEN,6369.588,1.527,-1.31729852930633,6202.662832328895
782,DEU,KGZ,4558.753,1.072,0.281061357337825,4920.346087946671
783,DEU,KOR,8128.633,0.016,-0.640244488452151,8599.622511442782
784,DEU,LBN,2717.99,1.256,0.27520797656543,2827.0729709861785
785,DEU,LBY,2183.946,1.695,1.24440514521989,2795.0822971421553
787,DEU,MAR,2610.164,1.592,1.28080317033723,2554.6910109139126
789,DEU,MEX,9726.423,0.874,-1.17679118515306,9372.231983463584
790,DEU,MMR,7788.18,1.506,0.851835579700282,7897.501800942478
791,DEU,MNG,6189.697,0.081,0.487151340893599,6489.268552238448
792,DEU,MYS,9612.882,1.337,0.632183130730307,10771.6375663447
793,DEU,NGA,4859.43,1.643,-0.347509840240996,4621.32911838877
794,DEU,NIC,9580.175,1.183,-1.11864464142635,9244.31113968842
796,DEU,NLD,8377.508,0.138,-0.970541004754253,323.89908686340556
797,DEU,NZL,18139.096,0.274,-1.15018045664064,18208.33164378236
798,DEU,PAK,5103.752,1.577,1.15776796855998,5378.190619538359
799,DEU,PER,11098.114,0.931,-0.911546624355938,10614.598623857244
800,DEU,PHL,9865.578,1.568,-1.12887570446021,10571.814934855824
802,DEU,ROU,1294.852,0.968,-0.939469952500264,1267.6844712480492
803,DEU,RUS,1608.031,0.359,-1.16629590955215,2363.815114121014
804,DEU,SGP,9925.042,0.633,0.14863956603486,10179.056634550787
805,DEU,SRB,1000.381,0.423,-1.03288094582284,1120.9854543406918
806,DEU,SVK,552.843,0.304,-1.12097158543838,715.5295379009111
807,DEU,THA,8605.359,1.053,1.17590311116358,8774.929476946278
808,DEU,TJK,4458.383,1.243,1.09619592546811,5016.058543009588
809,DEU,TUN,1765.982,1.619,1.28215090398519,1921.6031021218787
810,DEU,TUR,2037.966,1.204,1.26054088324779,2318.843215675333
811,DEU,TWN,8956.144,0.314,0.0308724355053257,9349.682593880078
812,DEU,UKR,1205.238,0.699,-1.0510345781671,1593.7100758049316
813,DEU,URY,11810.032,0.032,-1.45317698729637,11320.737630144373
814,DEU,USA,7615.81,0.449,-1.45587265967483,7721.6860036638145
815,DEU,UZB,4302.528,1.105,1.08474961815526,4195.411421205106
816,DEU,VEN,8427.538,0.822,-1.15122185759473,8289.266572578728
817,DEU,VNM,8328.545,0.08,0.291239997694869,8534.351340094956
818,DEU,ZWE,8004.608,1.576,-1.52353289951908,8017.677596581063
819,ECU,EGY,11911.491,0.649,1.3196038985729,11825.404886510323
820,ECU,ETH,12995.811,0.602,0.452864302542895,13029.601669033887
821,ECU,GBR,9228.628,1.216,-0.481299148582721,9227.006090930694
822,ECU,GRC,11091.611,0.028,-1.50567192114734,10946.246697317327
823,ECU,GTM,2114.439,0.035,-1.45837846718232,2257.190720596519
825,ECU,IDN,19091.24,0.656,1.29000776857321,19768.793009577912
826,ECU,IND,16681.407,0.139,1.27670017821318,16615.13941066639
827,ECU,IRN,13516.659,0.269,1.61408704992045,14029.351388493264
828,ECU,IRQ,13023.75,0.508,1.50574776814812,12974.2268162066
829,ECU,JOR,12305.753,0.618,1.50414462510552,12410.081402672744
830,ECU,JPN,14433.334,1.148,1.14058887623726,14607.206492142339
831,ECU,KAZ,13686.094,0.37,0.726264664231644,13835.195400727365
832,ECU,KEN,12821.62,0.485,-1.01300983099511,12909.884060747761
833,ECU,KGZ,14567.769,0.03,0.723777336354699,14757.421608587862
834,ECU,KOR,15110.63,1.026,-0.12688848309516,15262.845395715236
835,ECU,LBN,12216.752,0.214,0.62802612936704,12294.527393192962
836,ECU,LBY,10176.769,0.652,1.59732974898036,10686.411857077133
838,ECU,MAR,8342.55,0.55,1.62932763313609,8295.302703122308
840,ECU,MEX,3135.852,0.169,-1.43038128640219,3822.8275393038066
841,ECU,MMR,17763.274,0.464,1.22067060117557,17664.288823262024
842,ECU,MNG,14685.422,1.123,0.948223107028065,15035.167992599345
843,ECU,MYS,19686.31,0.295,1.03176608667677,18671.242075052192
844,ECU,NGA,9575.513,0.601,-0.0046426861778181,9558.104742397965
845,ECU,NIC,1617.875,0.141,-1.48862873933867,1725.0617499232078
847,ECU,NLD,1778.688,0.904,-0.434402258846603,9698.850966279684
848,ECU,NZL,11378.949,0.768,-0.605242116320972,11528.54164702751
849,ECU,PAK,15256.375,0.535,1.50575567199324,15310.773261280443
850,ECU,PER,1325.133,0.111,-1.45837846718232,1427.1867747105252
851,ECU,PHL,17343.082,0.526,-1.41414991077307,17481.47525273437
853,ECU,ROU,11178.041,0.074,-1.48630179532664,11125.799123615836
854,ECU,RUS,11622.449,0.683,-0.67209873039176,11977.164769892694
855,ECU,SGP,19728.45,0.409,0.59315797051392,19791.84585996429
856,ECU,SRB,10733.174,0.619,-1.53028161599933,10819.9160275074
857,ECU,SVK,10442.365,0.738,-1.48630179532664,10643.130857922284
858,ECU,THA,18506.755,0.01,1.53414898009288,18433.96807609511
859,ECU,TJK,14602.276,0.201,1.46635620723697,14940.941938936776
860,ECU,TUN,9904.675,0.577,1.63092560546771,9825.922369822876
861,ECU,TUR,11828.121,0.162,1.61088191585177,12030.74135158933
862,ECU,TWN,16516.26,0.728,0.558126158778019,16787.584780179313
863,ECU,UKR,11359.151,0.344,-1.55309525688908,11560.187798817258
864,ECU,URY,4494.622,1.01,-0.906791748107124,4220.433349710548
865,ECU,USA,2542.209,0.593,-1.13360643292181,4943.918157957727
866,ECU,UZB,14413.15,0.063,1.44748501099892,14142.738806322619
867,ECU,VEN,1752.024,0.22,-1.45605152317029,1775.950428934422
868,ECU,VNM,17653.373,0.962,0.742451902495926,17707.710465964385
869,ECU,ZWE,12063.168,0.534,-0.976701056692697,11861.635798590713
870,EGY,ETH,2462.31,0.047,-0.333042575353044,2261.243212829664
871,EGY,GBR,3508.408,1.865,0.60130008886272,4058.17294399739
872,EGY,GRC,1120.666,0.677,1.35011902167055,1644.382735924719
873,EGY,GTM,12046.428,0.684,1.4028261117077,12073.364368840086
875,EGY,IDN,8979.704,0.007,-1.5007941440737,8310.410797053702
876,EGY,IND,6043.166,0.511,1.01843830493775,5037.4572477844185
877,EGY,IRN,1981.262,0.38,-1.28243907677941,2555.257007500958
878,EGY,IRQ,1295.48,0.141,-1.3906354934387,1538.3424344855339
879,EGY,JOR,493.498,0.031,-1.39216669607781,849.6116707894856
880,EGY,JPN,9567.783,1.797,1.09903720662976,9852.168620783652
881,EGY,KAZ,4049.931,1.019,-0.714245744761741,4217.3007683483975
882,EGY,KEN,3533.483,0.164,0.794655892736586,2991.330595673057
883,EGY,KGZ,4078.525,0.619,-0.691681757661273,4441.716515787148
884,EGY,KOR,8485.27,1.675,0.639920627534559,9030.837637924655
885,EGY,LBN,583.979,0.435,-0.878934504899938,1084.3063668072969
886,EGY,LBY,1741.142,0.003,-1.29849884916609,1139.5008135505298
888,EGY,MAR,3595.056,0.099,-1.26707956235267,3599.890793221152
890,EGY,MEX,12369.215,0.818,1.22032704944155,12402.575829019299
891,EGY,MMR,6554.189,0.185,1.21156819877073,6694.441712952239
892,EGY,MNG,6558.259,1.772,0.734785879727923,6804.272916578093
893,EGY,MYS,7953.16,0.354,-0.851310892801708,9323.975526930502
894,EGY,NGA,3392.298,0.049,-0.24675274209699,2967.598425281235
895,EGY,NIC,11852.371,0.508,1.25923633529032,11726.078505657226
897,EGY,NLD,10228.345,1.553,0.541388066405002,3530.9532523216094
898,EGY,NZL,16522.195,1.417,0.757774531651551,16310.180796857321
899,EGY,PAK,3941.435,0.114,-1.39050483230625,3845.631951605936
900,EGY,PER,12424.542,0.76,1.4028261117077,11855.87130732667
901,EGY,PHL,9174.915,0.123,1.15671544972496,9756.881284535182
903,EGY,ROU,1661.789,0.724,1.38302688179525,2209.578092881498
904,EGY,RUS,2901.309,1.332,0.582459250432961,3759.8644982827072
905,EGY,SGP,8265.969,1.058,0.497550761788949,8383.16534412256
906,EGY,SRB,1893.918,1.268,1.28288653826114,2147.9254711106405
907,EGY,SVK,2344.631,1.387,1.25766760210963,2664.004775717946
908,EGY,THA,7269.702,0.639,1.40589266797287,7453.442341116399
909,EGY,TJK,3546.978,0.448,-1.36983697365414,4231.110807922695
910,EGY,TUN,2088.891,0.072,-1.26546794426293,2133.7152938387044
911,EGY,TUR,1108.413,0.488,-1.2857660615086,1537.1624264948168
912,EGY,TWN,8671.521,1.377,0.57536305247073,9005.489431970833
913,EGY,UKR,2266.971,0.993,1.3051707290449,2627.586039787099
914,EGY,URY,11644.83,1.659,0.904377614582768,11159.80399756942
915,EGY,USA,9566.293,1.242,0.998152261980545,10869.423541413204
916,EGY,UZB,3619.589,0.586,-1.4154346656048,3590.516641470817
917,EGY,VEN,10193.211,0.869,1.23736957715768,10056.16999987514
918,EGY,VNM,7425.676,1.611,0.823227076421242,7621.736240501046
919,EGY,ZWE,5322.953,0.115,0.94251633229204,5014.915515751679
920,ETH,GBR,5891.037,1.818,-0.52013578843392,6318.140394613186
921,ETH,GRC,3551.325,0.629,0.504698920782635,3902.536918817054
922,ETH,GTM,13830.033,0.637,0.560927793684837,13898.034810284727
924,ETH,IDN,7735.957,0.054,-0.377050946390583,7032.670202120568
925,ETH,IND,4152.123,0.463,0.399569564893462,4595.234726367576
926,ETH,IRN,3233.794,0.333,-0.0876611994517599,3143.0731013619875
927,ETH,IRQ,2764.524,0.094,-0.17463876381209,2819.5820829112
928,ETH,JOR,2564.558,0.017,-0.175111811601343,2547.7964863939737
929,ETH,JPN,10404.169,1.749,0.318362914859125,10310.552592110353
930,ETH,KAZ,5556.58,0.971,-1.18966011012913,5331.655398023052
931,ETH,KEN,1165.187,0.117,-0.11075288679425,842.3807660238175
932,ETH,KGZ,5128.745,0.572,-1.20838800488358,5107.497824059511
933,ETH,KOR,9246.59,1.628,-0.528726241369061,9393.461435652835
934,ETH,LBN,2781.41,0.388,-0.855324752102393,2919.5237557882956
935,ETH,LBY,3728.049,0.051,-0.110189851544409,3037.0091659867976
937,ETH,MAR,5403.741,0.052,-0.0656706801243738,5449.595647850107
939,ETH,MEX,14416.231,0.77,0.321130482845031,14519.86399126561
940,ETH,MMR,6264.944,0.138,0.506653966568599,6245.900511489891
941,ETH,MNG,7646.429,1.725,-0.114757596517018,7451.302787915618
942,ETH,MYS,6988.347,0.307,-0.70259212950972,8289.64789613
943,ETH,NGA,3421.68,0.001,-0.859368604108654,3473.771725893154
944,ETH,NIC,13492.647,0.461,0.37314860025763,13430.367987226606
946,ETH,NLD,11609.476,1.506,-0.583112429831765,5792.119149808683
947,ETH,NZL,14415.824,1.37,-0.353341096332654,14229.668352123048
948,ETH,PAK,4452.699,0.067,-0.174621389584746,3881.064849726472
949,ETH,PER,12998.245,0.713,0.560927793684837,12578.394823393854
950,ETH,PHL,8931.396,0.076,0.301125656306991,9117.95480466049
952,ETH,ROU,4119.424,0.676,0.535398632323117,4404.9620101444625
953,ETH,RUS,5195.923,1.285,-0.433518834235548,5604.400583279665
954,ETH,SGP,7257.023,1.011,-0.376058668810765,7204.337889771324
955,ETH,SRB,4347.952,1.22,0.429312948133784,4393.528698728566
956,ETH,SVK,4797.373,1.34,0.371060968269977,4899.511841133874
957,ETH,THA,6742.61,0.591,0.783526289788077,6777.705978767695
958,ETH,TJK,4445.926,0.401,-0.289470149919919,4744.283744284802
959,ETH,TUN,4216.601,0.025,-0.0651101080599466,4200.029936288044
960,ETH,TUR,3484.214,0.44,-0.088781351773573,3511.665979309445
961,ETH,TWN,8865.808,1.33,-0.557357177073167,8817.236018238751
962,ETH,UKR,4664.8,0.945,0.433952124356056,4680.7796825237365
963,ETH,URY,11021.577,1.612,-0.125873236322601,10961.917974192549
964,ETH,USA,11105.499,1.195,0.0416325990294079,13093.190588089603
965,ETH,UZB,4677.34,0.539,-0.279767238286262,4472.84232006692
966,ETH,VEN,11499.982,0.822,0.343971798236069,11388.101647257161
967,ETH,VNM,7286.119,1.564,-0.113081163538907,7235.6598127850475
968,ETH,ZWE,3102.142,0.068,-0.0691569827998806,3160.0251361638884
969,GBR,GRC,2388.804,1.189,-0.416306323105461,2432.3986921032943
970,GBR,GTM,8770.759,1.181,-0.363284175412006,8554.515763861347
972,GBR,IDN,11709.875,1.872,0.561101270363938,10995.402546951273
973,GBR,IND,9456.145,1.355,0.546561420514066,7432.7103999163255
974,GBR,IRN,4394.585,1.485,0.880250945928027,5059.356808459871
975,GBR,IRQ,4087.864,1.724,0.780344955374578,4240.794090151471
976,GBR,JOR,3637.186,1.835,0.779323769316098,4016.914429956452
977,GBR,JPN,9560.763,0.069,0.397341213788222,9263.231936010352
978,GBR,KAZ,4763.562,0.846,-0.169213023160169,4703.655929559254
979,GBR,KEN,6816.354,1.701,-0.973279018141828,7008.66577556582
980,GBR,KGZ,5474.492,1.246,-0.180401508710894,5574.673036370967
981,GBR,KOR,8857.529,0.19,-1.05951808269537,8857.059756560804
982,GBR,LBN,3454.876,1.43,-0.0739386358857748,3707.8706919852716
983,GBR,LBY,2332.257,1.869,0.859561119402815,3497.01620392533
985,GBR,MAR,2017.948,1.766,0.899918901396195,2561.668870381746
987,GBR,MEX,8932.142,1.048,-0.626901219550381,8491.554693768127
988,GBR,MMR,8712.85,1.68,0.562073492283369,8565.657978314184
989,GBR,MNG,6969.733,0.093,0.0768972226218484,6878.547015786132
990,GBR,MYS,10540.892,1.511,0.213335370808334,11411.71759470423
991,GBR,NGA,4767.801,1.817,-0.620313515199783,5072.032654407697
992,GBR,NIC,8691.492,1.357,-0.569131232687399,8410.673200348247
994,GBR,NLD,7450.318,0.312,-1.51070409683309,557.1380133597569
995,GBR,NZL,18815.125,0.448,-1.39906040687138,18342.773277401404
996,GBR,PAK,6031.697,1.751,0.780258820656048,6171.921407344084
997,GBR,PER,10173.979,1.105,-0.363284175412006,9981.42889391009
998,GBR,PHL,10731.859,1.742,-0.601449594754279,11071.193960488154
1000,GBR,ROU,2087.639,1.142,-0.39106423942932,2142.146034770585
1001,GBR,RUS,2496.892,0.533,-1.31356280426044,2857.2099193840872
1002,GBR,SGP,10853.177,0.807,-0.24072612502841,10904.703821790876
1003,GBR,SRB,1689.183,0.597,-0.489901480622909,1997.5460258954618
1004,GBR,SVK,1285.365,0.478,-0.571441202613296,1585.0823193370488
1005,GBR,THA,9530.648,1.227,0.888580381749927,9441.448424272672
1006,GBR,TJK,5386.496,1.417,0.695839310383099,5718.343603545155
1007,GBR,TUN,1823.978,1.793,0.900986534026102,2462.1497117681506
1008,GBR,TUR,2830.891,1.378,0.87810820969112,3196.0210227890593
1009,GBR,TWN,9780.94,0.488,-0.466276193112365,9778.501763176893
1010,GBR,UKR,2130.563,0.873,-0.502173220106453,2373.750070927268
1011,GBR,URY,11045.493,0.206,-1.14112463219519,10994.531766749185
1012,GBR,USA,6690.139,0.623,-0.922945380215556,6849.40274716976
1013,GBR,UZB,5228.248,1.279,0.692713990581905,4915.885273809891
1014,GBR,VEN,7499.389,0.996,-0.601463470036656,7603.26708652375
1015,GBR,VNM,9232.4,0.254,-0.0863529973739498,9124.193370916099
1016,GBR,ZWE,8279.569,1.75,-1.07354472625642,8703.663473263121
1017,GRC,GTM,11017.939,0.008,-1.52081946884509,10758.07555016995
1019,GRC,IDN,9828.232,0.683,1.32131658937628,9233.640332996418
1020,GRC,IND,7118.205,0.166,1.32511770646098,5694.354413503271
1021,GRC,IRN,2468.029,0.296,1.64463813819341,3083.233447559587
1022,GRC,IRQ,1933.197,0.536,1.536068025754,2050.8512088250604
1023,GRC,JOR,1296.588,0.646,1.53443003852947,1641.87480873632
1024,GRC,JPN,9509.755,1.12,1.1944393008786,9401.85334575923
1025,GRC,KAZ,3971.772,0.342,0.771461095788923,3820.2575529167784
1026,GRC,KEN,4567.763,0.512,-0.961291166779446,4631.52794474088
1027,GRC,KGZ,4274.534,0.058,0.769587070495942,4395.569016650029
1028,GRC,KOR,8517.079,0.999,-0.0617349507292857,8712.850457935241
1029,GRC,LBN,1153.027,0.242,0.661149424987966,1400.760174537438
1030,GRC,LBY,1111.14,0.68,1.62820950760745,1470.2062014532066
1032,GRC,MAR,2770.581,0.578,1.65951906802543,2742.584470462551
1034,GRC,MEX,11281.38,0.141,-1.36166254899796,10881.568067836877
1035,GRC,MMR,7153.839,0.492,1.26968165775185,7170.666931296823
1036,GRC,MNG,6527.471,1.096,1.00628810072394,6462.666422107452
1037,GRC,MYS,8737.28,0.323,1.07114564735695,10009.740751547439
1038,GRC,NGA,3599.965,0.628,0.0301836366594068,3627.587160065735
1039,GRC,NIC,10863.87,0.168,-1.41942040236909,10505.320034678069
1041,GRC,NLD,9353.22,0.876,-0.370490068811777,1893.5535291565202
1042,GRC,NZL,17520.646,0.74,-0.53759601679819,17547.324009580905
1043,GRC,PAK,4420.257,0.562,1.53607585261976,4389.437962647802
1044,GRC,PER,11766.88,0.084,-1.52081946884509,11312.899006950658
1045,GRC,PHL,9631.494,0.553,-1.37307635764984,10119.391937603874
1047,GRC,ROU,744.015,0.047,-1.54414465398878,742.8691217247022
1048,GRC,RUS,2230.19,0.656,-0.613068484938105,2650.228249846447
1049,GRC,SGP,9054.969,0.381,0.647887975455648,9232.699489362776
1050,GRC,SRB,807.736,0.591,-1.50125707624346,528.0336178224215
1051,GRC,SVK,1250.709,0.711,-1.41711858262287,1049.3708271160738
1052,GRC,THA,7924.031,0.038,1.58150539606314,8019.4258163668
1053,GRC,TJK,3892.467,0.228,1.4999593464093,4347.344454392803
1054,GRC,TUN,1203.183,0.605,1.66115063332914,1304.2880877062144
1055,GRC,TUR,819.108,0.189,1.64136585058858,1097.2321300112771
1056,GRC,TWN,8960.794,0.701,0.623976902371288,9094.446442135915
1057,GRC,UKR,1484.866,0.316,-1.4848809525143,1402.218883314393
1058,GRC,URY,11539.93,0.983,-0.838952720229488,11342.465660551115
1059,GRC,USA,8651.57,0.566,-1.06820150924515,9276.815062411462
1060,GRC,UZB,3870.166,0.091,1.48003999115729,3542.3856671060175
1061,GRC,VEN,9344.928,0.192,-1.38713919350657,9186.012410004598
1062,GRC,VNM,7920.869,0.934,0.801030661842947,7969.531341496347
1063,GRC,ZWE,6251.414,0.562,-0.908814412367531,6549.948791453418
1065,GTM,IDN,17900.527,0.691,1.37425185992004,17945.15208070819
1066,GTM,IND,17982.13,0.174,1.36639635842823,15683.289182620265
1067,GTM,IRN,13135.021,0.304,1.69733053138704,13609.357749053926
1068,GTM,IRQ,12854.84,0.544,1.58869977079354,12759.030031994987
1069,GTM,JOR,12314.398,0.654,1.58705138172205,12391.216861829755
1070,GTM,JPN,12320.765,1.112,1.23551432552868,12353.386915451241
1071,GTM,KAZ,12493.982,0.334,0.827333720190979,12604.828371695803
1072,GTM,KEN,14046.948,0.52,-0.905097415271928,14088.125624898092
1073,GTM,KGZ,13444.388,0.065,0.825525813689305,13530.769387191569
1074,GTM,KOR,13015.535,0.991,-0.0124807966277921,13011.27084181212
1075,GTM,LBN,12162.259,0.249,0.71467538471408,12153.145667418488
1076,GTM,LBY,10360.0,0.688,1.68100140865694,11019.603936257297
1078,GTM,MAR,8534.051,0.585,1.71210147500077,8519.445469932874
1080,GTM,MEX,1059.864,0.133,-1.31174017398621,1584.790975342875
1081,GTM,MMR,16124.84,0.499,1.30818531371954,15892.538100226093
1082,GTM,MNG,12848.965,1.088,1.05262989448947,13076.627595546293
1083,GTM,MYS,17622.214,0.33,1.12530291917213,16703.47606061631
1084,GTM,NGA,10607.122,0.636,0.0842550466679579,10583.166110319708
1085,GTM,NIC,538.507,0.176,-1.36995459472528,639.8821067321185
1087,GTM,NLD,2421.643,0.868,-0.316834644394967,9098.547653063157
1088,GTM,NZL,11460.94,0.733,-0.486728486164483,11631.734778548556
1089,GTM,PAK,14369.027,0.57,1.58870746753523,14598.621374280363
1090,GTM,PER,3316.04,0.076,-1.5770526117957,3662.8064293593957
1091,GTM,PHL,15266.484,0.561,-1.31689236225926,15361.387933543703
1093,GTM,ROU,10856.863,0.039,-1.54912928365137,10676.686341591927
1094,GTM,RUS,10822.314,0.648,-0.5577236387208,10907.36263586645
1095,GTM,SGP,17642.848,0.373,0.695529592682832,17609.968677014338
1096,GTM,SRB,10442.39,0.583,-1.44523580327621,10461.827545125832
1097,GTM,SVK,10056.072,0.703,-1.36762765071326,10127.682050564616
1098,GTM,THA,16634.634,0.046,1.61895649270778,16399.265289141968
1099,GTM,TJK,13721.936,0.236,1.55353037984455,13843.957987258507
1100,GTM,TUN,9960.764,0.613,1.71374316889595,9939.652817133112
1101,GTM,TUR,11593.304,0.197,1.69403812188741,11713.952599834874
1102,GTM,TWN,14402.471,0.693,0.673785548532303,14530.973832891032
1103,GTM,UKR,10794.887,0.308,-1.4369520297938,10899.640663620603
1104,GTM,URY,6587.776,0.975,-0.788132794613982,6470.648693130249
1105,GTM,USA,2757.412,0.558,-1.01570419570316,2814.118734148097
1106,GTM,UZB,13456.021,0.098,1.53332393127646,13190.843967379044
1107,GTM,VEN,2606.384,0.185,-1.3373773785569,2952.881296467838
1108,GTM,VNM,15666.689,0.926,0.845582205824716,15582.060741874579
1109,GTM,ZWE,13788.633,0.57,-0.858026912079313,13691.45179537246
1155,IDN,IND,3802.115,0.517,0.94402773252092,3587.104522256025
1156,IDN,IRN,7415.303,0.387,-1.24526923474711,6152.91052767646
1157,IDN,IRQ,7895.04,0.147,-1.34832454963449,7197.219791177943
1158,IDN,JOR,8598.915,0.037,-1.34952317434183,7747.299594127273
1159,IDN,JPN,5786.317,1.803,1.05439391541325,5592.594595081167
1160,IDN,KAZ,7212.901,1.025,-0.75818980582721,6406.041224848572
1161,IDN,KEN,7781.374,0.171,0.762512258789779,7116.548165676297
1162,IDN,KGZ,6348.092,0.626,-0.735798789334481,5480.440396062372
1163,IDN,KOR,5291.741,1.682,0.595558077744937,4958.352324461378
1164,IDN,LBN,8695.468,0.442,-0.9099660167127,7874.4346778757645
1165,IDN,LBY,10719.403,0.003,-1.26287208157138,9447.55834257868
1167,IDN,MAR,12563.868,0.106,-1.22831364391143,11861.920378960278
1169,IDN,MEX,16845.914,0.824,1.1894342821367,16367.503849623194
1170,IDN,MMR,3113.99,0.192,1.16842775864649,2590.8494633594355
1171,IDN,MNG,6014.54,1.779,0.688443395765645,5225.510141703777
1172,IDN,MYS,1183.972,0.361,-0.903648523025858,1383.1283080488765
1173,IDN,NGA,11131.131,0.055,-0.277813263313204,10506.426044437623
1174,IDN,NIC,18435.311,0.515,1.22885691051263,18503.128802676332
1176,IDN,NLD,19160.147,1.559,0.501460738732917,10517.232728558349
1177,IDN,NZL,7721.173,1.424,0.71866251860714,8317.048800703107
1178,IDN,PAK,5680.659,0.121,-1.34999962641415,4886.299561181522
1179,IDN,PER,17944.415,0.767,1.37425185992004,18362.980912837298
1180,IDN,PHL,2787.212,0.13,1.12714267731855,2645.0937145766325
1182,IDN,ROU,9757.417,0.73,1.35421530197027,9073.965483110853
1183,IDN,RUS,9307.397,1.339,0.546337031340568,8260.42252466747
1184,IDN,SGP,891.606,1.064,0.449855875646491,335.2140459608059
1185,IDN,SRB,10202.0,1.274,1.25366401920939,9374.208338666951
1186,IDN,SVK,10495.959,1.394,1.22726732153358,9563.503606677443
1187,IDN,THA,2321.601,0.645,1.36473015988822,1827.3919666134575
1188,IDN,TJK,6333.035,0.455,-1.36088464794585,5287.811982680328
1189,IDN,TUN,11008.302,0.079,-1.22700411988848,10333.330547503389
1190,IDN,TUR,9101.103,0.494,-1.24795658015896,8154.451617700328
1191,IDN,TWN,3816.478,1.384,0.527527712466579,3419.106378137882
1192,IDN,UKR,9579.427,0.999,1.27541915565373,8653.14961445841
1193,IDN,URY,15117.452,1.666,0.868522370906902,15586.73813288143
1194,IDN,USA,18392.018,1.249,0.964952404938325,15296.334857820166
1195,IDN,UZB,6517.113,0.593,-1.39552114869337,6080.018292102699
1196,IDN,VEN,19171.637,0.876,1.20669707024451,18365.26852513123
1197,IDN,VNM,3026.355,1.618,0.776537091864399,2549.1648873486615
1198,IDN,ZWE,8297.25,0.122,0.907309683000834,8078.335678212232
1199,IND,IRN,5261.308,0.13,1.16516772945585,2623.00091957595
1200,IND,IRQ,5398.876,0.37,1.1135608625636,3710.2583344240325
1201,IND,JOR,5831.204,0.48,1.11356790605569,4335.4805441374765
1202,IND,JPN,8488.583,1.286,0.931335830275844,5825.509308632108
1203,IND,KAZ,6501.095,0.508,0.522992120833457,3078.5573211172746
1204,IND,KEN,3999.42,0.346,0.905796649037259,5110.178128501623
1205,IND,KGZ,5583.093,0.109,0.511778551886252,2158.0046463569865
1206,IND,KOR,7535.664,1.165,0.494202067817888,4901.885859301411
1207,IND,LBN,6004.527,0.076,0.732004076123692,4392.276462450779
1208,IND,LBY,7680.574,0.514,1.14823298236382,6156.100566266128
1210,IND,MAR,9480.197,0.411,1.1821349260724,8399.590635023533
1212,IND,MEX,18385.632,0.307,1.16894048580481,14829.586459624612
1213,IND,MMR,3970.582,0.326,1.08904647291881,1697.6754450526453
1214,IND,MNG,7009.133,1.262,0.653950390806746,3420.569509851427
1215,IND,MYS,3453.429,0.156,0.616959459918535,4339.8155709877265
1216,IND,NGA,7414.24,0.462,0.67206848146092,7751.913464982821
1217,IND,NIC,17615.394,0.002,1.21127595742372,15733.109872122935
1219,IND,NLD,15675.009,1.042,0.539014797915032,6939.607225145071
1220,IND,NZL,10491.558,0.906,0.647767507814714,11876.041076046087
1221,IND,PAK,4557.284,0.396,1.10870552174465,1307.6891936642735
1222,IND,PER,16010.337,0.25,1.36639635842823,16893.263814550955
1223,IND,PHL,5882.929,0.387,1.18229289588264,4740.929048451648
1225,IND,ROU,7382.888,0.213,1.34510548240881,5489.364588650007
1226,IND,RUS,7706.519,0.822,0.68302462735649,4819.428811330758
1227,IND,SGP,3616.917,0.547,0.529902355419206,3549.321462603729
1228,IND,SRB,7766.996,0.757,1.2686629206359,5797.055701009287
1229,IND,SVK,8184.387,0.877,1.20957141501911,5976.553896010989
1230,IND,THA,3887.491,0.128,1.30927264491876,2416.070404712481
1231,IND,TJK,5112.092,0.062,1.01629282229966,1841.5821772588545
1232,IND,TUN,8105.956,0.439,1.18219477905224,6875.23248051451
1233,IND,TUR,6634.126,0.023,1.16505715207391,4600.968001977626
1234,IND,TWN,6415.243,0.867,0.379052150316853,4229.695886990086
1235,IND,UKR,7575.734,0.482,1.26111614431792,5073.015704930867
1236,IND,URY,12873.999,1.149,0.818002483774665,15510.91898695831
1237,IND,USA,15241.876,0.732,0.96018508062871,13088.161458648576
1238,IND,UZB,5415.848,0.076,1.03161872023941,2551.1127850437815
1239,IND,VEN,15529.555,0.359,1.18749495989298,14876.094373570882
1240,IND,VNM,4823.013,1.1,0.647677457034921,2678.5205782938615
1241,IND,ZWE,4628.123,0.396,0.861195007363026,7086.283994549842
1242,IRN,IRQ,694.86,0.239,-1.46800852950097,1097.0908542000159
1243,IRN,JOR,1488.518,0.35,-1.46621091080161,1763.809337578734
1244,IRN,JPN,7664.184,1.416,1.26243413054997,7446.446954622546
1245,IRN,KAZ,2345.192,0.639,-0.474834964451509,2200.0298917079595
1246,IRN,KEN,4382.127,0.216,1.08797290871619,3943.4195615187678
1247,IRN,KGZ,2139.646,0.239,-0.454886425376468,2030.6095190663027
1248,IRN,KOR,6551.917,1.295,0.898912042139289,6577.105912614901
1249,IRN,LBN,1466.388,0.055,-0.586361835005946,1774.0529268679165
1250,IRN,LBY,3505.858,0.384,-1.55378317167543,3611.1313911107045
1252,IRN,MAR,5236.856,0.281,-1.55320853106931,5776.641381963222
1254,IRN,MEX,13144.747,0.437,1.51445693126103,13325.689679167031
1255,IRN,MMR,4690.641,0.195,1.37194477855979,4194.2793517875325
1256,IRN,MNG,4686.351,1.392,0.90573122332017,4437.845279478974
1257,IRN,MYS,6294.051,0.026,-0.669267046177619,6960.507455890558
1258,IRN,NGA,5329.875,0.332,0.0468409076793387,5480.772248651251
1259,IRN,NIC,13083.975,0.128,1.55354854063244,13461.011436885667
1261,IRN,NLD,11752.746,1.173,0.819592407664998,4522.840406173537
1262,IRN,NZL,15134.307,1.037,1.03871916953973,14469.957435802147
1263,IRN,PAK,1986.267,0.266,-1.4677853069904,1337.6986704369767
1264,IRN,PER,14234.818,0.38,1.69733053138704,14312.788559511466
1265,IRN,PHL,7234.372,0.257,1.45119481232614,7241.035544829403
1267,IRN,ROU,2350.623,0.343,1.67754607900649,2972.075184206328
1268,IRN,RUS,2463.596,0.952,0.870326170814393,3001.5850074022364
1269,IRN,SGP,6612.213,0.678,0.701359500058637,6149.901200274081
1270,IRN,SRB,2792.284,0.888,1.57740216125394,3240.1200911554174
1271,IRN,SVK,3122.733,1.007,1.55197334916468,3503.9754142911497
1272,IRN,THA,5456.084,0.258,1.54430231441361,5002.796868940297
1273,IRN,TJK,1567.99,0.068,-1.36762765071326,1735.5289129314406
1274,IRN,TUN,3671.174,0.308,-1.55378317167543,4253.869725124568
1275,IRN,TUR,1692.434,0.107,-1.56664620181424,2002.4639156816845
1276,IRN,TWN,6691.178,0.997,0.78196485038263,6450.594672376639
1277,IRN,UKR,2343.658,0.612,1.5996521162556,2713.136524766122
1278,IRN,URY,13602.91,1.279,1.19293551946,13664.58390303844
1279,IRN,USA,11021.022,0.862,1.2905657891995,11549.686638131212
1280,IRN,UZB,1668.579,0.206,-1.38222749603771,1329.7736632194847
1281,IRN,VEN,11764.637,0.489,1.53158173276059,12267.954563474515
1282,IRN,VNM,5496.756,1.231,1.01625001981856,5088.160263146407
1283,IRN,ZWE,6327.002,0.265,1.23227432402266,6272.873849719114
1284,IRQ,JOR,807.545,0.11,-1.57472566778367,697.570169968262
1285,IRQ,JPN,8350.315,1.656,1.20567765176543,8325.553406771098
1286,IRQ,KAZ,2950.731,0.878,-0.560550883905674,2749.935967029173
1287,IRQ,KEN,3929.584,0.024,0.980796602321129,3661.8968440249605
1288,IRQ,KGZ,2828.459,0.478,-0.539579985552144,2903.954405232252
1289,IRQ,KOR,7243.14,1.535,0.807105652625664,7494.96535380145
1290,IRQ,LBN,826.211,0.294,-0.693153808858714,682.8071103204225
1291,IRQ,LBY,2898.369,0.144,-1.48122319216924,2531.2236377356508
1293,IRQ,MAR,4689.083,0.042,-1.45328631184728,4694.040770575667
1295,IRQ,MEX,12987.386,0.677,1.4066159409823,12699.93242453933
1296,IRQ,MMR,5300.393,0.044,1.31565234462873,5290.432727090372
1297,IRQ,MNG,5361.762,1.632,0.846574357256485,5279.089491115369
1298,IRQ,MYS,6810.061,0.213,-0.738742167196351,8050.070856175191
1299,IRQ,NGA,4635.746,0.092,-0.0605633647407727,4505.513563090625
1300,IRQ,NIC,12745.719,0.367,1.44549001824721,12540.41793515649
1302,IRQ,NLD,11285.679,1.412,0.719990025296276,3686.094572378038
1303,IRQ,NZL,15599.657,1.276,0.937926087742402,15498.726482119158
1304,IRQ,PAK,2648.089,0.027,-1.57007177975962,2434.566750662011
1305,IRQ,PER,13649.664,0.62,1.58869977079354,13215.82347264455
1306,IRQ,PHL,7889.966,0.018,1.34286438347126,8331.921334703275
1308,IRQ,ROU,2000.253,0.583,1.568975692465,2098.7851393260544
1309,IRQ,RUS,2547.678,1.192,0.766257417786166,2799.1865601196114
1310,IRQ,SGP,7127.222,0.917,0.629310005253224,7212.72092588474
1311,IRQ,SRB,2413.22,1.127,1.46895265274282,2297.389655174553
1312,IRQ,SVK,2803.509,1.247,1.44392300798903,2655.7575050664955
1313,IRQ,THA,6042.003,0.498,1.49601945857451,6099.279401591944
1314,IRQ,TJK,2261.972,0.308,-1.41423302864216,2698.0187165677426
1315,IRQ,TUN,3121.591,0.069,-1.45182929213009,3166.128719917917
1316,IRQ,TUR,1262.054,0.347,-1.47113191977782,1047.7604264766667
1317,IRQ,TWN,7377.236,1.236,0.710607929143439,7498.244926136027
1318,IRQ,UKR,2213.461,0.852,1.49137491323619,2063.605170431231
1319,IRQ,URY,12908.425,1.518,1.08854275396628,12697.62340437075
1320,IRQ,USA,10578.637,1.101,1.1840525194728,10984.195016303715
1321,IRQ,UZB,2359.645,0.445,-1.45187253969472,2059.5028101729813
1322,IRQ,VEN,11278.025,0.728,1.4236416160089,11203.844445476441
1323,IRQ,VNM,6144.298,1.47,0.948968102815185,6175.096646542298
1324,IRQ,ZWE,5862.081,0.026,1.12723778591847,5953.780142546789
1325,JOR,JPN,9086.863,1.766,1.20570197430237,9002.816432352845
1326,JOR,KAZ,3591.209,0.988,-0.560958463336593,3379.820719218444
1327,JOR,KEN,3696.197,0.134,0.979321767873282,3368.189724985849
1328,JOR,KGZ,3588.136,0.588,-0.539953217996591,3594.9293884594613
1329,JOR,KOR,7998.226,1.645,0.80639355556363,8182.0082344063985
1330,JOR,LBN,217.234,0.404,-0.694579228054801,371.8347142319771
1331,JOR,LBY,2134.841,0.034,-1.47918255272906,1847.3269038201363
1333,JOR,MAR,3965.094,0.068,-1.45174284177829,4115.2348163254255
1335,JOR,MEX,12562.565,0.787,1.40507389644723,12503.992376816399
1336,JOR,MMR,6093.047,0.154,1.31558214993793,5951.0330151373555
1337,JOR,MNG,6080.611,1.742,0.846655901188658,5954.908898151813
1338,JOR,MYS,7545.081,0.323,-0.738990876566812,8666.861771900933
1339,JOR,NGA,3876.276,0.018,-0.0620547938798113,3815.609094606103
1340,JOR,NIC,12154.279,0.478,1.44392300798903,12115.334620542006
1342,JOR,NLD,10595.811,1.522,0.718984444622012,3462.006928715518
1343,JOR,NZL,16236.95,1.386,0.936859065791874,15977.076750342574
1344,JOR,PAK,3455.63,0.083,-1.56969416873,3089.52627356511
1345,JOR,PER,12870.787,0.73,1.58705138172205,12568.988003223794
1346,JOR,PHL,8696.177,0.093,1.34126267734998,9003.645271240397
1348,JOR,ROU,1629.337,0.693,1.5673376275317,1931.0773812717127
1349,JOR,RUS,2649.64,1.302,0.765010467520799,3116.6405728121567
1350,JOR,SGP,7860.248,1.027,0.629028991146343,7786.287839226252
1351,JOR,SRB,1957.905,1.237,1.46733369095499,2019.4092330649203
1352,JOR,SVK,2396.91,1.357,1.4423569777727,2470.8351289095417
1353,JOR,THA,6821.982,0.608,1.49607319826545,6742.605453481558
1354,JOR,TJK,3053.546,0.418,-1.41302368918125,3395.509035225046
1355,JOR,TUN,2416.057,0.041,-1.45026085108611,2586.0853722101133
1356,JOR,TUR,928.941,0.457,-1.46938272222778,964.666030100807
1357,JOR,TWN,8179.513,1.347,0.710561774087765,8193.056130448038
1358,JOR,UKR,2102.739,0.962,1.48978014701445,2133.367090511231
1359,JOR,URY,12135.999,1.629,1.08727389467761,12002.837888151282
1360,JOR,USA,9912.88,1.212,1.18263333422998,10857.062788265923
1361,JOR,UZB,3127.617,0.555,-1.45120387253823,2741.162697423583
1362,JOR,VEN,10572.734,0.838,1.42208846598024,10634.26908947065
1363,JOR,VNM,6949.199,1.58,0.948855563585503,6851.965836343876
1364,JOR,ZWE,5558.768,0.084,1.12592699489531,5571.080144574551
1365,JPN,KAZ,5560.828,0.778,0.500570917572534,5676.788334007328
1366,JPN,KEN,11256.22,1.632,0.776671673115712,10915.196102730566
1367,JPN,KGZ,5524.685,1.178,0.485708116698883,5437.146441313905
1368,JPN,KOR,1157.598,0.121,-0.10728396508093,924.5541145844916
1369,JPN,LBN,8989.988,1.362,0.754533676729516,8810.094952225994
1370,JPN,LBY,10581.03,1.8,1.24358844863457,10653.163983679411
1372,JPN,MAR,11522.478,1.698,1.28130426429112,11669.574584342514
1374,JPN,MEX,11302.644,0.979,1.02602405420143,10785.236162331872
1375,JPN,MMR,4604.057,1.612,-1.2846991591939,4415.162169188662
1376,JPN,MNG,3012.56,0.024,-1.11006097815282,3047.908149343054
1377,JPN,MYS,5321.922,1.443,0.391913308219151,4511.959376735569
1378,JPN,NGA,12959.595,1.748,0.6364436299469,12805.954067985938
1379,JPN,NIC,12833.084,1.288,1.07110577616189,12924.593901345173
1381,JPN,NLD,13936.787,0.244,0.378170315792416,9160.08316052761
1382,JPN,NZL,9274.878,0.38,0.416751450040202,9142.527905670824
1383,JPN,PAK,5980.641,1.683,1.20568640790322,6442.065342053024
1384,JPN,PER,15486.736,1.036,1.23551432552868,15963.764409646456
1385,JPN,PHL,2999.115,1.673,1.05377859788611,3204.937725962107
1387,JPN,ROU,8882.886,1.073,1.21301536152698,8738.584808668335
1388,JPN,RUS,7483.49,0.464,0.53674133069234,6863.568413376489
1389,JPN,SGP,5322.59,0.739,-0.840719131358496,5257.430768690266
1390,JPN,SRB,9178.779,0.529,1.13730339107421,9097.48936193907
1391,JPN,SVK,9098.232,0.409,1.06929253587017,8842.05099348814
1392,JPN,THA,4606.38,1.158,-1.02306397752422,4350.290271479333
1393,JPN,TJK,6139.5,1.348,1.09533393568294,5711.787911403707
1394,JPN,TUN,10421.62,1.725,1.2813449920753,10643.656684139323
1395,JPN,TUR,8766.939,1.309,1.26236166674059,8571.212852030796
1396,JPN,TWN,2106.536,0.419,-0.406555826324355,2184.129014958952
1397,JPN,UKR,8204.955,0.804,1.12405734207282,8043.29321156818
1398,JPN,URY,18568.359,0.137,0.64778211030042,18650.364501895452
1399,JPN,USA,13468.697,0.554,0.808105863589116,9838.506730428931
1400,JPN,UZB,5996.968,1.211,1.11320765810071,6266.051747875405
1401,JPN,VEN,14171.073,0.928,1.04579420368344,14630.076111984721
1402,JPN,VNM,3670.175,0.186,-1.06774415314581,3570.369837317217
1403,JPN,ZWE,12816.025,1.682,0.694857598383193,12866.095109806029
1404,KAZ,KEN,6682.626,0.854,0.165516198440816,6141.502825347277
1405,KAZ,KGZ,952.001,0.4,-1.55103658684206,939.0741955902097
1406,KAZ,KOR,4545.323,0.657,-0.168044298925258,4920.564568820878
1407,KAZ,LBN,3466.008,0.584,-1.10452825518521,3148.5597316857657
1408,KAZ,LBY,5069.585,1.022,-0.497418294372679,4978.663135100254
1410,KAZ,MAR,6362.249,0.92,-0.452755712912083,6429.797804403209
1412,KAZ,MEX,12112.043,0.201,0.603869999728623,11851.375598707144
1413,KAZ,MMR,4100.867,0.834,0.667647651857208,3880.505526883825
1414,KAZ,MNG,2558.448,0.754,0.0801465316238218,2659.7704292960107
1415,KAZ,MYS,6034.318,0.665,-0.982829288464879,6708.076234183543
1416,KAZ,NGA,7419.263,0.97,-0.76701870161975,7136.83242306164
1417,KAZ,NIC,12654.486,0.51,0.652086881724891,12683.586367109223
1419,KAZ,NLD,11975.098,0.534,-0.231974304694746,4311.730685718671
1420,KAZ,NZL,14290.093,0.398,-0.0040143642758098,14153.77905541541
1421,KAZ,PAK,1947.998,0.905,-0.560526913734247,2193.436592555215
1422,KAZ,PER,14819.99,0.258,0.827333720190979,14685.078138545116
1423,KAZ,PHL,5984.514,0.895,0.567992231892681,6474.56295892012
1425,KAZ,ROU,3411.88,0.295,0.803406563248562,3265.077048890607
1426,KAZ,RUS,2274.156,0.314,-0.122414785938673,1867.6815879381722
1427,KAZ,SGP,6321.791,0.039,-0.167444935067965,6268.071614269116
1428,KAZ,SRB,3777.224,0.249,0.697713393318342,3635.667415416326
1429,KAZ,SVK,3835.543,0.369,0.650148880081324,3562.6133839631775
1430,KAZ,THA,4908.798,0.38,0.91653472671981,4749.847100231125
1431,KAZ,TJK,1417.738,0.57,-0.676825968102944,1246.6830298370023
1432,KAZ,TUN,4996.013,0.947,-0.45222366543831,5118.564547262309
1433,KAZ,TUR,3207.948,0.531,-0.475896580457272,2900.350202955827
1434,KAZ,TWN,5118.325,0.358,-0.243021474765059,5320.4845940947125
1435,KAZ,UKR,2840.519,0.026,0.708634264897743,2619.818251145459
1436,KAZ,URY,15500.387,0.641,0.196971717200368,15161.72166035523
1437,KAZ,USA,11197.621,0.223,0.340249000871867,10070.648940985404
1438,KAZ,UZB,1107.026,0.433,-0.666765319436837,895.9490855632715
1439,KAZ,VEN,12075.427,0.15,0.625023409842165,12294.867321951231
1440,KAZ,VNM,4482.67,0.592,0.125742628288489,4432.262832103757
1441,KAZ,ZWE,8619.281,0.904,0.24775818740981,8472.441243831445
1442,KEN,KGZ,6190.53,0.455,0.162289396380454,5861.03304858518
1443,KEN,KOR,10108.385,1.511,-0.567113337815932,9991.188627652595
1444,KEN,LBN,3910.939,0.271,0.097370768662684,3739.725869551228
1445,KEN,LBY,4537.121,0.168,1.0701353919859,3597.669270553875
1447,KEN,MAR,6009.311,0.065,1.10441896659132,5860.3903833181475
1449,KEN,MEX,14815.668,0.653,-1.13854249773215,14932.899710804637
1450,KEN,MMR,6864.878,0.021,0.885246710957049,6688.492634173779
1451,KEN,MNG,8649.272,1.608,0.521481948869421,8154.687426236315
1452,KEN,MYS,7228.327,0.19,0.492138438115009,8441.820684178343
1453,KEN,NGA,3443.105,0.116,-0.535524845023174,3506.4441142118785
1454,KEN,NIC,13626.983,0.344,-1.09014826517019,13558.278926300962
1456,KEN,NLD,11677.639,1.388,-0.941767064597212,6500.669061961322
1457,KEN,NZL,13665.021,1.253,-1.04119827793823,13706.656505153707
1458,KEN,PAK,5426.245,0.05,0.980806128278504,4558.283288397201
1459,KEN,PER,12566.778,0.596,-0.905097415271928,12274.056218126274
1460,KEN,PHL,9414.325,0.041,-1.16413313495651,9402.024574204892
1462,KEN,ROU,5192.694,0.559,-0.930827958089437,5181.409935364208
1463,KEN,RUS,6341.843,1.168,-1.21160385074709,6443.670639719654
1464,KEN,SGP,7458.196,0.893,0.153425733834444,7328.125079323563
1465,KEN,SRB,5375.175,1.103,-1.03684064415834,5139.255179951462
1466,KEN,SVK,5817.029,1.223,-1.09212618905886,5654.475064931291
1467,KEN,THA,7211.221,0.474,1.20579926232433,7121.832873237145
1468,KEN,TJK,5503.688,0.284,0.930642816118696,5481.52578537639
1469,KEN,TUN,5048.124,0.093,1.10589365234771,4759.070402309689
1470,KEN,TUR,4599.926,0.323,1.08501303549713,4327.773495725842
1471,KEN,TWN,9534.229,1.213,0.0927628003560031,9266.219788075749
1472,KEN,UKR,5781.048,0.828,-1.03146487132522,5495.580211749976
1473,KEN,URY,10198.9,1.495,-1.27091131117897,10402.20516842365
1474,KEN,USA,11292.158,1.078,-1.35599293065312,13663.735053506869
1475,KEN,UZB,5755.095,0.422,0.915182640463435,5270.2241609103385
1476,KEN,VEN,11530.176,0.705,-1.11754155611204,11379.29338822827
1477,KEN,VNM,7892.32,1.446,0.342996302524143,7665.682778024595
1478,KEN,ZWE,1944.882,0.05,-1.30306545300108,2332.8771000631255
1479,KGZ,KOR,4415.186,1.056,-0.183704651639498,4592.295443798641
1480,KGZ,LBN,3517.66,0.184,-1.08058396038396,3453.069102906598
1481,KGZ,LBY,5383.828,0.622,-0.477552482875213,5360.67377179864
1483,KGZ,MAR,6881.15,0.52,-0.432695235345315,7101.843073806258
1485,KGZ,MEX,13057.93,0.199,0.60045976993803,12714.630331421866
1486,KGZ,MMR,3260.329,0.434,0.655232697513359,2991.1394077563114
1487,KGZ,MNG,2564.557,1.153,0.0630599989365901,2409.286353144825
1488,KGZ,MYS,5164.368,0.265,-0.971345018019893,5853.525631038489
1489,KGZ,NGA,7459.753,0.571,-0.759914157955779,7409.283178976015
1490,KGZ,NIC,13595.923,0.111,0.649054592232813,13621.261664782538
1492,KGZ,NLD,12826.528,0.934,-0.243242701910548,5149.69360722487
1493,KGZ,NZL,13689.887,0.798,-0.0148688399411249,13399.714781916155
1494,KGZ,PAK,1030.745,0.505,-0.539556499889435,1474.3176204541905
1495,KGZ,PER,15634.838,0.141,0.825525813689305,15534.79256491119
1496,KGZ,PHL,5407.892,0.496,0.565965549255616,5746.354826734922
1498,KGZ,ROU,3848.251,0.104,0.801443884102885,3945.5220150404807
1499,KGZ,RUS,2991.385,0.713,-0.129214658857566,2780.284832542169
1500,KGZ,SGP,5461.787,0.439,-0.181526260895925,5353.811515860555
1501,KGZ,SRB,4262.404,0.649,0.695647528629249,4305.927507429849
1502,KGZ,SVK,4411.934,0.768,0.6471017760536,4318.804055212688
1503,KGZ,THA,4078.574,0.02,0.904841262339457,3867.6953795593276
1504,KGZ,TJK,686.851,0.171,-0.657794859771358,419.8222114734762
1505,KGZ,TUN,5407.357,0.547,-0.432196157878347,5695.964918103841
1506,KGZ,TUR,3460.266,0.132,-0.455880855753203,3363.2454299572883
1507,KGZ,TWN,4686.604,0.758,-0.265628171844436,4708.117588727714
1508,KGZ,UKR,3414.06,0.374,0.706021008215098,3363.1367749530887
1509,KGZ,URY,15723.053,1.04,0.189332411645277,15594.242344834985
1510,KGZ,USA,12049.273,0.623,0.335151769077089,10949.287745368287
1511,KGZ,UZB,473.774,0.033,-0.64674633248176,873.710759869999
1512,KGZ,VEN,12910.317,0.25,0.621781432361779,13177.935878128312
1513,KGZ,VNM,3781.351,0.992,0.108620386555753,3633.224338463726
1514,KGZ,ZWE,8084.163,0.504,0.240779224374581,8148.74609516643
1515,KOR,LBN,7914.474,1.24,0.0211785232159037,8012.729978021724
1516,KOR,LBY,9611.864,1.679,0.877276624342712,9889.922001539719
1518,KOR,MAR,10734.43,1.576,0.91982337127428,11134.576320257283
1520,KOR,MEX,12053.225,0.858,-0.26715880220995,11475.472151560074
1521,KOR,MMR,3580.243,1.49,0.072033417956195,3525.5669435620475
1522,KOR,MNG,1994.4,0.097,-0.415208278185943,2260.8740176225233
1523,KOR,MYS,4609.358,1.321,0.115051731066417,4040.503853156042
1524,KOR,NGA,11873.658,1.627,-0.408935988488139,11997.388145054538
1525,KOR,NIC,13493.815,1.167,-0.211659842095277,13544.789078738457
1527,KOR,NLD,14265.098,0.123,-1.07103457295927,8684.25781489027
1528,KOR,NZL,10021.248,0.258,-1.02972589842205,9619.771480582498
1529,KOR,PAK,4827.34,1.561,0.807115872566218,5533.827953716852
1530,KOR,PER,16307.424,0.915,-0.0124807966277921,16671.867571793988
1531,KOR,PHL,2619.967,1.552,-0.231072885465285,2857.8434729437545
1533,KOR,ROU,7933.826,0.952,-0.0394584359857245,8087.106456791647
1534,KOR,RUS,6608.273,0.343,-0.868285175512352,6275.864878465488
1535,KOR,SGP,4676.097,0.618,-0.695199160258984,4627.693843097689
1536,KOR,SRB,8264.678,0.408,-0.130612159980604,8454.042531430834
1537,KOR,SVK,8237.423,0.288,-0.213884400519324,8250.389572963364
1538,KOR,THA,3720.383,1.037,0.39819393035304,3545.200826348544
1539,KOR,TJK,5009.683,1.227,0.705350916663581,4842.306677297184
1540,KOR,TUN,9504.712,1.603,0.920576838181634,9988.248463946818
1541,KOR,TUR,7745.738,1.188,0.897402626250638,7819.22192982344
1542,KOR,TWN,1484.912,0.298,-0.886938134663913,1577.6643715052692
1543,KOR,UKR,7295.306,0.683,-0.146958558959813,7397.662267161168
1544,KOR,URY,19602.8,0.016,-0.749988488884232,19481.090295491587
1545,KOR,USA,13675.462,0.433,-0.540896032260828,10368.720298506878
1546,KOR,UZB,4883.68,1.089,0.710102539729478,5441.262613762883
1547,KOR,VEN,14482.732,0.806,-0.242771877173191,14991.769631401483
1548,KOR,VNM,2739.532,0.065,-0.594362914047978,2735.111000776883
1549,KOR,ZWE,11714.625,1.56,-0.68833971592484,11955.03735824713
1550,LBN,LBY,2072.364,0.438,-0.604287033463449,1911.6974554763726
1552,LBN,MAR,3875.139,0.336,-0.569649775063738,4011.2764534065077
1554,LBN,MEX,12385.889,0.383,0.525316513952774,12199.265969317403
1555,LBN,MMR,6125.09,0.25,0.878909750154532,5960.297606730465
1556,LBN,MNG,5978.921,1.337,0.377981991902932,5766.781938462103
1557,LBN,MYS,7624.588,0.081,-0.911107416220896,8731.953294627276
1558,LBN,NGA,3969.688,0.386,-0.943093808247738,3995.8640316189367
1559,LBN,NIC,12016.005,0.073,0.565460158579711,11906.065719341712
1561,LBN,NLD,10492.273,1.118,-0.131774966653129,3150.9651310228414
1562,LBN,NZL,16368.182,0.982,0.0770396259358272,16162.60290717445
1563,LBN,PAK,3450.995,0.321,-0.693126242775433,3111.2074736346244
1564,LBN,PER,12823.497,0.325,0.71467538471408,12540.467008069389
1565,LBN,PHL,8699.052,0.312,0.465178502328132,8990.661332048274
1567,LBN,ROU,1424.661,0.289,0.694026862642795,1592.512782744365
1568,LBN,RUS,2438.305,0.897,-0.111327220852359,2758.570480403548
1569,LBN,SGP,7941.048,0.623,0.0646307134023457,7893.793190690436
1570,LBN,SRB,1769.065,0.833,0.592482968909365,1718.0544669507879
1571,LBN,SVK,2202.388,0.952,0.563838312940886,2142.0316071722655
1572,LBN,THA,6868.199,0.204,1.12699049660061,6776.273661132228
1573,LBN,TJK,3013.089,0.013,-0.738186874925254,3294.439406435315
1574,LBN,TUN,2312.907,0.363,-0.568218386696493,2483.4429230804208
1575,LBN,TUR,713.171,0.053,-0.589251859949048,594.4298315663383
1576,LBN,TWN,8146.256,0.942,0.10976513650001,8114.111761376225
1577,LBN,UKR,1885.505,0.558,0.61307767381204,1762.1085805928406
1578,LBN,URY,12206.384,1.224,0.209229714001913,12143.657595208868
1579,LBN,USA,9798.647,0.807,0.300254807632034,10530.569342061108
1580,LBN,UZB,3065.381,0.151,-0.757079671027051,2583.5911461225587
1581,LBN,VEN,10476.448,0.434,0.542873841278906,10522.896041948436
1582,LBN,VNM,6957.883,1.176,0.4001871927914,6830.597981336649
1583,LBN,ZWE,5767.164,0.32,0.245828455068348,5933.236301743392
1585,LBY,MAR,1856.002,0.102,-1.53022376687914,2503.723282016012
1587,LBY,MEX,10773.461,0.821,1.49715660142307,11489.054683772783
1588,LBY,MMR,8191.344,0.188,1.35435753371668,7793.158152851519
1589,LBY,MNG,7618.777,1.776,0.885475399387756,7631.7646678490855
1590,LBY,MYS,9679.089,0.357,-0.688254422101688,10459.394932297622
1591,LBY,NGA,2709.121,0.052,0.0292400589291541,2208.8850321764485
1592,LBY,NIC,10136.929,0.512,1.53646543173845,10639.430781784153
1594,LBY,NLD,8487.213,1.556,0.798830154029094,3047.9133527842746
1595,LBY,NZL,18140.003,1.42,1.01824949852963,17266.57005687239
1596,LBY,PAK,5484.866,0.117,-1.48096926421736,4932.821219727583
1597,LBY,PER,10751.379,0.764,1.68100140865694,10738.844541381348
1598,LBY,PHL,10719.981,0.127,1.43443010639546,10849.605526174382
1600,LBY,ROU,1701.603,0.727,1.6611171907316,2211.0250671150566
1601,LBY,RUS,3165.658,1.336,0.850890181590431,4083.068378949861
1602,LBY,SGP,9993.765,1.061,0.681188707215888,9522.582484913923
1603,LBY,SRB,1471.05,1.271,1.56079407254343,1967.4183241738915
1604,LBY,SVK,1729.851,1.391,1.53488159319521,2458.5038069395623
1605,LBY,THA,8940.188,0.642,1.52786596071914,8570.969029801614
1606,LBY,TJK,4983.219,0.452,-1.39089709083353,5205.03391571188
1607,LBY,TUN,514.179,0.075,-1.53051373155516,1166.6749513629281
1608,LBY,TUR,1923.967,0.491,-1.55156221728692,2082.4593996220756
1609,LBY,TWN,10070.43,1.381,0.759246688099465,10022.283289282976
1610,LBY,UKR,2413.262,0.996,1.58281826547948,2837.6758377189626
1611,LBY,URY,10435.087,1.663,1.17361372186343,10242.968685602218
1612,LBY,USA,7829.304,1.245,1.2722862927449,10079.33455605732
1613,LBY,UZB,4973.926,0.589,-1.40432501389238,4488.468445666617
1614,LBY,VEN,8453.08,0.872,1.51437723861062,8918.41078024449
1615,LBY,VNM,8995.628,1.614,0.995601576191055,8699.271360732337
1616,LBY,ZWE,5948.704,0.118,1.21322494861705,5225.602190145149
1650,MAR,MEX,9018.558,0.719,1.53028903665514,9089.757752604086
1651,MAR,MMR,9911.086,0.086,1.38947977662261,9912.101697846238
1652,MAR,MNG,8778.488,1.673,0.92604485833833,8969.102947336145
1653,MAR,MYS,11498.738,0.255,-0.650508035938901,12735.12087875112
1654,MAR,NGA,3136.904,0.051,0.0630930126083623,2897.553093277032
1655,MAR,NIC,8290.821,0.409,1.56914779900086,8136.688683533274
1657,MAR,NLD,6635.397,1.454,0.839368668884999,2531.281117320098
1658,MAR,NZL,19193.472,1.318,1.05814752861425,19113.484555239982
1659,MAR,PAK,7164.579,0.015,-1.45308959707421,7105.470665162397
1660,MAR,PER,9000.727,0.661,1.71210147500077,8572.422707737682
1661,MAR,PHL,12288.761,0.024,1.46644872141956,12846.235844653416
1663,MAR,ROU,3037.226,0.624,1.69242628071062,3169.5705666019653
1664,MAR,RUS,4145.892,1.233,0.888551832855034,4860.982360096235
1665,MAR,SGP,11815.582,0.959,0.721239020082133,11898.861282309066
1666,MAR,SRB,2619.023,1.169,1.59248089347386,2802.151966543497
1667,MAR,SVK,2530.176,1.288,1.56758214330909,2902.11043131662
1668,MAR,THA,10690.349,0.54,1.56081909364458,10755.986769468782
1669,MAR,TJK,6598.027,0.349,-1.34430004426257,7081.780532349417
1670,MAR,TUN,1569.118,0.027,-1.57184940680497,1531.1188523430583
1671,MAR,TUR,3556.524,0.388,-1.55320853106931,3834.9677562404217
1672,MAR,TWN,11480.574,1.278,0.804572026806781,11750.258768057274
1673,MAR,UKR,3521.941,0.894,1.6149599248961,3814.784057445252
1674,MAR,URY,9219.38,1.56,1.21101961421609,8821.039810863509
1675,MAR,USA,5973.321,1.143,1.30744299126895,7860.472896731232
1676,MAR,UZB,6529.063,0.487,-1.36099739529058,6267.097263714859
1677,MAR,VEN,6607.821,0.77,1.54731493191345,6519.8664146607825
1678,MAR,VNM,10629.082,1.512,1.03676331580074,10706.214378331648
1679,MAR,ZWE,7020.551,0.016,1.25006849203733,6874.945448113137
1710,MEX,MMR,15353.108,0.633,1.1158641078821,14590.968353116928
1711,MEX,MNG,12089.122,0.955,0.821087578083501,11795.371049599613
1712,MEX,MYS,16624.11,0.464,0.919177051605557,15126.151241781063
1713,MEX,NGA,11384.688,0.769,-0.108627407171177,11544.06341126238
1714,MEX,NIC,1598.308,0.309,-1.51869315287357,2202.988696352676
1716,MEX,NLD,3394.463,0.735,-0.579260213300377,9048.333359111452
1717,MEX,NZL,11103.93,0.599,-0.751564508980143,11271.780599921824
1718,MEX,PAK,14051.587,0.703,1.40662410743048,14013.618248075123
1719,MEX,PER,4254.582,0.057,-1.31174017398621,5199.239398215004
1720,MEX,PHL,14221.246,0.694,-1.45614105413972,13779.319649692357
1722,MEX,ROU,11002.967,0.094,-1.33965870060037,10619.883951133472
1723,MEX,RUS,10719.316,0.515,-0.811618889418295,10380.661394695457
1724,MEX,SGP,16610.267,0.24,0.469137107523603,16033.070841829418
1725,MEX,SRB,10620.966,0.45,-1.4276019266356,10486.482102319907
1726,MEX,SVK,10201.819,0.57,-1.52101237899494,10063.663665890606
1727,MEX,THA,15744.348,0.179,1.43255330076826,14954.069579395997
1728,MEX,TJK,13445.61,0.369,1.36172198895183,13087.009836127992
1729,MEX,TUN,10329.014,0.746,1.53183515663041,10334.952143601915
1730,MEX,TUR,11751.789,0.33,1.51135528363368,11671.664768996665
1731,MEX,TWN,13399.115,0.56,0.41574772868495,12968.047106044014
1732,MEX,UKR,10818.239,0.175,-1.45120387253823,10673.477429637498
1733,MEX,URY,7549.725,0.842,-1.05344367227756,8005.651865213207
1734,MEX,USA,3594.205,0.425,-1.27887673130821,1794.4349249383044
1735,MEX,UZB,13154.484,0.232,1.34457919181231,12583.88385070962
1736,MEX,VEN,3598.541,0.051,-1.55103658684206,4424.571234647389
1737,MEX,VNM,14758.673,0.793,0.617230915436711,14123.658413217367
1738,MEX,ZWE,14778.642,0.703,-1.12327466398559,15059.757537756128
1739,MMR,MNG,3279.95,1.587,-0.852176870988071,2819.3506170834494
1740,MMR,MYS,1943.311,0.169,0.50290865217667,2878.9284514819433
1741,MMR,NGA,9516.286,0.136,0.759574609191374,9449.361323102476
1742,MMR,NIC,16459.996,0.323,1.15699173800623,16206.071853433194
1744,MMR,NLD,16075.392,1.368,0.545320608407473,8136.34475613026
1745,MMR,NZL,10547.915,1.232,0.571220865354728,10480.31706623144
1746,MMR,PAK,2750.156,0.071,1.3156158436021,2861.5068849292056
1747,MMR,PER,18885.828,0.575,1.30818531371954,18482.65475188013
1748,MMR,PHL,2703.792,0.062,1.13831856776389,3062.7123208865723
1750,MMR,ROU,6912.935,0.539,1.28739183831749,6843.72641768108
1751,MMR,RUS,6248.047,1.147,0.675953174077309,5748.186989373698
1752,MMR,SGP,2222.388,0.873,-0.67498432071955,2408.7743300020375
1753,MMR,SRB,7353.246,1.083,1.21651030333635,7184.874312442694
1754,MMR,SVK,7577.915,1.202,1.15533458009199,7267.697381560665
1755,MMR,THA,819.039,0.454,-1.24865658377151,877.7246361008355
1756,MMR,TJK,3352.365,0.263,1.21665276226596,2887.9267060184866
1757,MMR,TUN,8354.72,0.113,1.38961027925227,8416.213806208869
1758,MMR,TUR,6355.217,0.303,1.37169138520292,6077.194901745675
1759,MMR,TWN,2676.831,1.192,-0.148193403848016,2579.778389606691
1760,MMR,UKR,6607.168,0.808,1.20549084759527,6318.331586237838
1761,MMR,URY,16816.925,1.474,0.778263059297228,16964.21696151713
1762,MMR,USA,15297.643,1.057,0.918243062652866,13080.835334838248
1763,MMR,UZB,3486.018,0.401,1.23115332312512,3715.0773821012895
1764,MMR,VEN,16168.493,0.684,1.13388110415014,16168.838159756602
1765,MMR,VNM,1028.872,1.426,-0.828119978961142,990.3923627248712
1766,MMR,ZWE,8235.154,0.07,0.819393583648961,8461.164401631911
1767,MNG,MYS,5000.941,1.418,0.0420222566057905,4924.463618026385
1768,MNG,NGA,9948.455,1.724,0.283986235508481,9761.244368083988
1769,MNG,NIC,13212.018,1.264,0.871275121798677,13426.37470744679
1771,MNG,NLD,13319.698,0.22,0.0485372180998886,6618.841467612443
1772,MNG,NZL,11950.055,0.355,0.127541484850746,11719.582822248783
1773,MNG,PAK,3223.697,1.658,0.84658441076626,3597.663192104124
1774,MNG,PER,16009.542,1.012,1.05262989448947,16332.869807012525
1775,MNG,PHL,3924.636,1.649,0.845237986309468,4239.6230295806745
1777,MNG,ROU,5939.541,1.049,1.02795367489044,5858.754339793687
1778,MNG,RUS,4635.635,0.44,0.237099857787926,4127.304833654598
1779,MNG,SGP,5194.497,0.715,-1.14833251659398,4962.8364384227625
1780,MNG,SRB,6274.215,0.505,0.942005882266066,6228.680891012789
1781,MNG,SVK,6262.862,0.385,0.869260651027982,6067.140914754704
1782,MNG,THA,3845.165,1.134,-0.589232674748539,3407.7284569254653
1783,MNG,TJK,3222.792,1.324,0.725480534588909,2723.8196156265185
1784,MNG,TUN,7512.343,1.701,0.92603945036446,7748.759923506621
1785,MNG,TUR,5765.682,1.285,0.905753032084096,5558.556460232901
1786,MNG,TWN,2849.742,0.395,-0.826347149762726,2902.368340448556
1787,MNG,UKR,5307.661,0.78,0.929957169742153,5178.061612155968
1788,MNG,URY,17997.779,0.113,0.389283921659455,17787.282009761002
1789,MNG,USA,12601.449,0.53,0.571971835486209,10263.075142491878
1790,MNG,UZB,3037.159,1.186,0.745977679547606,3219.987735520792
1791,MNG,VEN,13492.326,0.903,0.843123539573845,13996.981319642908
1792,MNG,VNM,2991.539,0.162,-1.32340504065423,2702.372045344726
1793,MNG,ZWE,10463.4,1.658,0.444323886488965,10354.747838834204
1794,MYS,NGA,10408.978,0.306,-0.456467790321803,11748.79677703395
1795,MYS,NIC,18100.32,0.154,0.963437468205839,17329.045147376266
1797,MYS,NLD,17983.615,1.199,0.155000469321906,11002.7965075417
1798,MYS,NZL,8842.733,1.063,0.360264885278417,7607.244845628902
1799,MYS,PAK,4509.214,0.24,-0.739837687821661,5629.651099408469
1800,MYS,PER,19018.131,0.406,1.12530291917213,18637.014349952897
1801,MYS,PHL,2465.779,0.231,0.873643682228474,1354.5125332061475
1803,MYS,ROU,8620.277,0.369,1.1031151980154,9718.117873013023
1804,MYS,RUS,8125.251,0.978,0.238537904611514,8564.148705156364
1805,MYS,SGP,318.165,0.704,-0.191512297819969,1120.9982824924227
1806,MYS,SRB,9065.554,0.914,1.0005586336479,10054.371643749653
1807,MYS,SVK,9343.025,1.033,0.961656102419296,10146.616588348897
1808,MYS,THA,1183.558,0.285,0.702936956409901,2005.8425472831775
1809,MYS,TJK,5157.223,0.094,-0.831365984849337,5766.85413066152
1810,MYS,TUN,9931.614,0.282,-0.650084447308512,11214.29137981613
1811,MYS,TUR,7986.044,0.133,-0.67010248859007,8912.50961674764
1812,MYS,TWN,3226.17,1.023,-0.0114048581217008,2467.6514515612485
1813,MYS,UKR,8412.105,0.639,1.01549929559836,9196.668438414308
1814,MYS,URY,15816.868,1.305,0.551165089619234,16468.1853227963
1815,MYS,USA,17209.642,0.888,0.674305103173806,14350.465149354115
1816,MYS,UZB,5335.824,0.232,-0.823564569802677,6593.933130701552
1817,MYS,VEN,18039.035,0.515,0.938579428640754,18921.406554391542
1818,MYS,VNM,2036.091,1.257,0.138686383536947,2320.88038642541
1819,MYS,ZWE,8081.552,0.239,0.596522360841549,9459.345489695615
1820,NGA,NIC,10201.791,0.46,-0.0682146718985322,10053.562683266671
1822,NGA,NLD,8265.726,1.504,-0.669195472600892,4782.48934759273
1823,NGA,NZL,16219.415,1.369,-0.490060871610692,16341.906329977268
1824,NGA,PAK,7189.668,0.066,-0.0605472974465755,6695.765711482259
1825,NGA,PER,9636.088,0.712,0.0842550466679579,9219.200515791015
1826,NGA,PHL,12220.054,0.075,-0.167346986361811,12467.001262701024
1828,NGA,ROU,4318.62,0.675,0.0629989218918819,4365.953297981607
1829,NGA,RUS,5816.495,1.284,-0.714512500853622,6274.121923883564
1830,NGA,SGP,10678.691,1.009,-0.0913940728967146,10674.789950527113
1831,NGA,SRB,4166.103,1.219,-0.0394214604717241,4070.799695498224
1832,NGA,SVK,4436.634,1.339,-0.0698537740201809,4500.150657548131
1833,NGA,THA,10087.322,0.59,1.04931684244621,10106.18877373987
1834,NGA,TJK,6890.867,0.4,-0.105886540881877,7189.67805072366
1835,NGA,TUN,3093.885,0.023,0.0645828882007805,2700.582241849815
1836,NGA,TUR,4249.715,0.439,0.0438438741291638,4270.123913165896
1837,NGA,TWN,11928.768,1.329,-0.0788819162260848,11899.069455103065
1838,NGA,UKR,5061.012,0.944,-0.019874961917905,5024.674102679381
1839,NGA,URY,8273.225,1.611,-0.403216023783587,8196.436520776815
1840,NGA,USA,7850.467,1.194,-0.329515446962427,10596.468752371635
1841,NGA,UZB,6994.017,0.538,-0.12358221054728,6556.136456551452
1842,NGA,VEN,8134.188,0.821,-0.0909950400338396,7923.71557364199
1843,NGA,VNM,10496.926,1.562,0.223648768319584,10422.11291012248
1844,NGA,ZWE,3950.592,0.066,-0.372942835985914,3997.7894127212076
1846,NIC,NLD,1954.253,1.044,-0.521840587131553,8940.070608989354
1847,NIC,NZL,11638.476,0.909,-0.693518374604147,11935.804626039093
1848,NIC,PAK,14469.756,0.394,1.44549807966386,14553.784951011929
1849,NIC,PER,2874.022,0.252,-1.36995459472528,3151.729934559527
1850,NIC,PHL,15793.31,0.385,-1.45792307738705,15980.250035124729
1852,NIC,ROU,10763.557,0.215,-1.39787792286961,10494.193002681235
1853,NIC,RUS,10856.138,0.824,-0.756525166861721,10914.084999284538
1854,NIC,SGP,18152.948,0.549,0.517999640902658,18171.66257953872
1855,NIC,SRB,10336.961,0.759,-1.48122319216924,10251.353334180954
1856,NIC,SVK,9971.285,0.879,-1.57472566778367,9957.212708089406
1857,NIC,THA,17042.175,0.13,1.47242860132612,16814.93635817847
1858,NIC,TJK,13810.74,0.06,1.40281793485097,13898.858050982655
1859,NIC,TUN,9764.1,0.436,1.57071095579368,9599.889179410371
1860,NIC,TUR,11485.887,0.021,1.5504129463161,11508.118866131648
1861,NIC,TWN,14902.467,0.869,0.472172716511321,15088.938561140701
1862,NIC,UKR,10764.516,0.484,-1.50857558743859,10780.642489205926
1863,NIC,URY,6110.861,1.151,-0.995200273220707,5940.237818523814
1864,NIC,USA,2387.384,0.734,-1.22112144235947,3226.7215168088437
1865,NIC,UZB,13561.969,0.078,1.38500087818875,13190.397812209027
1866,NIC,VEN,2120.625,0.361,-1.54447539562732,2322.39765628062
1867,NIC,VNM,16098.015,1.103,0.666608958967771,16024.880173230547
1868,NIC,ZWE,13276.741,0.393,-1.06512492914973,13060.639234289178
1892,NLD,NZL,13136.855,0.136,-1.34174345469079,18299.94200299322
1893,NLD,PAK,13480.081,1.439,0.719958202408428,5664.471849520911
1894,NLD,PER,2859.019,0.792,-0.316834644394967,10387.518694125922
1895,NLD,PHL,16872.363,1.429,-0.559017930744985,10750.28594069753
1897,NLD,ROU,9407.638,0.829,-0.344516693121276,1587.381741933644
1898,NLD,RUS,9858.625,0.22,-1.29761579692925,2515.631715537029
1899,NLD,SGP,18287.644,0.495,-0.270351820108599,10441.824175656586
1900,NLD,SRB,8963.469,0.285,-0.444731911602366,1443.4046521181008
1901,NLD,SVK,8665.618,0.165,-0.524139372850351,1031.7262688849742
1902,NLD,THA,16882.263,0.914,0.870770830015611,9014.030746318183
1903,NLD,TJK,12828.682,1.104,0.6345298693196,5264.841773943551
1904,NLD,TUN,8181.467,1.481,0.840400327840413,2100.8388941709673
1905,NLD,TUR,10070.372,1.065,0.817522021982217,2640.303511415462
1906,NLD,TWN,15747.799,0.176,-0.497827117099365,9499.83426026459
1907,NLD,UKR,9580.739,0.56,-0.455064971721852,1866.7208869259741
1908,NLD,URY,5378.636,0.107,-1.08803437958284,11210.211845445836
1909,NLD,USA,777.854,0.311,-0.875329473971925,7399.863637218967
1910,NLD,UZB,12647.792,0.967,0.63191351266133,4450.254977027552
1911,NLD,VEN,239.523,0.684,-0.554012001087072,8040.04159605952
1912,NLD,VNM,16271.214,0.058,-0.107521604080096,8743.975136936966
1913,NLD,ZWE,11386.573,1.438,-1.02189234004852,8273.151600849527
1914,NZL,PAK,13292.762,1.303,0.937935776079337,13183.728870963785
1915,NZL,PER,10590.186,0.657,-0.486728486164483,11062.335101896531
1916,NZL,PHL,8312.656,1.294,-0.711213660924268,7679.918655933903
1918,NZL,ROU,17454.764,0.694,-0.514617270080737,17324.022072098873
1919,NZL,RUS,16549.72,0.085,-1.29606990689676,15846.389360386662
1920,NZL,SGP,8524.716,0.359,-0.185732720867078,8328.29463904584
1921,NZL,SRB,17898.424,0.149,-0.608769854429414,17660.61207777304
1922,NZL,SVK,18101.745,0.03,-0.695841034315988,17712.87669509157
1923,NZL,THA,9745.725,0.778,0.898767703029666,9612.32530007693
1924,NZL,TJK,13897.66,0.969,0.856304515963955,13361.692084317969
1925,NZL,TUN,18596.665,1.345,1.05923529241534,18422.7103292699
1926,NZL,TUR,16822.269,0.929,1.03653647047595,16470.77346121827
1927,NZL,TWN,9190.143,0.04,-0.386166405425108,8869.18030639523
1928,NZL,UKR,17101.002,0.424,-0.62608095464969,16759.074152938334
1929,NZL,URY,10079.317,0.242,-1.27192112580696,10500.401995065578
1930,NZL,USA,13851.724,0.175,-1.04079928926967,12659.599233400442
1931,NZL,UZB,14003.139,0.831,0.852257991261375,14189.044156785616
1932,NZL,VEN,13130.885,0.548,-0.726033480477511,13277.685971760697
1933,NZL,VNM,9910.382,0.194,-0.0554198145883892,9766.491775344628
1934,NZL,ZWE,12455.208,1.302,-1.20321763174412,12439.064467619371
1935,PAK,PER,16146.769,0.646,1.58870746753523,15650.389232163936
1936,PAK,PHL,5248.268,0.009,1.34287272821982,5917.459546856551
1938,PAK,ROU,4164.509,0.609,1.56898343746142,4187.742927772901
1939,PAK,RUS,3654.954,1.218,0.766267815878433,3699.6054500658056
1940,PAK,SGP,4821.998,0.944,0.629100168409826,4856.497969458744
1941,PAK,SRB,4606.254,1.154,1.4689606520645,4490.942437238163
1942,PAK,SVK,4848.698,1.273,1.4439310735872,4684.415451329924
1943,PAK,THA,3547.067,0.524,1.49602738744047,3665.1662411149528
1944,PAK,TJK,663.926,0.334,-1.414083447,1054.5214149099575
1945,PAK,TUN,5615.633,0.042,-1.45163486263717,5587.449576401422
1946,PAK,TUR,3612.847,0.373,-1.47090212892604,3294.59912353091
1947,PAK,TWN,4751.566,1.263,0.710618580177891,5203.306638177208
1948,PAK,UKR,3903.318,0.879,1.49138285410369,3800.2173040216467
1949,PAK,URY,15397.924,1.545,1.08855189487585,14779.801259523132
1950,PAK,USA,12714.313,1.128,1.18406134418894,12222.118639344457
1951,PAK,UZB,913.016,0.472,-1.45167804313394,1434.4587993222624
1952,PAK,VEN,13530.57,0.755,1.42364973612149,13568.464962815418
1953,PAK,VNM,3511.767,1.497,0.948977748801575,3776.110420804184
1954,PAK,ZWE,7254.184,0.001,1.12724679603343,6776.870329742161
1955,PER,PHL,18045.401,0.637,-1.31689236225926,18333.066839946092
1957,PER,ROU,11982.32,0.037,-1.54912928365137,11643.499829525377
1958,PER,RUS,12644.078,0.572,-0.5577236387208,12828.2197953067
1959,PER,SGP,18813.412,0.297,0.695529592682832,18674.43520841371
1960,PER,SRB,11540.57,0.507,-1.44523580327621,11299.948620809319
1961,PER,SVK,11309.608,0.627,-1.36762765071326,11229.706305985208
1962,PER,THA,19690.899,0.122,1.61895649270778,19309.313115579935
1963,PER,TJK,15535.524,0.312,1.55353037984455,15605.41764303442
1964,PER,TUN,10563.872,0.689,1.71374316889595,10073.913313536006
1965,PER,TUR,12556.537,0.273,1.69403812188741,12407.304999407601
1966,PER,TWN,17588.072,0.617,0.673785548532303,18140.930436036262
1967,PER,UKR,12278.739,0.232,-1.4369520297938,12182.572702807363
1968,PER,URY,3295.718,0.899,-0.788132794613982,2809.4246715849367
1969,PER,USA,3632.387,0.482,-1.01570419570316,6369.971768783385
1970,PER,UZB,15399.944,0.174,1.53332393127646,14777.68825326119
1971,PER,VEN,2746.028,0.109,-1.3373773785569,2421.911061019766
1972,PER,VNM,18969.922,0.85,0.845582205824716,19026.571205743694
1973,PER,ZWE,11453.771,0.646,-0.858026912079313,10850.064698243612
1975,PHL,ROU,9255.348,0.6,-1.34153644791463,9690.239522492624
1976,PHL,RUS,8257.553,1.209,-0.810247763933251,8236.535472274734
1977,PHL,SGP,2393.944,0.934,0.48136842705382,2330.670051354813
1978,PHL,SRB,9669.752,1.144,-1.44730591948814,10052.112676206623
1979,PHL,SVK,9795.915,1.264,-1.45840128255206,10033.88792278891
1980,PHL,THA,2205.991,0.515,1.45346925627717,2361.276429512983
1981,PHL,TJK,5739.316,0.325,1.30356874076081,5772.302665015643
1982,PHL,TUN,10799.853,0.051,1.46804503772625,11402.430882470053
1983,PHL,TUR,8813.039,0.364,1.44799250335595,9047.180909487131
1984,PHL,TWN,1161.184,1.254,0.450671821868559,1395.1374941858053
1985,PHL,UKR,8793.119,0.869,-1.4276019266356,9083.204094862653
1986,PHL,URY,17745.252,1.536,-1.00875399884604,17589.84684835304
1987,PHL,USA,16294.61,1.119,-1.2422960167404,13026.628971931488
1988,PHL,UZB,5773.917,0.463,1.2846249884841,6580.531200708201
1989,PHL,VEN,17095.495,0.746,-1.46049617437722,17826.90132241848
1990,PHL,VNM,1751.671,1.488,0.647872156844515,2161.1456928105044
1991,PHL,ZWE,10493.328,0.008,-1.07699781179697,10671.720820755863
2009,ROU,RUS,1498.182,0.609,-0.584726253378815,1924.8235865348247
2010,ROU,SGP,8937.82,0.334,0.67129796236603,9034.828419945175
2011,ROU,SRB,445.28,0.544,-1.47090212892604,371.2161621776202
2012,ROU,SVK,803.721,0.664,-1.39555097885758,557.6820320158464
2013,ROU,THA,7711.155,0.085,1.5988065755953,7712.517674374665
2014,ROU,TJK,3572.104,0.275,1.53283123448526,3963.9040328164933
2015,ROU,TUN,1584.944,0.652,1.69405798554429,1906.0423616702847
2016,ROU,TUR,748.901,0.236,1.67427360405599,1054.5162201574904
2017,ROU,TWN,8495.805,0.654,0.646542991765698,8583.80580673165
2018,ROU,UKR,745.097,0.269,-1.46475495916944,695.4802834406651
2019,ROU,URY,12090.824,0.936,-0.816052974602196,11931.25883454317
2020,ROU,USA,8671.311,0.519,-1.04347668812782,8938.61666401537
2021,ROU,UZB,3492.283,0.137,1.51293102932554,3137.4284764942313
2022,ROU,VEN,9427.308,0.146,-1.36530070670123,9403.262046231855
2023,ROU,VNM,7594.112,0.887,0.821186921932351,7572.744813457216
2024,ROU,ZWE,6939.977,0.609,-0.885950240223639,7205.5536523036335
2025,RUS,SGP,8430.097,0.275,-0.114661325420023,8131.688289281715
2026,RUS,SRB,1708.743,0.065,-0.688668783095415,2260.8226699832135
2027,RUS,SVK,1629.172,0.055,-0.758735512678985,1980.418124457887
2028,RUS,THA,7067.023,0.694,1.00011010507251,6616.837867327344
2029,RUS,TJK,2992.006,0.884,0.697994253605798,2997.7669949756646
2030,RUS,TUN,2943.252,1.261,0.889828523741942,3800.0847225006287
2031,RUS,TUR,1793.132,0.845,0.867762827756813,2224.529750409051
2032,RUS,TWN,7359.773,0.045,-0.246339674677882,6988.936626507966
2033,RUS,UKR,756.492,0.34,-0.692210924423631,1249.4860327358695
2034,RUS,URY,13363.32,0.327,-1.25356554532021,13674.180763924463
2035,RUS,USA,9084.759,0.09,-1.09985318209472,8589.142843591533
2036,RUS,UZB,2790.726,0.746,0.688709871638391,2284.130426144429
2037,RUS,VEN,9930.666,0.463,-0.787409038414745,10429.097154061203
2038,RUS,VNM,6735.604,0.278,0.0737678018346797,6267.748501860631
2039,RUS,ZWE,8203.97,1.218,-1.20662972803432,8687.067590194894
2040,SGP,SRB,9383.1,0.21,0.582668604642886,9346.167675426772
2041,SGP,SVK,9658.957,0.33,0.516035790585704,9509.690422991225
2042,SGP,THA,1434.176,0.419,-0.372151655081892,1595.7312186868537
2043,SGP,TJK,5467.897,0.609,0.522132062118734,5186.465060218629
2044,SGP,TUN,10248.811,0.986,0.721588852566435,10367.756100717192
2045,SGP,TUR,8304.209,0.57,0.700665453522841,8144.412651436963
2046,SGP,TWN,3251.441,0.319,-0.871159657629912,3084.8012442053387
2047,SGP,UKR,8725.285,0.065,0.575297645253759,8585.362282836848
2048,SGP,URY,15746.601,0.602,0.0570288060352004,15916.436631052711
2049,SGP,USA,17510.968,0.184,0.223734465137575,14975.614365568477
2050,SGP,UZB,5642.379,0.472,0.534435925417887,5992.660092246816
2051,SGP,VEN,18352.53,0.189,0.490574306255675,18416.54058774979
2052,SGP,VNM,2206.792,0.553,-1.20045413819177,2269.068901429767
2053,SGP,ZWE,8237.307,0.943,0.10836981866359,8366.931608926909
2054,SRB,SVK,450.72,0.12,-1.47918255272906,522.4889054360093
2055,SRB,THA,8153.283,0.629,1.5298228721245,8050.173484206208
2056,SRB,TJK,4008.197,0.819,1.4311100534819,4312.474887592274
2057,SRB,TUN,1243.641,1.196,1.59409401832097,1546.563666456227
2058,SRB,TUR,1151.177,0.78,1.57416658790339,1256.825393321085
2059,SRB,TWN,8883.941,0.109,0.554105456651189,8953.53067663979
2060,SRB,UKR,974.003,0.275,-1.52639145470033,1057.0312331478472
2061,SRB,URY,11740.56,0.392,-0.909819928691002,11560.825388059733
2062,SRB,USA,8228.777,0.026,-1.14069631755829,8842.663883145056
2063,SRB,UZB,3919.197,0.682,1.41173011324117,3488.172867944021
2064,SRB,VEN,8982.268,0.399,-1.45174284177829,9084.594631050653
2065,SRB,VNM,8021.814,0.343,0.738905561067152,7928.2840796500495
2066,SRB,ZWE,7047.654,1.153,-0.979539785207563,7077.9178677098225
2067,SVK,THA,8387.6,0.749,1.47082214514295,8142.494174490031
2068,SVK,TJK,4225.916,0.939,1.40116302236379,4379.775490391399
2069,SVK,TUN,1383.059,1.316,1.56914435696241,1868.3572260123985
2070,SVK,TUR,1550.867,0.9,1.54883963916705,1612.197841401578
2071,SVK,TWN,8952.662,0.01,0.469913625790894,8868.600553753531
2072,SVK,UKR,1002.809,0.395,-1.5062813725634,955.7102256550739
2073,SVK,URY,11737.598,0.272,-0.997526750115594,11722.096616665303
2074,SVK,USA,7918.239,0.145,-1.22341836263808,8389.25187297269
2075,SVK,UZB,4105.862,0.801,1.38337441523655,3553.035102030184
2076,SVK,VEN,8697.496,0.518,-1.54680233963935,8942.691085144468
2077,SVK,VNM,8192.106,0.223,0.664625541704914,7950.784287774783
2078,SVK,ZWE,7464.885,1.273,-1.06745187316176,7598.8665212243895
2079,THA,TJK,4162.019,0.19,1.39965817148371,3763.1363164567156
2080,THA,TUN,9127.049,0.567,1.56082513319083,9247.92315714193
2081,THA,TUR,7134.691,0.151,1.54429884497706,6923.184835153875
2082,THA,TWN,2529.275,0.739,0.142047261163615,2262.06377192585
2083,THA,UKR,7421.529,0.354,1.51943583775592,7194.385403970982
2084,THA,URY,16703.068,1.021,1.10394540129594,16993.767069569072
2085,THA,USA,16105.547,0.604,1.240300075935,13603.72941511083
2086,THA,UZB,4302.834,0.053,1.41567512432047,4589.45915142328
2087,THA,VEN,16982.925,0.23,1.45002341071357,17043.5378126695
2088,THA,VNM,987.214,0.972,-0.524157371960635,830.8488769120709
2089,THA,ZWE,8389.403,0.524,1.14421265469006,8671.126059461838
2090,TJK,TUN,5070.413,0.376,-1.34435821059299,5632.811121461088
2091,TJK,TUR,3074.662,0.039,-1.36736926078021,3279.022993740136
2092,TJK,TWN,5133.238,0.929,0.577924948655975,4820.64176989254
2093,TJK,UKR,3263.755,0.544,1.45121716291253,3431.437716212087
2094,TJK,URY,15162.495,1.211,1.02136982239112,15385.652643978563
2095,TJK,USA,12060.217,0.794,1.12881009707935,11311.844337075629
2096,TJK,UZB,310.715,0.138,-1.51504926842675,827.766023163977
2097,TJK,VEN,12885.096,0.421,1.37973151751487,13304.035335004952
2098,TJK,VNM,4035.526,1.163,0.832134686511636,3624.4353557028644
2099,TJK,ZWE,7399.204,0.333,1.06326606811825,7754.824176153505
2100,TUN,TUR,2002.96,0.416,-1.55156221728692,2355.2515688532153
2101,TUN,TWN,10074.947,1.305,0.804693656957744,10398.150359586703
2102,TUN,UKR,2217.562,0.921,1.61656678178928,2600.732612307305
2103,TUN,URY,10509.44,1.587,1.21231759474844,10048.612383955155
2104,TUN,USA,7497.392,1.17,1.30891712612791,8913.078189888489
2105,TUN,UZB,5026.181,0.514,-1.35988502197208,4837.409850125903
2106,TUN,VEN,8163.566,0.797,1.54886475595629,8050.745651643265
2107,TUN,VNM,9105.445,1.539,1.03694249933135,9245.477901011833
2108,TUN,ZWE,6455.633,0.043,1.25138684030032,6255.151375130445
2109,TUR,TWN,8146.785,0.89,0.781730717486904,8070.863245177155
2110,TUR,UKR,1181.823,0.505,1.59642899088278,1169.1237461340804
2111,TUR,URY,12328.05,1.172,1.19033055115559,12287.794988555284
2112,TUR,USA,9348.311,0.755,1.28760732477399,9978.226218459868
2113,TUR,UZB,3051.65,0.099,-1.38457621991084,2494.7130150451653
2114,TUR,VEN,10076.468,0.382,1.52847277872656,10276.370783688037
2115,TUR,VNM,7106.078,1.123,1.01589922164495,6890.877842700648
2116,TUR,ZWE,6424.342,0.373,1.22962869931332,6495.393951407257
2117,TWN,UKR,7958.755,0.385,0.537782359717888,7937.453583500465
2118,TWN,URY,18900.807,0.282,-0.0860442838273004,18934.81291411828
2119,TWN,USA,15141.166,0.135,0.134055189285745,11939.353235437313
2120,TWN,UZB,5105.028,0.791,0.598378709186823,5576.702815005981
2121,TWN,VEN,15963.138,0.508,0.440559481460036,16535.351751397215
2122,TWN,VNM,1662.869,0.234,-0.890947339689806,1601.949382048034
2123,TWN,ZWE,10882.193,1.262,-0.0200053635895645,10930.011796735398
2124,UKR,URY,12701.101,0.667,-0.927835232440128,12609.776763587595
2125,UKR,USA,8820.44,0.249,-1.15510508802667,8933.760328187669
2126,UKR,UZB,3123.829,0.407,1.43247413806343,2606.914411738561
2127,UKR,VEN,9627.334,0.124,-1.47631985323428,9879.397586804254
2128,UKR,VNM,7195.393,0.618,0.724437357614957,6995.128021917088
2129,UKR,ZWE,7589.219,0.878,-0.997526750115594,7635.143981041886
2130,URY,USA,5987.561,0.417,-1.34110003001328,9124.545636840712
2131,URY,UZB,15263.188,1.073,1.01178528597121,14727.241279815657
2132,URY,VEN,5164.966,0.79,-1.02777058963158,4556.165518279367
2133,URY,VNM,17681.112,0.048,0.196965612799585,17794.807161416396
2134,URY,ZWE,8639.792,1.544,-1.5062813725634,8508.0557701515
2135,USA,UZB,11874.921,0.656,1.11479218732783,10790.827959474893
2136,USA,VEN,899.653,0.373,-1.25323931026859,4866.779781775697
2137,USA,VNM,15522.526,0.369,0.376545425286611,12801.407020841998
2138,USA,ZWE,11226.539,1.127,-1.40674002034434,14511.625612587057
2139,UZB,VEN,12714.462,0.283,1.36231613253351,12484.658635311222
2140,UZB,VNM,4102.689,1.025,0.848901191172496,4442.140242271731
2141,UZB,ZWE,7663.527,0.471,1.05267107532424,7596.282252442239
2142,VEN,VNM,16422.159,0.742,0.638901925290208,16621.289211697618
2143,VEN,ZWE,11188.674,0.754,-1.09770214531811,10739.076337702852
2144,VNM,ZWE,9222.789,1.496,0.249887430124086,9364.882437655173
