Country,A001,A002,A003,A004,A005,A006,A008,A009,A062,A165,A170,A173,B008,C001_01,C002_01,C006,C038,C039,C041,D001_B,D026_03,D026_05,D054,D057,D059,D060,D061,D066_01,D078,E015,E016,E018,E023,E025,E026,E027,E028,E034,E035,E036,E037,E039,E040,E069_01,E069_04,E069_05,E069_07,E069_08,E069_10,E069_12,E069_13,E069_14,E069_15,E069_40,E069_41,E069_54,E114,E115,E117,E117B,E124,E224,E225,E226,E227,E229,E233,E233A,E233B,E235,E236,E248B,E254B,E258B,E259B,E260B,E261B,E262B,E268,E277,E286,E287,E289,F028,F028B,F114A,F114B,F114C,F114D,F116,F117,F120,F121,F122,F123,F144_02,F202,F206,G007_18_B,G007_33_B,G007_34_B,G007_35_B,G007_36_B,G052,G058,G062,G063,H001,H006_01,H006_02,H008_01,H008_02,H008_03,H008_04,H008_07,H008_08,H008_09
Andorra,0.9614873837981408,0.8213811420982736,0.8595617529880478,0.3532934131736527,0.8246839654025283,0.3449767132401863,0.7632802124833997,0.772410358565737,0.4147959183673469,0.25574425574425574,0.7264360168551784,0.7247675962815404,0.8277268093781855,0.15634365634365635,0.39403807615230463,0.6179240057604962,0.6204909819639278,0.5655655655655656,0.46175,0.9385790172642763,0.31690140845070425,0.5656438631790744,0.6530272787757818,0.47754137115839246,0.22233434241506894,0.14918414918414918,0.4275724275724276,0.3078842315369261,0.2177822177822178,0.5989010989010989,0.6681681681681683,0.6951951951951952,0.4394243641231593,0.6775,0.21286141575274178,0.47258225324027914,0.32517482517482516,0.5426195426195426,0.42861885790172644,0.5485695276114437,0.6148222000664672,0.7630588756086764,0.6027473136147115,0.3340006673340007,0.41500000000000004,0.2942575603126062,0.41200406917599186,0.5021688355021688,0.4025974025974026,0.3191345503718729,0.4665995300436388,0.5734406438631791,0.5895598771750257,0.5573386827148111,0.35200000000000004,0.6368985808238146,0.27683049147442323,0.5452404978136562,0.8937875751503006,0.11816045652903659,0.7397397397397398,0.6666666666666666,0.16003566254318513,0.9113783121799154,0.8272099755065687,0.8308258107656301,0.8893342240035627,0.5386328211979514,0.5489604292421193,0.9014068904397917,0.6234691605433088,0.7895,0.6896896896896897,0.8045318725099602,0.44705294705294707,0.6211133400200601,0.4491991991991992,0.664914914914915,0.5334014996591684,0.5464177598385469,0.8436254980079682,0.35678642714570863,0.45904095904095904,0.20642049234863605,0.2959794696321642,0.11099966566365764,0.05616483881688269,0.07676969092721835,0.03293413173652694,0.07514707514707514,0.03396603396603397,0.5637860082304527,0.8048888888888889,0.5762560143224795,0.2931111111111111,0.2662892662892663,0.2421193829644534,0.5814058956916099,0.5736124958457959,0.7554004652708541,0.352686019352686,0.5085945399393327,0.5303030303030304,0.7547452547452548,0.13276553106212424,0.6291500664010624,0.6540504648074369,0.9042871385842473,0.5169660678642716,0.5494321977287909,0.044244843646041254,0.03293413173652695,0.03396603396603397,0.14556331006979065,0.6623376623376623,0.366,0.036703370036703376
Argentina,0.9694250581588568,0.8195413758723828,0.7300633967300634,0.39760239760239763,0.8438649281176864,0.5353535353535354,0.7293997965412005,0.7115384615384616,0.3747474747474748,0.20693277310924368,0.7446549241165392,0.7526268723451821,0.7084745762711865,0.3494433198380567,0.6013306038894576,0.5539984428873317,0.6168533604887985,0.5948012232415902,0.5950100806451614,0.9530469530469531,0.3895042194092827,0.5786516853932584,0.7102194787379974,0.5376226826608507,0.2874522071602364,0.24881194840461643,0.41004471964224287,0.4125264270613108,0.2743055555555556,0.2780665280665281,0.676378772112383,0.7929025423728814,0.3901705115346038,0.4507337526205451,0.13355048859934854,0.38105263157894737,0.38273615635179153,0.503006012024048,0.49274376417233556,0.4327485380116959,0.553478712357217,0.5845856102003643,0.5899715099715099,0.524245506951509,0.36466942148760334,0.25957147874956094,0.3121527777777778,0.28792569659442724,0.3670715249662618,0.24741200828157348,0.3648459383753502,0.5383429672447013,0.4736012608353034,0.5965468639887245,0.35118434603501547,0.6423432682425488,0.5573212258796821,0.537904761904762,0.8578280232956492,0.2753968253968254,0.49843260188087773,0.6008529276164131,0.4148314047530173,0.8554095045500505,0.7374859708193041,0.7675785937125029,0.8556572849553521,0.6151704940848991,0.619804260218768,0.8755196045388158,0.6672295395699651,0.44390862944162435,0.6962121212121212,0.8662324649298597,0.6079776422764227,0.6311099796334012,0.3874740124740125,0.6252561475409836,0.8349492923214087,0.3512974051896207,0.6954773869346733,0.5088174273858921,0.33477321814254857,0.375041542040545,0.49964392536675684,0.3955419083361765,0.08104442183791116,0.10496929089893914,0.08064516129032258,0.12679075014100394,0.0973063973063973,0.292250233426704,0.6145100796999531,0.31751498915678017,0.18474898881751128,0.26484176484176486,0.4073226544622426,0.48583877995642705,0.6612794612794612,0.685464921114468,0.37559645535105657,0.5522388059701493,0.5390070921985816,0.5184615384615384,0.23856548856548856,0.5697032436162871,0.47752420470262796,0.5244755244755245,0.4923547400611621,0.47440028643036164,0.09614105123087159,0.3722943722943723,0.13366666666666666,0.19104876419505679,0.6416416416416417,0.3647294589178357,0.06666666666666668
Armenia,0.9822840010902153,0.7463175122749591,0.6989514348785872,0.42927631578947373,0.8852459016393442,0.8668307355756085,0.7710909590546854,0.5650572831423896,0.6330049261083744,0.08108108108108109,0.6229508196721311,0.7520661157024793,0.7391304347826086,0.5724607762180016,0.731980115990058,0.47409231891990516,0.8014344262295082,0.5432811211871393,0.7097107438016529,0.9736625514403292,0.48387096774193544,0.7601072607260726,0.8467874794069192,0.5386779184247539,0.5169370908055794,0.28923582580115037,0.4599889624724062,0.5033195020746888,0.46509009009009006,0.30583333333333335,0.8502943650126156,0.882051282051282,0.5159967186218212,0.25214776632302405,0.14949324324324323,0.347970173985087,0.1839662447257384,0.5774767146486028,0.11696869851729819,0.37268128161888703,0.646978397593656,0.7817263544536271,0.6578875171467764,0.6972958057395143,0.20387275242047026,0.2238921001926782,0.24683009298393913,0.4142980189491818,0.26075047932073403,0.1860005644933672,0.40740740740740744,0.43336529242569516,0.4454376163873371,0.5028605841613972,0.4679873672121734,0.5627208480565371,0.7108934401899674,0.5171773444753947,0.7457322551662174,0.26,0.38545150501672243,0.6675354763973357,0.21586436572812595,0.8885109599395314,0.7903780068728522,0.7641105894627022,0.8495467713297823,0.49718706047819966,0.6825396825396824,0.8809855880985588,0.4551631735094267,0.12263763352506164,0.7738879736408566,0.8214578214578215,0.1669407894736842,0.7378800328677075,0.19826875515251444,0.7151976935749589,0.7279500791655025,0.664578111946533,0.3776019983347211,0.22231543624161076,0.19701986754966888,0.35235358511220577,0.7093147118002131,0.09594706368899918,0.015143222039773762,0.10125889436234263,0.03001277139208174,0.073921783625731,0.03127572016460905,0.16508468267262238,0.2901592561907392,0.1622769753610875,0.03487628960102255,0.18497109826589594,0.5624082232011748,0.6630886761435064,0.6004983388704319,0.663643858202803,0.28669410150891633,0.26270456503014644,0.34670079635949946,0.5798728813559322,0.44685200327064595,0.3927536231884058,0.4431171786120591,0.5321252059308073,0.6468483347096063,0.7313969571230982,0.13055328427364404,0.04789272030651341,0.17350848385331144,0.2847392847392848,0.4475465313028765,0.17803660565723795,0.038188761593016915
Australia,0.963209465705306,0.8401283503208757,0.7845482156416098,0.5293892399004404,0.6682027649769585,0.36742424242424243,0.7390581717451524,0.7362193763919822,0.474972191323693,0.5401785714285714,0.7252828788721943,0.7415029044617476,0.8366308648954212,0.20863409217101608,0.540133779264214,0.6313469894475481,0.5626395089285714,0.6311362382790954,0.38589672404219877,0.9197188309285979,0.2967706013363029,0.4937255995538204,0.650483630952381,0.6019816788184708,0.2162565249813572,0.11915367483296214,0.338567956627407,0.2640122086570477,0.18882681564245812,0.5809116809116809,0.6988636363636364,0.7341986455981941,0.550314465408805,0.8907119021134594,0.46057046979865773,0.4916247906197655,0.4032979318054779,0.45970488081725314,0.4439475808955965,0.5467787114845938,0.5180222098145046,0.7134796626984127,0.6398039580619145,0.3949657597630946,0.32516703786191536,0.3591325481398392,0.39553072625698327,0.4837078651685393,0.33296193129062207,0.29396471680594244,0.4189619636499906,0.5352348993288591,0.5899887514060742,0.5481814773153356,0.39050822122571005,0.6208708708708709,0.2786697247706422,0.4853364002300173,0.856760374832664,0.07479488647204732,0.6959421901056142,0.5786773090079816,0.12001017035341978,0.876275591050263,0.5881829167461681,0.7497416020671834,0.8784544362233605,0.32693292370711724,0.42246571831346913,0.8950582663426185,0.712270093222474,0.5601566871852266,0.7594866071428571,0.8457269700332963,0.764879281302639,0.6482525366403608,0.5843661971830986,0.781989853438557,0.6273380403815185,0.643213296398892,0.6394766146993318,0.6229782487451199,0.6785714285714286,0.24232334443211248,0.33732152827630213,0.08655035882207374,0.044593088071348944,0.06756002233389168,0.06618195376584639,0.09429865376264036,0.04833612195575386,0.6180359716738736,0.7486966899064129,0.6320861678004535,0.3376044218327995,0.3836854240668038,0.240990990990991,0.42217245240761475,0.6430563301728947,0.8021529324424648,0.4947916666666667,0.6088185415488978,0.6180281690140845,0.4396114864864865,0.09156895589056394,0.44966949952785645,0.46644042232277527,0.6638873448211969,0.41569767441860467,0.3931006819093462,0.05537037037037037,0.1775060218639985,0.10176415970287837,0.1457174638487208,0.7674678591391839,0.5642775881683731,0.017065479502875163
Bangladesh,0.995,0.6438127090301003,0.6027474067844126,0.3078902229845626,0.9258019525801952,0.9774436090225564,0.7216666666666667,0.67875,0.32916307161345987,0.1292743953294412,0.7337962962962962,0.6962037037037037,0.7382847038019452,0.7641589180050719,0.8330522765598651,0.6660185185185185,0.8930659983291561,0.8823777403035412,0.8172995780590717,0.9947178204058938,0.8547904191616766,0.9345735785953176,0.946388888888889,0.5825437840941717,0.5954861111111112,0.4754901960784314,0.7220357941834452,0.6476793248945147,0.6062445793581961,0.09739714525608732,0.9139130434782609,0.8731077471059663,0.3440951571792693,0.2683720930232558,0.1142433234421365,0.30046728971962616,0.16078244274809161,0.48054145516074454,0.6709259259259259,0.5576851851851852,0.6373148148148148,0.7292592592592593,0.7390740740740741,0.9758333333333333,0.6308724832214765,0.5704347826086956,0.6692395654659806,0.628101644245142,0.6672254819782062,0.45392491467576795,0.5967596759675967,0.5809435707678076,0.6200487507617307,0.5749919015225138,0.6635247072265067,0.7861803084223014,0.24614416115832546,0.5061728395061729,0.7951515151515152,0.5933014354066986,0.6956140350877194,0.8453233973440336,0.7680531484690929,0.9067261241174284,0.7078408195429472,0.8507031759336873,0.8810785681078568,0.8378684807256235,0.8438003220611916,0.7902777777777777,0.6926851851851852,0.32355442176870747,0.5305034129692833,0.8629707112970711,0.16142735768903993,0.5614961961115807,0.08451957295373666,0.20434397163120568,0.749537037037037,0.9061976549413735,0.12132701421800948,0.3942908117752007,0.4968468468468469,0.6517807456872565,0.803720486525161,0.11379629629629628,0.06157407407407407,0.12842592592592592,0.08824074074074074,0.07787037037037037,0.0675,0.11351851851851852,0.13,0.1975,0.1,0.1947222222222222,0.9039548022598871,0.5539814814814814,0.7331109257714762,0.606239460370995,0.2923634336677815,0.36804967541631384,0.2740482417901773,0.5395833333333333,0.31499051233396586,0.43282236248872863,0.3793314934069304,0.7161523491798721,0.5442752397067118,0.7563120567375887,0.17390094602114636,0.12719665271966527,0.3528102392877017,0.4138608305274972,0.7401508801341157,0.2747068676716918,0.09965928449744464
Bolivia,0.9325588899645046,0.544336569579288,0.73715767298655,0.4065880039331367,0.9159812933397838,0.8011950904392765,0.6962639495390588,0.6280251694094869,0.2992718446601942,0.08597948216902784,0.7193067703271784,0.7196184838020062,0.8593827775012444,0.43150851581508515,0.7589416952474277,0.6059820753698304,0.7412451361867703,0.7613691931540343,0.6986835689907361,0.7839625685705066,0.5834153543307087,0.7793262239457102,0.8374979585170669,0.658128078817734,0.3791500664010624,0.3733463988241058,0.6704046806435886,0.561176760216642,0.35437212360289283,0.3167409608717187,0.7879920279023418,0.9341463414634147,0.31926931781441964,0.3172258387581372,0.08979057591623037,0.39960726558664705,0.3011724474841231,0.4770573566084788,0.39705395564382656,0.39011333219431626,0.4735658659646813,0.5494493512157889,0.6243360166475002,0.5424773022049287,0.3834239578184215,0.2967014752196254,0.2386286490156144,0.26995073891625615,0.3943248532289628,0.2002286460885187,0.39711312520980196,0.507008547008547,0.49513070220399796,0.48086290883785665,0.514004914004914,0.5416250416250417,0.598240985048373,0.65227193895248,0.7909662081847513,0.41945343401654084,0.49167482859941236,0.5417651694247438,0.4390467987367212,0.7416499665998664,0.5450304375035557,0.6269673478975804,0.8344226579520697,0.5793570788530465,0.5806307812325866,0.8347788141602575,0.5684017350684016,0.43889427740058196,0.6062408936376882,0.9135593220338982,0.6223352713178295,0.5076904296875,0.22872340425531915,0.45997536945812806,0.8475629702322538,0.43482538121003445,0.5692682926829269,0.4040453872718303,0.2953762911952779,0.6158507028599127,0.7653011714147085,0.44100515892827424,0.06153100775193798,0.17775613978145624,0.11149162861491628,0.11530501089324618,0.11619641294838146,0.1411809648548352,0.33157402825883775,0.24418839700828784,0.1285532924877187,0.29435573297848744,0.5878298873760296,0.5248721524872152,0.3824527387300049,0.4885755955274672,0.1669090321538213,0.3436426116838488,0.22717622080679406,0.5052421367948078,0.3957797220792589,0.5972644376899696,0.5670189565509143,0.5676024524040013,0.6743014944769331,0.7269217858341726,0.29669260700389105,0.2800194457948469,0.38670548277535177,0.4721549636803874,0.44351669941060906,0.1589793915603533,0.2248213125406108
Brazil,0.9434354899735149,0.7350767481523593,0.724124809741248,0.43526011560693645,0.8534319302237392,0.7547958214624882,0.7237822349570202,0.6993454752418896,0.35541474654377875,0.06647398843930637,0.729253769162549,0.7284956667960161,0.8079514824797844,0.3737766263672999,0.6035879629629629,0.5635647088736333,0.6276565192418151,0.5961759631972399,0.5434285714285715,0.818302891933029,0.4505558806319485,0.6928449258836944,0.7897376543209877,0.5086434817978442,0.33636180092873,0.27697634160415463,0.528246942341293,0.4708188153310105,0.3441545893719807,0.4697947214076246,0.7998805256869773,0.8375739644970415,0.367358708189158,0.6368294153104279,0.21604139715394566,0.40755287009063446,0.3893911995177818,0.5176613885505481,0.54624713208784,0.5639361989726953,0.7168604651162791,0.6927599418681464,0.5960485133020343,0.5852239674229203,0.37370174407211443,0.34954280964256024,0.18284600389863548,0.45256038647342994,0.34969207082371057,0.1565334877436788,0.48152634766807995,0.5513227513227513,0.5821192052980132,0.5839951130116066,0.4654125024495395,0.6563260340632604,0.5921516754850088,0.6792030445489142,0.7362299758613123,0.37440982058545796,0.42066420664206644,0.35603185234799434,0.2763178115875211,0.8136313004734057,0.7538867493938096,0.745066788099575,0.7977831846444985,0.48733201145626787,0.43634639235427153,0.7976958845166215,0.3000619962802232,0.3861658932714617,0.7282796317606444,0.8194925028835063,0.42469705712637046,0.6653690888119953,0.3440034762456547,0.6228423475258918,0.939417080310551,0.7595084844938561,0.5056379821958457,0.2894736842105263,0.36235786953919813,0.5903533906399235,0.752895752895753,0.159734426869752,0.05789845304576673,0.3760041128462181,0.08235895469938023,0.22176684881602915,0.06385992017509978,0.16736235340886502,0.5801733836278208,0.24410044719642243,0.1171332142148104,0.34764460345855697,0.4736394557823129,0.6417190775681342,0.48984329657574,0.5396551724137931,0.26643531906689805,0.490220557636288,0.36433093211089285,0.5125689760882894,0.37476400251730646,0.3388925950633756,0.3897832152822494,0.4178702098979396,0.683997689196996,0.771416718523128,0.11479154768703599,0.347016343595591,0.22791050436101631,0.2775238095238095,0.47647409172126265,0.24882075471698115,0.06181266590822905
Canada,0.9177866268458602,0.7962502074000333,0.821304131408661,0.5375808860129417,0.6685747469719595,0.37497925999668164,0.6845860295337648,0.7071304131408661,0.4871826779492285,0.4950223992035839,0.6712847740722305,0.7143963276367458,0.8062468889995023,0.16699850671976108,0.491973618715779,0.6137381781981085,0.5276879044300647,0.6212045793927327,0.3717023394723743,0.8601294176207068,0.29118964659034346,0.5293678446988551,0.6125767380122781,0.6100049776007964,0.24423427907748466,0.16135722581715614,0.3086942093910735,0.28005226480836237,0.242906918865107,0.6208312593330015,0.7226231956197113,0.6450970632155301,0.5766550522648084,0.8303882528621205,0.5138128422100547,0.49863115978098554,0.4412643106022897,0.4920358387257342,0.49585199933631985,0.5651789170952933,0.4969028261711188,0.646977490183065,0.5656213704994193,0.42243238758918206,0.4483159117305459,0.4493943919031027,0.46615231458437034,0.5296996847519496,0.4173718267794923,0.3585531773685084,0.42998174879707984,0.5430562468889994,0.5845362535258006,0.5565787290525966,0.5042309606769537,0.62137049941928,0.24730379956860796,0.5042309606769537,0.8175709308113489,0.1654222664675626,0.6810187489629999,0.6224489795918368,0.1918588573640838,0.8595486975277916,0.667219733421824,0.7834743653558984,0.8743708865660085,0.4889663182346109,0.49115093191748244,0.858000110613351,0.7008185387976328,0.46279243404678944,0.7007839721254355,0.691948730711797,0.6105027376804381,0.68672224987556,0.6348307615729218,0.8884395221503235,0.6370775952657485,0.6132404181184669,0.6185913389746143,0.6264310602289697,0.7945495271279244,0.2230379956860793,0.35451183957903715,0.14844311708423208,0.13257010121121618,0.12269785963165754,0.1580664786239699,0.1760411481665837,0.13799015541175821,0.6377689287096951,0.6960345113655217,0.581328466345888,0.3522482163597146,0.4265803882528621,0.2349099729452374,0.4711022620430285,0.647834743653559,0.7902770864443339,0.482910237265638,0.6312427409988386,0.6420275427244069,0.6852911896465903,0.12630662020905922,0.5885183341629335,0.51335656213705,0.647834743653559,0.39812510370001664,0.3179027708644433,0.09963497594159616,0.15405674464907915,0.14368674298987888,0.18334162933466072,0.6256844201095072,0.47511199601791937,0.056495769039323046
Chile,0.9736666666666667,0.7661990647962592,0.857429718875502,0.35040160642570284,0.7753036437246964,0.5273031825795644,0.704684317718941,0.710960960960961,0.27653061224489794,0.14271047227926079,0.6877452629218521,0.7205964794259446,0.768062827225131,0.4385699899295066,0.6355633802816901,0.5720248166948675,0.6714939024390244,0.6720647773279352,0.6078331637843337,0.8792125458792126,0.4931794333683106,0.677020202020202,0.716961498439126,0.5325506937033084,0.3819372630127542,0.3381843381843382,0.4948665297741273,0.508452868852459,0.33675564681724846,0.704812834224599,0.7409381663113006,0.7877997914494265,0.31191709844559584,0.34444444444444444,0.144220572640509,0.3727560718057022,0.3243099787685775,0.5089005235602094,0.6729772368717601,0.4865061998541211,0.6184957964099068,0.5977800663691497,0.5896464646464646,0.4498153742866734,0.46430976430976434,0.4783387039026137,0.27817500851208715,0.4079754601226994,0.5205387205387205,0.22920892494929007,0.4251108836574548,0.5526948163405424,0.576175326970661,0.5678113076656262,0.440500338066261,0.6175763817370409,0.4538672948566942,0.4750593824228029,0.7652014652014653,0.32772435897435903,0.4770114942528736,0.5610930540508006,0.3002257336343115,0.7625993122257796,0.6339591451174873,0.603299587551556,0.7110633727175081,0.5636649721617042,0.6219570980959267,0.7544224765868885,0.6429239766081871,0.5120967741935484,0.6740665993945509,0.842462311557789,0.5955734406438631,0.6502016129032259,0.5042842741935484,0.6520644511581067,0.6782034050179211,0.6696335078534031,0.44654088050314467,0.3066737288135593,0.3174097664543524,0.39401622718052737,0.45944371632445025,0.39154539154539153,0.11268396809347264,0.1131333558027188,0.11571733513088417,0.15815002820078963,0.14253419238159828,0.3188105117565698,0.5977914389799636,0.3542776002839901,0.2394415357766143,0.36136857764046226,0.37685890460645627,0.4886296689053847,0.5804828973843058,0.5491775763679088,0.32259147364887547,0.42130660727542685,0.4151482672382994,0.48162525879917184,0.33932346723044393,0.6182909604519774,0.4799858306765852,0.45638945233265726,0.7253867791842475,0.7181136120042872,0.15035317860746722,0.4890902987579725,0.2512768130745659,0.20833333333333334,0.42991631799163177,0.3534932221063608,0.08991452991452992
China,0.9515631880228974,0.7567954220314735,0.640678339389935,0.545585465824748,0.7587501380147953,0.2505815885676304,0.7164195496979682,0.6968348170128585,0.361028684470821,0.6543702226653373,0.7129629629629628,0.6775130524303257,0.8181364392678868,0.5016479894528675,0.6929752066115703,0.6131116250045883,0.7561056105610562,0.7478569073524564,0.7229015201586252,0.9487941856623721,0.6865092470277411,0.8989765599207659,0.6548916033894575,0.596919691969197,0.5186776859504132,0.3598197604132322,0.5590369393139842,0.4,0.4399339933993399,0.32748344370860927,0.9611698612029081,0.7157123834886817,0.5033520167051324,0.2965482907401261,0.20901230462254738,0.1717557251908397,0.1474401595744681,0.5254321808510638,0.49724608944701476,0.4754504754504755,0.5297251616696061,0.735003126264298,0.6973408363676487,0.3344418578871522,0.5893783813624821,0.5890442095692693,0.7683653209794838,0.7058628684995032,0.6100088183421517,0.7595537883808262,0.5912368275097061,0.647656940760389,0.6587011837592655,0.6130814274665783,0.7210659618984694,0.7314998895515794,0.46296918767507,0.4612180569627378,0.7508948545861298,0.2291596732684346,0.7265442404006678,0.5740616871051654,0.16518041915942355,0.7428135239797438,0.7866250325266718,0.8361372812920592,0.8778818979622193,0.7404679537254026,0.5952782462057336,0.8636279824464358,0.685782954335367,0.20675453047775946,0.6371981475355607,0.7752808988764045,0.22451175107580273,0.7762896825396826,0.21587512454334107,0.39920556107249255,0.6102835705616242,0.8922442244224422,0.7663907284768211,0.26408217362491715,0.2280411004308916,0.07619521912350598,0.033090072978106566,0.2551807760141093,0.0319870877810792,0.259958071278826,0.07048312375909993,0.05542691219171537,0.06670345842531272,0.15969231901659858,0.3055923473142016,0.3335910463147043,0.10467681447165232,0.5020031609512258,0.18871897163120568,0.5337201949187218,0.6639127561136815,0.6717355371900827,0.31689830134568714,0.32788525683789194,0.30919808697586476,0.6312311809969889,0.26641246684350134,0.483338905605706,0.4371310836396035,0.7221672711286956,0.5745905267817618,0.6969898185037628,0.037598944591029027,0.10645551523149675,0.10597556949488281,0.12359550561797752,0.344050381173351,0.06642432253800397,0.03974020255394099
Colombia,0.9315789473684211,0.6765350877192982,0.8026315789473685,0.4057017543859649,0.8940789473684211,0.7774122807017544,0.8179824561403508,0.7404605263157895,0.2993421052631579,0.045394736842105265,0.7986111111111112,0.7912280701754385,0.845364238410596,0.3335526315789474,0.640625,0.6239035087719298,0.7116776315789474,0.7090460526315789,0.5881578947368421,0.8486842105263158,0.5064144736842106,0.7613486842105263,0.8144736842105263,0.5765350877192983,0.3964912280701754,0.36491228070175435,0.518859649122807,0.48486842105263156,0.3655701754385965,0.3101973684210526,0.7440789473684211,0.9138157894736842,0.3199561403508772,0.46710526315789475,0.33157894736842103,0.39342105263157895,0.28157894736842104,0.4654605263157895,0.41118421052631576,0.44334795321637427,0.4916666666666667,0.5998538011695906,0.568640350877193,0.6046052631578948,0.33925438596491225,0.2975877192982456,0.23092105263157894,0.26228070175438595,0.34671052631578947,0.2317982456140351,0.4131578947368421,0.518859649122807,0.5304824561403509,0.4875,0.40942982456140353,0.5571648014044327,0.5798245614035088,0.7010964912280703,0.7289473684210527,0.42039473684210527,0.3866228070175438,0.45350877192982453,0.3516812865497076,0.6344298245614035,0.4266812865497076,0.5179093567251462,0.6817251461988304,0.32536549707602336,0.408406432748538,0.8126461988304093,0.4710526315789474,0.3962171052631579,0.7189144736842106,0.8276315789473684,0.48223684210526313,0.7582236842105263,0.44276315789473686,0.6702302631578947,0.94203216374269,0.4305921052631579,0.6177631578947368,0.4174342105263158,0.5161184210526316,0.5641447368421053,0.8209586466165414,0.308625730994152,0.06513157894736842,0.28830409356725145,0.08706140350877194,0.11695906432748537,0.09671052631578947,0.1503654970760234,0.4116959064327485,0.3121345029239766,0.12478070175438596,0.32916666666666666,0.5254385964912281,0.5472953216374269,0.45087719298245615,0.5144736842105263,0.23311403508771927,0.3625,0.30701754385964913,0.3605263157894737,0.48717105263157895,0.5543859649122806,0.5197368421052632,0.6333333333333333,0.6771929824561403,0.7753396029258098,0.29429824561403506,0.19144736842105264,0.3344298245614035,0.5142543859649124,0.5368421052631579,0.3256578947368421,0.22039473684210525
Cyprus,0.9712470745570043,0.797583081570997,0.7260458839406208,0.39363143631436315,0.7865853658536586,0.7162759089364593,0.7028475711892798,0.8108108108108109,0.4171747967479675,0.08020833333333334,0.6295180722891567,0.6369994359842075,0.7363238512035012,0.5083841463414634,0.7131230925737538,0.5726842461122379,0.7522912423625255,0.7311416921508664,0.6408629441624365,0.9564489112227805,0.6160164271047228,0.7059572301425663,0.8229908443540184,0.5519412381951732,0.41764496620419783,0.2602040816326531,0.5116684082201324,0.5056065239551478,0.38801811215604315,0.3701570680628273,0.6913133402275078,0.628680479825518,0.4037225042301184,0.48140495867768596,0.2659019812304484,0.452258726899384,0.38704663212435236,0.5095338983050848,0.5767357571638917,0.5792982456140351,0.6319163292847503,0.6877217072891635,0.5053981106612686,0.5541752933057281,0.41452991452991456,0.4051787016776076,0.37914023960535587,0.47120418848167545,0.4428374655647383,0.29338989042064334,0.40732351830879576,0.5243445692883895,0.5477855477855478,0.5460212687935461,0.3088235294117647,0.5957147874956095,0.4534883720930233,0.5038291011688836,0.8385964912280701,0.23445345693317884,0.5901981230448384,0.5579046276720695,0.3435225618631732,0.8195020746887965,0.7889803383630544,0.7595338983050847,0.8465391621129326,0.6229450856942986,0.5708084007978411,0.8615609536662169,0.5684246811444329,0.5154665314401623,0.7360122075279756,0.8633603238866396,0.575765306122449,0.7593623481781376,0.46219135802469136,0.710297131147541,0.8029415144203148,0.6785714285714286,0.5690721649484536,0.4129979035639413,0.3113897596656217,0.5661040787623066,0.6978548607941579,0.12648355374703288,0.050505050505050504,0.05274971941638608,0.04717192041135703,0.06776433691756271,0.05993265993265993,0.224002849002849,0.46671281873774084,0.1913447782546495,0.08412866737363026,0.1860570908677357,0.5060679611650485,0.538508040140249,0.6435374149659864,0.6619337390128466,0.25119291070211314,0.3699712643678161,0.36562612127735916,0.40997942386831276,0.2282608695652174,0.46505939902166316,0.4610757254069356,0.6138211382113822,0.42821606254442074,0.45602836879432623,0.09489795918367347,0.13914529914529913,0.14217687074829935,0.21721311475409838,0.6834532374100719,0.3868312757201646,0.07049965776865162
Czech Republic,0.9124270225187657,0.8083333333333333,0.7774067890929327,0.32303839732888145,0.695053400786959,0.2659988870339455,0.6588366890380314,0.700792326939116,0.39941569282136896,0.3727959697732997,0.6738888888888889,0.6717720226492156,0.7168674698795181,0.4223993288590604,0.7428989139515455,0.6121785946347349,0.7173640167364017,0.592964824120603,0.5301003344481605,0.8663324979114452,0.4506302521008403,0.6365159128978224,0.5636154289004031,0.5369415807560137,0.4803754266211604,0.33164556962025316,0.3984835720303286,0.48218776194467733,0.4549319727891157,0.49194915254237287,0.7154300168634063,0.6188455008488964,0.38865721434528777,0.47721518987341777,0.265209940017138,0.34052453468697125,0.31599312123817713,0.40694682675814753,0.3769808173477898,0.4911242603550296,0.5181767337807606,0.700604370060437,0.4985110738879583,0.38724637681159424,0.43874404261283995,0.4951024042742654,0.4075642111205193,0.5173913043478261,0.4987384356602187,0.3242937853107345,0.5100472813238771,0.47329334475864043,0.495221027479092,0.5333333333333333,0.561832490163013,0.6577200577200578,0.2589052997393571,0.580952380952381,0.7248722316865418,0.23015873015873017,0.5133165124754696,0.5194326241134752,0.2570824930375492,0.7859353023909985,0.6613175675675675,0.7171288436144123,0.8104850014017382,0.4751349815288434,0.36186186186186187,0.7727694305323687,0.5981543624161073,0.5157035175879396,0.6803347280334728,0.8651755852842811,0.6748324958123953,0.6835708298407376,0.5618708053691275,0.7721943048576214,0.6736871665262566,0.5508403361344538,0.28699743370402053,0.3542905692438403,0.3195392491467577,0.1927777777777778,0.1892439780586692,0.2522952969833239,0.18313791178112784,0.24516908212560384,0.1309158530915853,0.2514029180695847,0.2249299719887955,0.5703765846383296,0.6506069094304388,0.5631205673758864,0.42065514962711226,0.42396919319996246,0.279655990510083,0.5259072203516647,0.6305254378648875,0.7184195882025599,0.4145048814504882,0.4681286549707603,0.4481292517006803,0.5581103678929765,0.20509607351712614,0.596977329974811,0.4876385336743393,0.5859092174881649,0.36099350832627713,0.2638888888888889,0.05759599332220367,0.0739505143174868,0.06366416458159577,0.09202112871837644,0.7447168216398986,0.3637130801687764,0.0431274346132443
Ecuador,0.9579855314412911,0.6178112786152987,0.7764738753841856,0.4180028129395218,0.9225842383737122,0.7732331663884252,0.8327683615819209,0.7151793160967472,0.28912133891213393,0.05862361937128292,0.7539417547764793,0.7296109240553684,0.7829457364341085,0.4468174204355109,0.7614966555183946,0.5933351898264179,0.7508361204013378,0.78610183639399,0.7007956448911222,0.8107957707289928,0.5621314237573716,0.7809364548494984,0.8929868678401789,0.5782485875706215,0.3709997167941093,0.37089991589571064,0.5554617117117118,0.500210970464135,0.34650967199327165,0.4259882253994954,0.8959561920808761,0.9391778523489933,0.3119266055045872,0.31069609507640067,0.0776173285198556,0.3060016906170752,0.17567567567567569,0.5038135593220339,0.4383753501400561,0.45834523469484906,0.5557415155741516,0.5714817919344323,0.6782349099729452,0.7103505843071787,0.3995510662177329,0.34725774367718104,0.2773109243697479,0.2188295165394402,0.4330532212885154,0.23033865099356282,0.48397976391231023,0.5775910364145658,0.5967007963594995,0.5921866216975828,0.5159128978224455,0.6541038525963149,0.6666666666666666,0.6558773424190801,0.7479954180985109,0.41188584877905265,0.49017957351290686,0.5168464887374598,0.4090301641848033,0.6650713213213213,0.44557823129251695,0.5443769875686615,0.7274509803921568,0.4510978043912176,0.4808201058201058,0.8011400803663209,0.5842021226636611,0.5639145012573344,0.6729323308270676,0.8830543933054393,0.5662625418060201,0.6853556485355649,0.4726890756302521,0.6776703111858705,0.8752664257251412,0.2917383820998279,0.548441449031171,0.33164556962025316,0.32478991596638657,0.5857063093243998,0.7788404064554691,0.3822448402601074,0.10199143867485576,0.25504416550441655,0.1307298930729893,0.14836656369933537,0.14490311710193765,0.1722362632219414,0.37421472105016407,0.2620309739112358,0.1586764429404023,0.29507426207933823,0.5630707762557078,0.5206108300543376,0.4151363383416806,0.4476905954368392,0.15733778891673628,0.28551336146272854,0.24521396396396397,0.4425213675213675,0.3570833333333333,0.5497985031663788,0.5071225071225072,0.6346688925987758,0.753013737033922,0.765079365079365,0.1504745951982133,0.2548197820620285,0.2806136680613668,0.3962159154145799,0.5193602693602694,0.23554065381391448,0.08877721943048576
Egypt,0.9988888888888889,0.7272727272727273,0.5351836276983459,0.33475661827497866,0.8536789297658862,0.991111111111111,0.5754795663052544,0.6433333333333333,0.24643755238893547,0.07351712614870509,0.5408892601875057,0.6153119984895685,0.6690273843248347,0.8754173622704507,0.938133445945946,0.4104346214437957,0.8276942355889725,0.8974519632414368,0.875737152485257,0.9755555555555556,0.6904156064461408,0.9474562135112594,0.9477945281965382,0.7329368450863779,0.7544757033248082,0.3344632768361582,0.718855218855219,0.6545801526717557,0.6887379739671761,0.07941929974380871,0.914041404140414,0.8448905109489051,0.3112970711297071,0.08626609442060085,0.05531914893617021,0.03580562659846547,0.01238257899231426,0.5908289241622575,0.3616703952274422,0.39951267056530215,0.8284259259259259,0.8228861550478421,0.6797605686494574,0.6578573458368855,0.19824890556597874,0.201949860724234,0.18016194331983804,0.3017975402081362,0.3150684931506849,0.09958190801976434,0.3581375108790253,0.22564855604503178,0.26677231907025883,0.49731471535982813,0.566051393412957,0.3482647296206618,0.3529411764705882,0.6082966226138032,0.8529121421520237,0.4412081984897519,0.4071363220494053,0.7810457516339869,0.5307419630851973,0.8619434040782356,0.5738102775139812,0.7763793541825578,0.6916248955722639,0.6841832504145936,0.5961517072628183,0.9035876607678174,0.37982973149967253,0.12406015037593986,0.3807531380753138,0.6631161236424394,0.15533778148457048,0.1601758793969849,0.100251677852349,0.22969011725293134,0.8357197403589156,0.5829124579124579,0.20466101694915254,0.1873406966864911,0.19165247018739354,0.6765607580824972,0.939408454077356,0.08768348400894332,0.007345420734542072,0.3193863319386332,0.056487695749440715,0.05970571590265987,0.019744807674396944,0.11795593061415846,0.44276518331933945,0.0636678975047555,0.012831241283124128,0.6265060240963854,0.9374651032942491,0.6028074337682878,0.7300528217959411,0.7800945232137892,0.3011744966442953,0.488135593220339,0.2835689045936396,0.3489089184060721,0.2512315270935961,0.7553648068669528,0.624745269286754,0.8194444444444445,0.6408677807094694,0.7587492828456684,0.21333333333333335,0.16041145398943565,0.38202559821925436,0.3046744574290484,0.3657094594594595,0.12721145745577084,0.07812065610230748
Ethiopia,0.9821138211382113,0.8084010840108401,0.7145187601957587,0.40209886771610054,0.967479674796748,0.975338753387534,0.7276422764227642,0.8173311635475996,0.3923841059602649,0.11908646003262643,0.5310550583129915,0.7199453551912568,0.7335827098919367,0.5046786004882018,0.7277913610431948,0.46873300706905924,0.8778455284552845,0.8939024390243903,0.8995117982099268,0.9574525745257453,0.7526487367563163,0.8523189585028478,0.9296959826275787,0.5243169398907104,0.4485903814262024,0.2677015250544662,0.5894507884719957,0.4977495908346972,0.400599128540305,0.21877584780810588,0.86607892527288,0.706198347107438,0.3349767187072035,0.22750210260723297,0.06650041562759768,0.302880658436214,0.06016597510373444,0.43094841930116473,0.39294503691550453,0.4442573887018331,0.5715592135345221,0.9159869494290376,0.8603407649084648,0.8725250881475454,0.42929774388306324,0.49807321772639696,0.49587301587301597,0.5298726738491675,0.48334781349551115,0.3369499698613623,0.566427289048474,0.6172624237140366,0.6193939393939394,0.6499402628434886,0.8389574759945131,0.621160409556314,0.43166089965397925,0.560344827586207,0.9006734006734007,0.3925419869057786,0.4976680384087792,0.631470560703922,0.4630727255621413,0.8914508017838504,0.7125235404896422,0.8095377699599334,0.9115859449192782,0.6060349689791314,0.8338025525525525,0.9435336976320582,0.49176276771004945,0.13835559265442404,0.6412952060555088,0.6550658978583196,0.6439205955334988,0.6291459369817579,0.14640883977900554,0.2844748858447489,0.849897636329797,0.7394888705688375,0.1744186046511628,0.1736053288925895,0.13738551207327226,0.8747967479674796,0.9026713124274099,0.06984126984126983,0.05247918928700687,0.2143439282803586,0.055646036916395226,0.06072245084590763,0.054284676833696435,0.07519274376417233,0.1767635606266413,0.07922231307349868,0.05188807389296386,0.1256904826586978,0.8720287451630735,0.5238500851788755,0.6989422294548414,0.5703401360544218,0.44480696030451333,0.47326786688488814,0.31472081218274117,0.46797520661157027,0.47876949740034663,0.442080378250591,0.39199759326113115,0.6033686498234175,0.8342826145918092,0.8977401129943503,0.18729641693811075,0.05904761904761905,0.19175481421209656,0.28555917480998916,0.6327361563517915,0.3273615635179153,0.08734693877551021
Germany,0.9569962890198647,0.8556138051550896,0.7644356955380577,0.6029251255184458,0.7335121842164095,0.42181340341655715,0.7194827964058733,0.6847540983606558,0.5615183246073299,0.45951417004048584,0.7485956080834609,0.6814814814814815,0.8082990397805212,0.22800393959290874,0.3920755968169761,0.6791017482261722,0.5920875420875421,0.6884105960264901,0.4160079051383399,0.9437513679142044,0.36511627906976746,0.5356906807666887,0.6721199727334697,0.5557884928954111,0.20822162645218947,0.15,0.37014725568942436,0.29380053908355797,0.2112233445566779,0.5308056872037914,0.8310765064319566,0.6638341264445955,0.6900087260034905,0.7903439153439153,0.3623633879781421,0.5466977985323549,0.18732970027247958,0.4688979039891819,0.4655452265014018,0.5200595517943896,0.5666446353822427,0.7263990537443632,0.5215479331574318,0.41230486685032136,0.41655540720961287,0.4916173570019724,0.457619374000457,0.556981981981982,0.400891861761427,0.36388508891928867,0.35684931506849316,0.5750865051903115,0.5937086968014803,0.5753361149745017,0.38218965134354876,0.6751815677435512,0.2628782628782629,0.39758756668986317,0.9216867469879517,0.06272401433691757,0.7582562747688244,0.7336010709504684,0.04996852376455776,0.9511817981002872,0.8349227470983958,0.8557281116362818,0.9568800588668138,0.4838198687485856,0.1615096108766995,0.9404970760233918,0.7309513241603787,0.6506221349050425,0.7473787680209699,0.8718074656188605,0.7823952879581152,0.5493119266055047,0.40062213490504256,0.6677028795811518,0.5092592592592592,0.6712558764271324,0.823859881031064,0.4865138233310856,0.7698730794923181,0.27978537012702587,0.34444865479348236,0.05980650835532102,0.01803374054682955,0.056504599211563734,0.03574815787553805,0.05745614035087719,0.03616214639836687,0.4956456456456456,0.7108745472018925,0.6809843400447427,0.3524293524293524,0.16953262786596118,0.20844875346260386,0.4448903753251579,0.6471890216910138,0.7364597093791282,0.3981981981981982,0.5350098619329389,0.5439865027717523,0.4842914438502674,0.0752153744201458,0.6856763925729444,0.5668473351400181,0.7101354303189166,0.24563884959924565,0.25886524822695034,0.022920759659463,0.10216110019646366,0.05526430755788554,0.0599250936329588,0.6744827586206896,0.44715447154471544,0.0067759562841530055
Greece,0.976388888888889,0.8323586744639377,0.7590731434952541,0.3847443419949707,0.8806366047745358,0.7624617098301308,0.5950390189520625,0.7895066889632106,0.46638655462184875,0.08417508417508418,0.5757407407407407,0.5626220362622035,0.7638259292837716,0.4786253143336127,0.7298994974874372,0.4458426547352722,0.5690376569037657,0.6197654941373534,0.660953177257525,0.9691409507923269,0.5289429530201343,0.647822445561139,0.71285140562249,0.5683106575963719,0.3540408398044291,0.21499013806706113,0.4517766497461929,0.45502533783783783,0.3425685425685426,0.35676625659050965,0.7971938775510203,0.47640249332146034,0.3508625486922649,0.3799494524010109,0.3172413793103448,0.4337606837606838,0.4201537147736977,0.5,0.5206840546479412,0.5913354607871578,0.697257089725709,0.652731013842125,0.5254803675856307,0.6074818537130096,0.2709387296233839,0.2818452380952381,0.23482924075642111,0.4507829977628635,0.25300867618247974,0.18825853796217895,0.39724849527085127,0.4606114050558495,0.4754990925589837,0.4881889763779528,0.3001965739960685,0.6869639794168096,0.1360022714366837,0.2894576477757465,0.9354568315171836,0.16711509715994022,0.49331056077426705,0.642495126705653,0.25376830318690785,0.9269521410579344,0.8351532567049809,0.8031828204390759,0.9391556678835532,0.5600358422939068,0.4994192799070848,0.9287773128777312,0.4890772128060263,0.31213389121338914,0.6632610508757297,0.8155806182121972,0.5175585284280936,0.4087301587301587,0.2886343216531896,0.6041666666666666,0.818580765639589,0.7029535864978903,0.3931330472103004,0.39595872742906274,0.27186147186147186,0.5427890011223345,0.6577229876722263,0.06519511967961256,0.014504881450488144,0.024578000370988683,0.02121719709659408,0.07544006705783737,0.04194630872483221,0.39722929035906135,0.6517957351290684,0.23411636435722072,0.09833427976528487,0.15927223195174156,0.3421300659754948,0.47106481481481477,0.5670850767085077,0.687604690117253,0.2380952380952381,0.3100639906922629,0.30646083476272157,0.37732263513513514,0.2295703454085931,0.47250566893424034,0.4802836879432624,0.5261111111111112,0.5719895287958116,0.36093189964157707,0.11528822055137844,0.25,0.07971014492753624,0.23169033695349484,0.7834448160535117,0.4560669456066946,0.017837235228539576
Guatemala,0.9547057228098724,0.7350149172769189,0.790886899918633,0.5006780580417685,0.8467588825603473,0.7629509085977759,0.8022782750203418,0.7609845402766476,0.40950413223140497,0.17982099267697316,0.722177018352771,0.750293825151433,0.7256600660066006,0.3724572823433686,0.6804312449145646,0.6627791338938613,0.701179820992677,0.636899918633035,0.5844182262001627,0.9022185702547246,0.3889340927583401,0.7418633034987795,0.8484349258649093,0.5504714364947311,0.32863070539419087,0.2849596886294134,0.5726495726495727,0.5394629780309195,0.30016583747927034,0.41253051261187956,0.7343368592351506,0.7925142392188771,0.4593629873695772,0.4249374478732277,0.17215189873417722,0.36280233527939953,0.25989890480202194,0.5927583401139137,0.314875730994152,0.4446291678211877,0.47487321346242506,0.583149374540103,0.6082113596612353,0.6943314347708164,0.3387577976674803,0.2747491185245457,0.2093843232980743,0.21399511798209928,0.34580960130187144,0.19717927854624354,0.33468944941687007,0.42283699484675885,0.42799023596419855,0.44182262001627337,0.39056143205858423,0.516680227827502,0.6650393273664226,0.714130729590453,0.7534580960130187,0.4076484947111473,0.4485800937413841,0.43386681383370124,0.39060042557128316,0.6936362796711923,0.4469423628457766,0.5578781122259383,0.6596471783504202,0.45959176133739726,0.4515859766277128,0.7238888888888888,0.43602553427699137,0.5944816053511706,0.6779128248113998,0.7394869638351557,0.5244725738396624,0.8107653490328006,0.5154138513513514,0.7974283305227656,0.9041677967634029,0.6720911310008136,0.6326955074875208,0.41485809682804675,0.5012605042016807,0.6402224030377,0.707776357084738,0.3491537895511405,0.13725490196078433,0.34055555555555556,0.1345514950166113,0.1538675570395103,0.14540580513958218,0.21770401106500692,0.4449039610329933,0.30303030303030304,0.17816569686893877,0.45476322093237515,0.4858569051580699,0.4695459579180509,0.48169717138103163,0.595257788806176,0.2776399228012131,0.44407345575959933,0.37513842746400883,0.39987613542526834,0.43449959316517495,0.4901129943502825,0.4441609977324263,0.5741795497694603,0.7813940873338758,0.7138595063737456,0.23379441280173582,0.23406563601844319,0.27827502034174123,0.3257390832655276,0.4987654320987654,0.25165016501650167,0.18307567127746135
Hong Kong,0.9209638554216868,0.749558232931727,0.7207990977928146,0.4765826873385013,0.6973938223938224,0.3872525350072429,0.6315789473684211,0.6106024096385542,0.39218523878437045,0.39496611810261373,0.6259509268188149,0.6284504475531971,0.7443044110518663,0.4393683702989392,0.7911636890391116,0.5917337627482555,0.7075289575289575,0.6572911636890391,0.5830115830115831,0.8972007722007722,0.5060357315306616,0.7014727184934815,0.5876089060987415,0.6863123993558777,0.40550161812297736,0.347007722007722,0.40555824850541283,0.4466183574879227,0.4014198128428525,0.5099225556631172,0.8296278395360078,0.4461500974658869,0.3785829307568438,0.43254352030947774,0.2948717948717949,0.40458937198067635,0.24394966118102615,0.49607458292443574,0.41019860440150296,0.4869964855366315,0.48641377454936774,0.6586494484799569,0.587071876507477,0.5132118824881011,0.5075279261777562,0.45171957671957674,0.40003253619651863,0.5146653702803435,0.4715762273901809,0.3492219492219492,0.49950835791543763,0.5482093663911846,0.5483764082173626,0.5473049991858003,0.6521317829457365,0.6148615832928607,0.3766764802093556,0.46676514032496313,0.6751759122893144,0.2830219600131104,0.5887487875848691,0.5496031746031745,0.2746681019016864,0.771869918699187,0.5876057876057876,0.6666666666666666,0.7685411572942136,0.4718875502008032,0.35876632717647733,0.758667097329888,0.5287226001511716,0.5913693346190935,0.7339759036144579,0.857039537126326,0.5786746987951807,0.772289156626506,0.6116739025566812,0.7809937288953207,0.4932815282499595,0.7550773694390716,0.5746737554374094,0.31761006289308175,0.5045871559633027,0.23531305327539032,0.24411947299441264,0.22926409718862548,0.11384335154826958,0.3061859541820913,0.1448087431693989,0.1365953109072375,0.11223778099683458,0.3245500592736286,0.4858620132493133,0.5545332257196663,0.2648910411622276,0.3864664082687338,0.3531059482616576,0.5311838462791076,0.5686084142394823,0.6631291204373694,0.37388915818387464,0.4896551724137931,0.4839396919042937,0.439893359185652,0.33624454148471616,0.45576580947759987,0.44163424124513617,0.6513982642237224,0.4697554697554698,0.4888126735260493,0.09654618473895583,0.08871745419479268,0.15533043897732754,0.16538090646094503,0.6215953307392996,0.2509671179883946,0.0872289156626506
India,0.9765563435776201,0.7856294536817102,0.6777843954734961,0.4811435523114356,0.8867775138558986,0.8138657131505761,0.7392249901146699,0.7369899467770551,0.4036287923854848,0.17685851318944845,0.6893759873617694,0.6856368563685636,0.771112600536193,0.6189831528279182,0.7620721271393643,0.6072842438638163,0.8393281807372176,0.84061004784689,0.8253567181926278,0.9442144687561601,0.7068699938385705,0.8737373737373737,0.9185319620891308,0.5475740390674229,0.543794105437941,0.38080869040434523,0.6636744464392579,0.6202474351237175,0.5029707027248514,0.36624775583482944,0.7656734947237741,0.6554993678887485,0.4907683144729006,0.3320767649074709,0.28840970350404316,0.40681818181818186,0.32637508283631544,0.5003073140749846,0.3184601924759405,0.3990970958830267,0.5106540297102911,0.5507306313757927,0.6065122524337025,0.8520499108734403,0.5971014492753624,0.6040633120718166,0.669247311827957,0.707167090754877,0.5830772382708461,0.4329243353783231,0.5378736794785345,0.6868903164406376,0.673031588873173,0.6623156876963983,0.7931520644511582,0.7980118443316413,0.6607843137254902,0.6525789593274256,0.8007293007293007,0.36809815950920244,0.7168047588697685,0.7053938859494414,0.40971644961669895,0.7904279991566519,0.6901777494511719,0.7329117735621801,0.7965160663474217,0.614247311827957,0.6273864384463462,0.8276812792941824,0.6500420875420875,0.546875,0.7098187311178248,0.7437537180249851,0.21309148264984226,0.7786614645858343,0.4187938736439055,0.6961966604823747,0.7518184851518185,0.705989110707804,0.5517023959646911,0.44241842610364684,0.44053708439897693,0.6638888888888889,0.7096254872055584,0.19139915202907326,0.0986333927510398,0.28964017398181097,0.10326484473701708,0.1160329018338727,0.10293237582286055,0.19831311863934198,0.2335958005249344,0.2061979387265283,0.10071942446043165,0.316991452991453,0.5345117845117845,0.33850129198966405,0.6812536960378475,0.679144385026738,0.37048132614339924,0.5209965842877236,0.388458225667528,0.5381877022653722,0.40643863179074446,0.5520412741139524,0.5360390330450211,0.768545994065282,0.6152054214315967,0.6312513414895901,0.232741617357002,0.1976190476190476,0.30116439707913956,0.32854578096947934,0.5535168195718654,0.24281345565749235,0.2258511480601742
Indonesia,0.9920833333333333,0.7605633802816902,0.7516421645292461,0.5003166561114629,0.9730123997082422,0.9933333333333333,0.7901427529436282,0.7184375,0.29384182557049077,0.051891216005001566,0.7285148101793909,0.7419749205351216,0.8381374722838137,0.6962441314553991,0.7683996241778891,0.6077040745376164,0.5528290090653329,0.6593045112781956,0.698125,0.879545691361884,0.6726003764115432,0.7831353547983746,0.8972030891254436,0.6445418493007723,0.6273649001776942,0.5033907146583203,0.3390625,0.45856785490931834,0.5817708333333333,0.4775580665411174,0.7649289099526067,0.5454832596336071,0.383390930987538,0.18378887841658811,0.08454030226700253,0.2551148882593642,0.10577526679221595,0.5543307086614173,0.3569710281351323,0.37814070351758794,0.5414489724834552,0.6236559139784945,0.675125313283208,0.9473629351678131,0.5044507278249032,0.5093273638204883,0.5105778339122198,0.6518379281537175,0.5185997910135841,0.4113677106400928,0.5586126923887835,0.6868368526105684,0.6810589347620548,0.7487468671679198,0.7230076447795581,0.7300536108483129,0.5522531160115053,0.5902532863097146,0.7693457145906715,0.5417473638906821,0.6746031746031746,0.7204504788969582,0.609905693824009,0.7552116234996841,0.44342539883336846,0.7799682034976152,0.743322818086225,0.6172334172963896,0.796996429321571,0.8257831156061245,0.7038344925985375,0.23558897243107768,0.641260162601626,0.8708567854909319,0.2609208045254557,0.5249683944374209,0.19820885434268334,0.4125418060200669,0.82043463021381,0.7120213433772755,0.25219298245614036,0.2382297551789077,0.34360337816703157,0.7472109269106454,0.9413632704177476,0.2533598631619367,0.061778612154081494,0.1596244131455399,0.09594853069031473,0.16682325921286145,0.10348071495766697,0.06402895222187424,0.1878597592883307,0.13229504198459982,0.05383411580594679,0.26467902795336423,0.7372943518809599,0.5623237450648618,0.5495101104857203,0.5,0.19678966020429434,0.37451656736699074,0.28413749605802585,0.5380937201147593,0.2744479495268139,0.31513805141225004,0.4573594440934934,0.7939583333333334,0.7650564617314931,0.8771399798590132,0.30239583333333336,0.14753414659576689,0.37702012303200916,0.32635416666666667,0.33511979823455235,0.041979949874686714,0.10472022507033449
Iran,0.9766511007338226,0.6891711229946524,0.7650857270095747,0.5292280232039269,0.9085229808121376,0.8635959056519804,0.5934090403028279,0.7136181575433912,0.41555407209612816,0.14839572192513367,0.5778816199376947,0.6582514149538278,0.8034993270524899,0.7155287817938422,0.8652434956637759,0.5050774590467719,0.7361389445557783,0.7576871657754011,0.5823272971160295,0.9441850122303758,0.6533066132264529,0.6199064796259185,0.8174338447854126,0.6617614269788183,0.5406752775889417,0.4880952380952381,0.5524960823819117,0.5734605087014726,0.5048325466396943,0.19098856758574312,0.9143049932523617,0.6166778749159382,0.4910873440285205,0.32949152542372884,0.3273648648648649,0.29340511440107675,0.15462525320729237,0.2886178861788618,0.3496644295302013,0.4340419116538519,0.6522937146261543,0.7187827127261852,0.6796159857110962,0.6829868097473731,0.5168010752688172,0.49693973634651606,0.548445654640345,0.5996874302299621,0.6662204373047748,0.43246336996337,0.47742818057455544,0.6533242876526459,0.6134122287968442,0.6798569192935391,0.49966510381781654,0.6632882882882883,0.5028519279032626,0.6793306196291271,0.8538843721770552,0.7009704355675921,0.5534633490248824,0.7586829048263419,0.4845197740112994,0.7776262970537,0.7513513513513512,0.817838246409675,0.7441530299633864,0.6973231643487364,0.5785889194980104,0.8677462887989204,0.6098884303836161,0.23060200668896322,0.6260013351134847,0.8366733466933868,0.3700734802939212,0.7182274247491639,0.19368315508021391,0.6893382352941178,0.6414073071718539,0.6746138347884486,0.5151209677419355,0.4922715053763441,0.6889632107023411,0.5476349843819723,0.8349079110602157,0.28870735950381965,0.0510992275698158,0.1339563862928349,0.0897350256067691,0.14804865308559062,0.055184690698709384,0.1921761118548267,0.2947572237116473,0.2305084745762712,0.05399792315680166,0.6513177598083258,0.5981543624161074,0.4534679207769366,0.6291582942621121,0.6782531194295901,0.32843137254901966,0.5315252665739453,0.33560245064669847,0.45121951219512196,0.3622895622895623,0.5075342465753425,0.6784500339904826,0.7207387627948376,0.487673343605547,0.4554317548746518,0.22652425456163772,0.15742596303718548,0.3355644801427934,0.39118825100133514,0.3178763440860215,0.14966442953020134,0.13190730837789663
Iraq,0.9891666666666666,0.8046744574290485,0.6946074322436434,0.42165242165242167,0.9123539232053424,0.9441666666666667,0.5957025728018095,0.6508333333333334,0.3232758620689655,0.11243611584327086,0.385,0.6425,0.69875,0.8061139028475711,0.8997068676716918,0.3837962962962963,0.8644174350377201,0.9096410684474123,0.8643459915611815,0.97581317764804,0.8344509639564124,0.9291666666666667,0.9741666666666666,0.7080459770114943,0.7008978675645342,0.3876357560568087,0.6236378876781224,0.5983432455395072,0.6410256410256411,0.3021276595744681,0.9098984771573604,0.8734939759036146,0.39475908706677937,0.1839622641509434,0.11695652173913045,0.21592844974446337,0.11767241379310343,0.5308333333333334,0.5862037037037037,0.6051851851851852,0.23398148148148148,0.3181481481481481,0.3541666666666667,0.5712672876093705,0.44144927536231887,0.3787457522397282,0.16024518388791595,0.36108650723354,0.46769143182465134,0.1483739837398374,0.2894736842105263,0.3491611269389047,0.3983364140480592,0.4757575757575757,0.30034887408817,0.388689407540395,0.6680863145939807,0.5698275862068966,0.5766923736075407,0.47020648967551626,0.3190115136197697,0.6939814814814814,0.4890740740740741,0.7801851851851851,0.7462962962962962,0.7099074074074073,0.7008333333333333,0.7001851851851851,0.6037962962962963,0.7044444444444444,0.4076851851851852,0.21431570109151973,0.6899664147774979,0.7378863826232247,0.2619352088661552,0.48606418918918914,0.32787234042553187,0.5673728813559322,0.864537037037037,0.40051457975986277,0.47038917089678517,0.13905579399141632,0.3156089193825043,0.47832328452483497,0.8739209726443768,0.285,0.1573148148148148,0.2600925925925926,0.16574074074074074,0.19277777777777777,0.18305555555555555,0.19796296296296295,0.30796296296296294,0.15527777777777776,0.14222222222222222,0.4400925925925926,0.8289211500142328,0.3388888888888889,0.7060301507537688,0.7154403567447046,0.3066439522998296,0.4351770558969857,0.32386027235050324,0.2607944732297064,0.5376246600181324,0.6148894486425973,0.6153846153846154,0.8113522537562605,0.728823359352414,0.7304843304843306,0.2150806900389538,0.3560606060606061,0.38567030506577105,0.3956412405699916,0.37910699241786017,0.09856781802864364,0.2711484593837535
Japan,0.9724086502609993,0.7742821473158552,0.7873563218390804,0.5961786728634134,0.7292464878671776,0.24808743169398909,0.7338872104733133,0.6314317673378076,0.28034901365705617,0.3559718969555035,0.6399331662489556,0.5606602007827123,0.6811594202898551,0.4984709480122324,0.6658358895705522,0.5651472710296239,0.6965863453815261,0.6525848765432098,0.33951551854655565,0.8995502248875562,0.48753894080996885,0.501593625498008,0.5875389408099688,0.6654578422484134,0.3845661223182837,0.2973127501429388,0.33032762248271713,0.4400257953568358,0.35253525352535253,0.2673119880863738,0.82060785767235,0.10283159463487333,0.5510976532929599,0.7076796036333609,0.1893939393939394,0.2780872794800371,0.19575699132111862,0.43852459016393447,0.5159662403201949,0.6657848324514991,0.6722391084093211,0.6032370953630796,0.5713537575281487,0.21777777777777776,0.5759654471544715,0.48397435897435903,0.41260666116157446,0.4780130293159609,0.5598779557589627,0.39223897264098273,0.5101053230856818,0.5007514277126541,0.4673170731707317,0.434963247043784,0.5834662413609782,0.5618043350908026,0.3420975752264096,0.45437441204139234,0.8003412969283277,0.05165945165945166,0.5953538627768774,0.6583194212576516,0.09220477021524141,0.7905629139072847,0.6887943262411347,0.7649572649572649,0.8454503886602651,0.3510956656047881,0.18972640982691236,0.8561020036429873,0.6816615441929774,0.6781437125748503,0.6437406296851574,0.9551377513030529,0.3542921686746988,0.3817771084337349,0.31902420574886536,0.7123210248681235,0.6529914529914529,0.5847457627118644,0.6596009975062345,0.18875685557586838,0.40166666666666667,0.3807578008915305,0.41353383458646614,0.08479080932784636,0.01186299081035923,0.033442019898001836,0.034078539730386,0.028592927012791574,0.043018867924528296,0.4300411522633744,0.6447636782832313,0.5759453875864546,0.18982960596379128,0.6446273433927755,0.22865309038942477,0.6148846960167714,0.5487383798140771,0.6597911892029539,0.2891529555149299,0.3163841807909604,0.36752136752136755,0.4983753046303818,0.3550670640834575,0.41913377192982454,0.3092403628117914,0.5260651629072681,0.6413632842757553,0.6016856987493203,0.13982521847690385,0.1460559796437659,0.09706546275395035,0.14462081128747795,0.6256077795786061,0.1420849420849421,0.06586224233283056
Jordan,0.9919645331116652,0.7902777777777777,0.7339449541284404,0.4520011195074168,0.8673867386738674,0.9808811305070657,0.6925215457325549,0.788269550748752,0.3019425675675676,0.1596989966555184,0.6519811582155721,0.7076752563036852,0.7549107142857143,0.8134359400998336,0.913685524126456,0.4907176503186478,0.8793677204658901,0.9177057356608479,0.828684429641965,0.9595455804932114,0.8148998330550918,0.9301745635910225,0.9543262411347518,0.6862416107382551,0.7099494097807757,0.33777038269550747,0.7781484570475397,0.6263666947014297,0.5811111111111111,0.3527684563758389,0.8828715365239295,0.9132439228834871,0.42497904442581724,0.14741907261592302,0.1523235800344234,0.11843238587424634,0.10652920962199312,0.5130252100840336,0.22657045055046718,0.4964295915452727,0.7816731589686514,0.8258511036288814,0.7391384729155112,0.6478471628172228,0.39601386481802425,0.4922279792746114,0.14365781710914455,0.4216120460584588,0.451788268955651,0.14027476500361535,0.35900033772374196,0.45733788395904434,0.4873440285204991,0.5048188767032237,0.42083333333333334,0.38459177409453654,0.5185885318210459,0.4896727041626946,0.6584645669291339,0.5565302144249513,0.6256410256410256,0.6872706745695738,0.5602475791155036,0.7541942287412521,0.6050428074136796,0.6563993087323371,0.7020583030641706,0.565098261526833,0.7112794612794613,0.7974971558589306,0.6280193236714975,0.12845766974015088,0.6043933054393306,0.6663197335553706,0.1994991652754591,0.433319397993311,0.2843383584589615,0.4947786131996658,0.7996185026227944,0.6412952060555088,0.22227074235807862,0.1400862068965517,0.21079691516709512,0.5919588202559822,0.8775851763299463,0.2216572504708098,0.04175925925925926,0.1720460025969208,0.045517624202053845,0.12284623265344136,0.049248747913188645,0.10154217762913414,0.312076487515084,0.05555555555555555,0.02611111111111111,0.48176135833566563,0.953781512605042,0.5912265996088293,0.6624790619765495,0.684969495285635,0.343341673616903,0.4746438746438747,0.4313390313390314,0.24108658743633277,0.1834901625320787,0.8972640982691235,0.8201901565995526,0.8971365026410897,0.5097142857142858,0.6572997416020672,0.19261726339161808,0.11962253677490979,0.1759644740494033,0.24485253199777407,0.48984771573604063,0.09707112970711297,0.0588398556758257
Kazakhstan,0.9762277951933125,0.7559758339900184,0.7098472880463401,0.46354992076069734,0.7754081095313323,0.6205417001877179,0.7291494632535095,0.679080824088748,0.3816639741518578,0.23891625615763545,0.6573266367080799,0.6294813628680722,0.7299205648720212,0.6174483306836248,0.7061264822134388,0.5719706998499691,0.699759807846277,0.6287029623698959,0.5815433571996818,0.9503267973856209,0.6155088852988692,0.8297448165869218,0.8177208433413398,0.5208681135225376,0.5298245614035088,0.4081248318536454,0.43587640142193057,0.4984012789768185,0.496505376344086,0.587121212121212,0.7992610837438424,0.6081314878892734,0.46213333333333334,0.1465076660988075,0.06899488926746167,0.12585034013605442,0.06330196749358426,0.49184043517679055,0.2966524216524216,0.469186902133922,0.5655270655270654,0.5964675137424529,0.6069257203277821,0.7300450808804031,0.5647339158061955,0.5414620840152755,0.6064516129032258,0.6051650692225772,0.5895601483836778,0.560483870967742,0.5273712737127372,0.5691533948030176,0.6059564719358534,0.5953593661573288,0.5428417942519473,0.604199893673578,0.6852852852852853,0.5730300032970657,0.7136404697380307,0.45845845845845845,0.684887459807074,0.6632791327913279,0.47454996896337676,0.7089992389649924,0.7344128047645636,0.6973658150128738,0.7548319527753975,0.7109397315052841,0.6747474747474748,0.7686573708673156,0.6093131966918375,0.39816326530612245,0.6296372629843364,0.8147554129911789,0.4193218954248366,0.6437855402112105,0.4198190789473684,0.6204006541291905,0.6641393627583717,0.6185950413223141,0.42055267702936094,0.3816131830008673,0.15448943661971828,0.4953129307968018,0.5435744172145845,0.26699972245351095,0.13245092742661624,0.15260488704472108,0.11627906976744186,0.21626329299596628,0.1383238405207486,0.2786113562812592,0.4124194493263034,0.30680542801754923,0.14182316118935837,0.2760356174990321,0.5163204747774481,0.5086460632818248,0.6037884767166536,0.6044303797468354,0.27954425013248546,0.42058165548098436,0.45398428731762064,0.5263381478334749,0.30604133545310014,0.530885780885781,0.5063817156426239,0.6085302906818799,0.6216867469879518,0.6680294358135732,0.10063897763578276,0.1012965964343598,0.17768817204301074,0.37423148890670943,0.546979865771812,0.27887788778877887,0.06548577563070318
Kenya,0.9876250658241179,0.8125,0.743000528262018,0.48569901095963647,0.9515151515151516,0.9354413702239789,0.7720138334663474,0.7710987261146497,0.44826192400970094,0.09584664536741214,0.5416666666666666,0.6695813460519343,0.7337448559670783,0.4607454401268834,0.7202380952380952,0.4306878306878307,0.7480111376292761,0.7623113582208102,0.7044187898089171,0.9175257731958764,0.6752187748607796,0.7870737509912767,0.8696343402225755,0.3966346153846154,0.473585411638509,0.2796996513810673,0.327991452991453,0.5830015923566879,0.3912927350427351,0.4612903225806452,0.8497202238209433,0.8664,0.4889774236387783,0.3641715727502102,0.28164291701592625,0.42464612822647796,0.28184845961698585,0.5464371497197759,0.4028993193670998,0.5654556704676037,0.5939490445859873,0.7126008690254501,0.7043524416135881,0.7848436671966085,0.6047008547008548,0.4660670482420278,0.4146472805600431,0.49758064516129036,0.6578877361000266,0.3097369134797939,0.5180363439110388,0.60172460253301,0.5951405951405951,0.6443368307775088,0.7156233279828785,0.6470746108427269,0.5394381415451107,0.597943722943723,0.7445077298616762,0.5170346143363315,0.5195843325339728,0.3964012595591543,0.3784806704514734,0.6288126361655774,0.5522982265653275,0.6319444444444444,0.6203779043486122,0.4106789122996578,0.6039630836047774,0.7687328190121486,0.49933172948409515,0.4698795180722892,0.8759036144578314,0.8828685258964144,0.8533519553072625,0.8763955342902711,0.4685457516339869,0.7407258064516129,0.8284677990092003,0.7253694581280788,0.37989991659716427,0.435886761032473,0.5677896466721446,0.7947186836518046,0.9025974025974025,0.25737144911902193,0.2130612244897959,0.4114089719288745,0.22313371616078753,0.28278725516743386,0.24341630591630592,0.2952977487291213,0.41522870446453025,0.3403789393506617,0.22112301914445362,0.29461000735835174,0.715062533985862,0.5730337078651685,0.5688924218335983,0.6123044285335455,0.30402344790834,0.4629032258064516,0.37496642492613486,0.33682514101531025,0.4247491638795986,0.5642666666666667,0.5009477389656106,0.6361950185479598,0.8134188719593691,0.8092192912336796,0.3556440903054449,0.35887204043628623,0.37433439829605963,0.5996290408055114,0.6874500399680256,0.2988782051282051,0.22809829059829062
Kyrgyzstan,0.976111111111111,0.803888888888889,0.7253756260434058,0.42592592592592593,0.8027381950265438,0.7847222222222223,0.878231859883236,0.764375,0.33709273182957394,0.1184873949579832,0.8203487293637544,0.7479354354354354,0.8245382585751979,0.7267002518891688,0.8233445096395642,0.7197180485995177,0.8352177554438861,0.797489539748954,0.7594300083822296,0.9557964970809008,0.7748107653490328,0.8937813021702838,0.9299860529986054,0.7305626236923947,0.6749217193282095,0.5338366890380313,0.42028985507246375,0.6303979678238781,0.6537598204264871,0.2900340715502555,0.9227539882451722,0.7628644939965695,0.35140394773422295,0.14267241379310344,0.05955441302485004,0.14910790144435004,0.05734919286321156,0.6397248495270851,0.13758389261744966,0.37100132500473215,0.5436241610738255,0.618767507002801,0.7469811850603763,0.7026643990929706,0.47019675925925924,0.4935595350298461,0.39313304721030046,0.5294784580498867,0.537380550871276,0.3756111590451539,0.48744892002335083,0.5607531626949103,0.6150898909519599,0.5985507246376811,0.649645390070922,0.5628415300546449,0.6602687140115163,0.5785288270377734,0.6559139784946236,0.43760344256868583,0.5949331056077427,0.593681917211329,0.422673434856176,0.7275452196382429,0.6875389408099688,0.7161684345869496,0.8105877616747182,0.6803840877914952,0.7394143454749516,0.8442746651575175,0.5948673587081892,0.2775689223057644,0.7326649958228906,0.825625,0.3503756260434057,0.7128857381150959,0.3181818181818182,0.6982470784641069,0.8773847186271689,0.6661045531197302,0.37182741116751267,0.34865092748735244,0.15836148648648649,0.3460570469798658,0.6667066155321189,0.2293144208037825,0.07864419689612492,0.13337154867679374,0.06689635371805915,0.13363879343260787,0.08280922431865828,0.08946859903381642,0.13960852043753597,0.10758066097871923,0.04656084656084656,0.12745670363884024,0.6868244230207421,0.32633420822397197,0.687308228730823,0.6359060402684564,0.2981121442659904,0.35921501706484643,0.43395691609977327,0.4874780316344464,0.21083333333333334,0.7113372914899633,0.680365296803653,0.7002801120448179,0.6647025813692481,0.8044146409611623,0.07658033973823447,0.050547598989048016,0.09491903964265774,0.13260442949257079,0.596964586846543,0.35388513513513514,0.0296420581655481
Lebanon,0.9891666666666666,0.8105555555555556,0.7819444444444444,0.4398884239888424,0.873611111111111,0.8461111111111111,0.6766666666666666,0.7275,0.43,0.09916666666666667,0.6314814814814814,0.5423148148148148,0.6849662162162162,0.646875,0.8816666666666667,0.45675925925925925,0.736875,0.7729166666666667,0.7452083333333334,0.936111111111111,0.6689583333333333,0.8108333333333333,0.9013888888888889,0.5047779651489601,0.4671144696333613,0.22222222222222224,0.5743073047858942,0.48552852348993286,0.40380313199105144,0.37226890756302516,0.8580968280467446,0.8361486486486486,0.4402777777777778,0.18776371308016876,0.14043993231810492,0.17957446808510638,0.16780529461998292,0.6425585284280936,0.4557785209959123,0.508909413191529,0.580925925925926,0.6101758323980545,0.5561129691564474,0.48743718592964824,0.3406408094435076,0.3097470872406934,0.2736192879170171,0.25671472999717276,0.37142857142857144,0.25322128851540615,0.30538749639873236,0.32989690721649484,0.3647092688543466,0.36851063829787234,0.35066780335322534,0.4284900284900285,0.3958687040181098,0.590677966101695,0.68610876303184,0.3539848749272833,0.4313888888888889,0.6734485321441842,0.3811413454270597,0.7199074074074073,0.625462962962963,0.6388888888888888,0.6956481481481481,0.5676851851851852,0.4417853751187084,0.6607793664143539,0.3691545080433969,0.15729166666666666,0.7085416666666666,0.7454166666666666,0.31083333333333335,0.50875,0.369375,0.5133333333333333,0.7592592592592592,0.5557432432432432,0.3725738396624473,0.15213675213675215,0.24379811804961504,0.5501536742106734,0.7937176555542184,0.26678043230944254,0.10792848450809697,0.17067875011800246,0.11268518518518517,0.17348927875243664,0.1826851851851852,0.1512962962962963,0.32719151312116135,0.15075993580666477,0.12120370370370369,0.3150855068309926,0.6646740677483632,0.4372184684684684,0.5680868838763575,0.5504459308807136,0.29604897050639956,0.43157010915197314,0.36909751327186363,0.25042194092827,0.32393162393162395,0.5880555555555556,0.600393147992137,0.7108333333333333,0.606388888888889,0.6216666666666667,0.07805555555555556,0.12944444444444445,0.11027777777777778,0.12611111111111112,0.3702127659574468,0.2631578947368421,0.07277777777777777
Libya,0.992747559274756,0.8605299860529986,0.6490344248530646,0.47823645043527097,0.9441168211176636,0.9916317991631799,0.7537083683179402,0.8350752508361204,0.4409780775716695,0.09268707482993198,0.7698752737313148,0.7332761578044596,0.7371794871794871,0.7590260285474392,0.896095717884131,0.6146550863531995,0.8598993288590604,0.893964794635373,0.7879295892707461,0.9706867671691791,0.7912111017661901,0.9360318791946308,0.9736473226801233,0.7232168229610686,0.7086503240349394,0.40646976090014064,0.6063679909833757,0.5301433389544689,0.588351710489115,0.19746835443037974,0.9489881956155144,0.9070567986230637,0.5135740274279317,0.18511957484499555,0.21478260869565216,0.2732358003442341,0.1851851851851852,0.5,0.3634214485278315,0.31422575657168106,0.609670781893004,0.7092153765139546,0.5271574303832369,0.8043355855855856,0.2412507171543316,0.2766634829672079,0.1746312684365782,0.410323709536308,0.26554149085794654,0.10821705426356588,0.29465408805031446,0.3649588867805187,0.35756446101273687,0.47773766546329727,0.3602962962962963,0.45642795513373596,0.5455604075691411,0.5629693818601964,0.8062082970699158,0.6646341463414633,0.37815602836879436,0.6561884012864405,0.6356300434512725,0.8221443860673282,0.7203634861627427,0.708080808080808,0.7001363970202497,0.7220680439921883,0.7626674725496121,0.8417874396135265,0.315268947421536,0.13257899231426132,0.7483136593591906,0.6686340640809444,0.3580273270708796,0.709847844463229,0.3623619371282923,0.6648397976391232,0.9017275559331634,0.5895779500430663,0.5485519591141397,0.18224699828473412,0.4543515358361775,0.5629787234042553,0.9769507803121249,0.18041037553232675,0.017598934550989345,0.22766598619616996,0.03405331776610235,0.054836544914198065,0.027154097102283628,0.06463390566410104,0.2980646428922291,0.023267277925663018,0.016778850843820116,0.3935599284436494,0.9507002801120449,0.43901287046876847,0.703020134228188,0.7208717518860017,0.30272395394552093,0.29948364888123924,0.3364618885096701,0.3289699570815451,0.28031634446397186,0.7501414827391059,0.7026255707762558,0.8285873813512005,0.7194326241134752,0.8023391812865498,0.24803591470258135,0.2872400224845419,0.35768261964735515,0.3691575706689057,0.43813559322033896,0.0893760539629005,0.08704337899543378
Macao,0.9497224942866471,0.8490504256712509,0.7789783889980354,0.4872047244094488,0.6910167818361302,0.39663699307616224,0.6816552623004236,0.6585127201565557,0.42311459353574926,0.4380165289256199,0.6066536203522505,0.608330607349253,0.8006889763779528,0.4390303623898139,0.697702834799609,0.5778433300557194,0.6808562992125984,0.6286909448818898,0.5488703339882122,0.9159335288367546,0.5321709233791749,0.7074729596853491,0.5723147241266733,0.5883316945263848,0.43352979698755734,0.37287581699346406,0.4995093228655545,0.4919117647058824,0.4170755642787046,0.6305201177625123,0.8233562315996075,0.48572834645669294,0.39915281850765727,0.32468168462291874,0.20501474926253688,0.3107843137254902,0.22914622178606478,0.5320197044334976,0.46022418108608115,0.5059055118110236,0.510828164109261,0.6600087317179655,0.558382257012394,0.5158964274008523,0.5329400196656834,0.5241855873642646,0.5576354679802956,0.5703484549638397,0.5253122945430637,0.5421209117938554,0.5911949685534592,0.6085958005249343,0.6023622047244095,0.6090250329380765,0.6771964461994078,0.6610837438423646,0.43212299640170104,0.5088408644400787,0.6430446194225722,0.33759423139954114,0.6588158325155381,0.5773172135866436,0.3115289202245724,0.7354654357621716,0.6370664899491937,0.7275237464104263,0.7926735076685424,0.5456410256410256,0.4205455455455455,0.7200306815691431,0.529064039408867,0.6019061583577713,0.6993639921722115,0.67384916748286,0.3697252208047105,0.7070657507360156,0.44119094488188976,0.7163555992141454,0.6338582677165354,0.8494623655913979,0.4951028403525955,0.2492639842983317,0.3234714003944773,0.19000979431929482,0.2408442829186469,0.19928245270711023,0.13981300282670145,0.27968596663395484,0.14600370733834914,0.14357298474945532,0.15284606140063367,0.3197434224831485,0.48661640992024474,0.46189074255806345,0.2688277668631303,0.3318052826893691,0.31106745252128354,0.5621043440296878,0.6238562091503268,0.6748206131767776,0.4106090373280943,0.454158480681074,0.444007858546169,0.5488703339882122,0.39373163565132224,0.47435897435897434,0.44741180349488957,0.7498362802881468,0.37749427543343145,0.39020381328073633,0.06908971840209562,0.059441707717569785,0.07687275106313379,0.08374546653478404,0.5333333333333333,0.18860510805500982,0.061412151067323485
Malaysia,0.9867986798679869,0.7636455953287637,0.7915714648387917,0.5112972835745113,0.8283828382838284,0.8730642294998731,0.6760599136836761,0.7027798933739527,0.4642041127189642,0.19573495811119573,0.6654819328086654,0.6867225184056867,0.777989337395278,0.5752094440213252,0.853008377760853,0.5828890581365829,0.7475247524752475,0.7538080731150039,0.6106245239908606,0.908098502157908,0.6209063214013709,0.7962680883472962,0.8527545062198528,0.572988068037573,0.5620715917745621,0.42015740035542015,0.4044173648134044,0.47182025894897184,0.47245493780147246,0.43564356435643564,0.7837014470677837,0.698019801980198,0.4742320385884743,0.45125666412795123,0.2878903274942879,0.31264280274181266,0.17745620715917745,0.5575019040365575,0.39290852162139295,0.5054582381315055,0.5266141998815266,0.6449183379876449,0.5788271134805788,0.7342479674796748,0.44825832697686246,0.5467479674796748,0.4533435036867532,0.5578438850750064,0.4583333333333333,0.3910500889905924,0.5607333842627961,0.6465648854961832,0.6304791029561672,0.6457855869620576,0.6404580152671756,0.665650406504065,0.6211890243902439,0.6720020325203252,0.7700711382113822,0.4908396946564886,0.5458238131505458,0.4677200135915732,0.5551304939216186,0.40859667006455996,0.47434590553856604,0.42179650915283096,0.45322085889570546,0.49382716049382713,0.4814246762099522,0.7985106202927984,0.5619023440805618,0.6403274942878904,0.7808453922315308,0.7806549885757806,0.6726961157654227,0.8577684691546078,0.6408987052551409,0.849009900990099,0.7776931539307776,0.6313785224676314,0.607006854531607,0.4691546077684692,0.5883472962680883,0.6323940086316323,0.8276574910238277,0.37725310992637723,0.23330794617923328,0.3851231276973851,0.25294067868325293,0.2676652280612677,0.2316154692392316,0.28052805280528054,0.40475586020140475,0.32817127866632817,0.23889312008123886,0.3972243378183972,0.7344503681137344,0.582127443513582,0.6039603960396039,0.670982482863671,0.29347550139629347,0.4945417618684946,0.3927392739273927,0.3811881188118812,0.37395277989337394,0.4091024663107043,0.38443935926773454,0.5374460522975375,0.7572988068037573,0.7991876110687991,0.15333841076415333,0.31835491241431835,0.20563594821020564,0.26275704493526275,0.5544554455445545,0.28103579588728106,0.10434120335110435
Maldives,0.983638113570741,0.8046975546975548,0.7757400257400258,0.22449642625081223,0.8552546744036106,0.9845708775313404,0.71658615136876,0.6947926711668274,0.4252651880424301,0.21324245374878287,0.7002035786992392,0.7915996999892854,0.7166344294003869,0.5585260115606937,0.8698267564966313,0.6640976236351959,0.7843659244917716,0.6926427879961278,0.5621974830590514,0.9268527430221367,0.6364734299516908,0.9521276595744681,0.9414414414414414,0.5457198443579766,0.523623330074943,0.26815823605706873,0.4650563607085346,0.42902131782945735,0.49076773566569487,0.18124392614188534,0.8452611218568665,0.8719806763285024,0.315958815958816,0.4787234042553192,0.3315585672797677,0.43023255813953487,0.19223300970873788,0.5261627906976744,0.5392535392535392,0.5842985842985843,0.6317704988225219,0.6750241080038573,0.7433429579724093,0.6821256038647343,0.3375282349144886,0.5114603798297316,0.20671834625322996,0.4655674102812803,0.3719806763285024,0.17913832199546487,0.4405684754521964,0.5629268292682926,0.5621551444336255,0.6504854368932039,0.6498545101842871,0.670229996760609,0.4050425671250819,0.5812133072407045,0.602815979043877,0.5717111770524234,0.562862669245648,0.5925925925925926,0.44739012607517376,0.8062248995983935,0.6530473272046305,0.6157978966620942,0.7195605391324045,0.5627017058552328,0.74428603756506,0.7078229099505695,0.4165856818918043,0.5144369586140519,0.76454898157129,0.5848601735776278,0.30300096805421106,0.9099229287090559,0.4576848249027237,0.891156462585034,0.9192114004071573,0.8695652173913043,0.18477206595538312,0.3611650485436893,0.37088974854932305,0.7120622568093384,0.9387953818333565,0.09514625522340084,0.0327745540511498,0.041639905801755514,0.026679524268723883,0.043758043758043756,0.03208213025344883,0.17004178720668597,0.5248820248820248,0.11164891900613101,0.04577050582825366,0.6872388299582128,0.9636772741883639,0.513365539452496,0.6283043197936815,0.6782385085181615,0.22243776268994503,0.2777777777777778,0.3568627450980392,0.40516409266409265,0.24951737451737455,0.48546511627906974,0.513915857605178,0.6666666666666667,0.7240038872691934,0.8285620269825601,0.10090264345583495,0.07528957528957529,0.22286634460547505,0.1946330423537019,0.5903381642512078,0.22147001934235977,0.08916990920881972
Mexico,0.9883208883783267,0.6954022988505748,0.8078544061302683,0.38188447514872387,0.8967432950191571,0.7172704619513129,0.832471759525177,0.7189476710753306,0.2986789201608271,0.10299194476409666,0.7930395913154533,0.7959874768385405,0.7721407624633431,0.41935483870967744,0.5942385639837869,0.6455938697318007,0.7622478386167147,0.7243071593533488,0.6979527104959631,0.8814857361669539,0.4747826086956522,0.7263142692085499,0.8368835156399924,0.5678578402655732,0.3439306358381503,0.30178880553952686,0.5563258232235702,0.6130434782608695,0.2981642512077295,0.47029988465974626,0.7283556072051134,0.7675159235668789,0.35172413793103446,0.27466820542412,0.11408614668218858,0.23023658395845353,0.178716020821284,0.4967798594847775,0.47247942386831276,0.466333998669328,0.5444380181222287,0.6231604652657284,0.6487704390369512,0.6113671274961597,0.32850801003667246,0.2528870620473674,0.20910852713178296,0.21194264388135928,0.33179811936288617,0.1689655172413793,0.3566841798015178,0.38541666666666663,0.5138806851742469,0.4687561600630791,0.3678294573643411,0.5719542901413907,0.6237448316597756,0.6776794493608653,0.6758607198748044,0.41314274369664483,0.43385326400924323,0.45103025560772037,0.34844602142059267,0.6286944607555295,0.5103123158515026,0.5257306437653951,0.6685598642120382,0.49372494907681186,0.4546592856201397,0.8117979331150909,0.46935088398503033,0.4111143021252154,0.4738355376653249,0.7912119471568064,0.5150775416427341,0.5024439332949971,0.27817711328349626,0.4410580793559517,0.8743850233211935,0.6487889273356402,0.12057971014492753,0.16144927536231884,0.2343568945538818,0.5938278704236151,0.7068923026369834,0.41076853467778424,0.14829774956722444,0.23169082125603865,0.15457535306635714,0.2199638663053297,0.18305216210975372,0.25012980269989615,0.44895591647331784,0.3075408544989171,0.19653141784766712,0.2930944963655244,0.44509803921568625,0.45101830368651713,0.4984656693517453,0.45613026819923375,0.19693486590038314,0.34224288204532244,0.27380259840992827,0.4994145199063232,0.3862710878417685,0.45845495232535516,0.48163186388244394,0.5259727812919303,0.8451488952929875,0.891463885670143,0.24641010913268235,0.4967432950191571,0.2795019157088123,0.3136015325670498,0.5498559077809798,0.27764976958525345,0.07777777777777779
Mongolia,0.9067969067969067,0.7730972730972732,0.7108262108262109,0.5191290191290191,0.7584452584452585,0.40028490028490027,0.6233211233211233,0.6532356532356532,0.42680667078443485,0.2749540722596448,0.6062271062271062,0.5944240944240944,0.7417582417582418,0.5593711843711844,0.7058913308913309,0.5815357482024148,0.6504884004884005,0.6462148962148963,0.5937118437118437,0.8992673992673993,0.6245421245421245,0.6384310134310134,0.7262922262922263,0.36975986975986974,0.49145299145299143,0.3803418803418803,0.564916564916565,0.5125152625152625,0.4346764346764347,0.5897435897435898,0.7345754428833232,0.5870098039215687,0.41044471644226843,0.6336996336996337,0.41147741147741146,0.4352869352869353,0.35561660561660563,0.546846295162278,0.35185185185185186,0.45339845339845336,0.4171075837742504,0.56335639668973,0.5826210826210826,0.35074626865671643,0.44803548795944237,0.43423174383782537,0.3715775749674055,0.44322107081174444,0.5232146575057256,0.32835174355642194,0.4135220125786163,0.45037828215398307,0.45712943387361993,0.4803850782190133,0.4785435630689207,0.5072089520120509,0.6438746438746439,0.6166056166056166,0.6402116402116402,0.35775335775335776,0.44993894993894995,0.44122482531853674,0.39995887312358624,0.6465822440087146,0.546850366714648,0.5750787779147828,0.6702178515331557,0.5342381246144355,0.45595996984029064,0.7180165513498846,0.5818749152082485,0.43401714635639926,0.6173687423687424,0.719017094017094,0.38583638583638585,0.6994810744810744,0.47405372405372403,0.6878815628815629,0.7335504002170669,0.45843828715365237,0.5054945054945055,0.38461538461538464,0.521978021978022,0.2864265364265364,0.33856619570905283,0.3147808358817533,0.25451092117758783,0.2960927960927961,0.2433862433862434,0.28808845475512146,0.2697734364401031,0.35320851987518653,0.38990638990638987,0.3252611585944919,0.2526115859449193,0.4641161307827974,0.3990638990638991,0.46669380002713334,0.6452991452991453,0.6436711436711438,0.36772486772486773,0.35388685388685387,0.322954822954823,0.4255970606246173,0.48565323565323565,0.498982498982499,0.4621489621489622,0.5958358848744642,0.5616605616605617,0.6017501017501018,0.3113149847094801,0.24811416921508664,0.37016687016687017,0.3630443630443631,0.362026862026862,0.3070818070818071,0.20404411764705885
Morocco,0.9588888888888889,0.7430555555555556,0.7025,0.5358333333333334,0.9255555555555556,0.9580555555555557,0.6477777777777778,0.6585416666666667,0.4395833333333333,0.165,0.6312962962962962,0.6457407407407406,0.72125,0.6047916666666666,0.7414583333333333,0.582037037037037,0.788125,0.724375,0.659375,0.8591666666666666,0.6022916666666667,0.8295833333333333,0.8638888888888889,0.5852777777777778,0.49194444444444446,0.325,0.6602724492632749,0.5664583333333333,0.4544444444444445,0.2783333333333333,0.8341666666666666,0.74625,0.4925,0.3425,0.4658333333333333,0.4141666666666667,0.3458333333333333,0.65,0.39555555555555555,0.4925,0.5764814814814815,0.7106481481481481,0.6417592592592593,0.6305555555555555,0.3575,0.3466666666666667,0.32,0.4052777777777778,0.37472222222222223,0.3011111111111111,0.3719444444444444,0.455,0.4427777777777778,0.4627777777777778,0.41805555555555557,0.4597222222222222,0.5427777777777778,0.5872222222222223,0.7847222222222223,0.5072222222222222,0.49805555555555564,0.7024074074074075,0.4794444444444444,0.7403703703703703,0.7659259259259259,0.7232407407407406,0.7487037037037038,0.7091666666666666,0.5740740740740741,0.8558333333333333,0.5000925925925925,0.25645833333333334,0.710625,0.651875,0.40625,0.593125,0.35583333333333333,0.67625,0.7448148148148147,0.615,0.42041666666666666,0.30416666666666664,0.29625,0.6505555555555556,0.8483333333333334,0.2975,0.16842592592592592,0.4114814814814815,0.2024074074074074,0.20342592592592593,0.19842592592592592,0.2911111111111111,0.5234259259259259,0.24370370370370373,0.21564814814814814,0.367037037037037,0.8252777777777778,0.587037037037037,0.5580555555555556,0.5747222222222222,0.3433333333333333,0.36444444444444446,0.3630555555555556,0.4660416666666667,0.3983333333333333,0.7355555555555555,0.7313888888888889,0.668888888888889,0.5530555555555555,0.5483333333333333,0.1602777777777778,0.1863888888888889,0.2727777777777778,0.24694444444444447,0.5080440304826418,0.25042158516020235,0.09361111111111112
Myanmar,0.9522222222222223,0.6141666666666666,0.6375,0.6375,0.9094444444444444,0.9294444444444444,0.725,0.6804166666666667,0.2920833333333333,0.15083333333333335,0.6888888888888889,0.6352777777777777,0.75625,0.7947916666666667,0.8941666666666667,0.5837037037037037,0.7714583333333334,0.8689583333333334,0.8277083333333334,0.913611111111111,0.7872916666666666,0.933125,0.9419444444444444,0.9052777777777777,0.6536111111111111,0.5388888888888889,0.5291666666666667,0.5710416666666667,0.6663888888888888,0.21875,0.95375,0.47375,0.6472222222222223,0.13313096270598437,0.08752093802345058,0.15520134228187918,0.06742043551088778,0.39166666666666666,0.43787037037037035,0.4237962962962963,0.6072222222222222,0.6661111111111111,0.6844444444444445,0.7605555555555557,0.5241666666666667,0.6180555555555556,0.6405555555555557,0.6469444444444444,0.6927777777777778,0.5847222222222223,0.5847222222222223,0.6886111111111112,0.7547222222222223,0.8344444444444444,0.726388888888889,0.7075,0.6797222222222222,0.6083333333333333,0.8180555555555556,0.44888888888888884,0.6436111111111111,0.7044444444444444,0.3972500929022668,0.7822222222222222,0.7095370370370371,0.7166666666666667,0.8540740740740741,0.7926851851851852,0.846111111111111,0.8811111111111111,0.6146296296296296,0.22020833333333334,0.394375,0.6395833333333333,0.3485416666666667,0.30333333333333334,0.05604166666666666,0.2529166666666667,0.7089814814814814,0.5970833333333333,0.3214585079631182,0.14088628762541808,0.15538847117794488,0.5854166666666667,0.8072619047619048,0.294968028912983,0.05430451302010936,0.4487962962962963,0.04874432397368177,0.06907407407407407,0.08018518518518518,0.04559355018070615,0.1609163420515674,0.10517529215358931,0.039940691316838105,0.3258145363408521,0.865,0.6971296296296297,0.6136111111111111,0.6413888888888889,0.42361111111111116,0.29611111111111116,0.2891666666666667,0.36,0.32,0.26,0.3127777777777778,0.7933333333333333,0.7027777777777778,0.9580555555555557,0.11527777777777778,0.07111111111111112,0.0938888888888889,0.2938888888888889,0.25083333333333335,0.11416666666666667,0.07694444444444445
Netherlands,0.9004103535353535,0.817895400126024,0.834919124643197,0.44124700239808157,0.670544783010157,0.27603110209601084,0.7203667321545515,0.67590799031477,0.4654040404040404,0.6120556414219475,0.7063607475628803,0.6727808348618753,0.862168396770473,0.15114578254509994,0.43783917118894916,0.69752485948984,0.48716658278812275,0.5675875678342378,0.34866180048661805,0.9289805269186713,0.14783357951747908,0.3426564810251355,0.5871097683786506,0.4928671890697207,0.1862139917695473,0.1292252951641598,0.24797754664025093,0.2051732797589151,0.1744752308984047,0.5761741122565864,0.734766050054407,0.8174142480211082,0.5285285285285285,0.7199375325351379,0.39972222222222226,0.377221324717286,0.3684663986214819,0.4247761194029851,0.5303209127184848,0.5170712453128083,0.5594492410134868,0.5912408759124087,0.5726670066292707,0.32980304719435155,0.41464237516869096,0.471928849360756,0.3912966878083157,0.40911499735029144,0.4045918367346939,0.3174522723433012,0.40953412784398696,0.49022801302931596,0.5059254471019177,0.48422198041349296,0.40975103734439833,0.6434485241180706,0.35632861635220126,0.5114182692307693,0.8371341695172939,0.0720164609053498,0.5831062670299727,0.5437991182672033,0.09541487560244888,0.8700407860585836,0.6755531041245326,0.8315972222222221,0.8783498946100572,0.4545226917057903,0.30142578983732177,0.8683236382866207,0.6773138234594337,0.5879491017964071,0.6692522889114955,0.8379353233830846,0.6930569430569431,0.7945495271279244,0.625875,0.8453210552513689,0.578078078078078,0.5767634854771785,0.5143475906876016,0.40801757276221856,0.6104957805907173,0.16202749140893472,0.2485343228200371,0.06326530612244897,0.03857166919319522,0.08107805233372554,0.07931710047579064,0.0952703083601105,0.05136213777546417,0.7375438596491228,0.7993167737826414,0.7291159772911597,0.48728626411760995,0.26684073107049605,0.15508118956394817,0.49905528128237947,0.7510266940451745,0.8580368906455863,0.5567226890756303,0.6621355397951143,0.652014652014652,0.46419133192389006,0.12438891906572516,0.47725694444444444,0.4080279232111693,0.6973618715778995,0.2531963470319634,0.25402726146220567,0.030749100425253518,0.056747967479674796,0.03099241674909331,0.03403698249059074,0.7870419543281997,0.4580712788259958,0.009481772110511688
New Zealand,0.9621959237343853,0.8359946773120426,0.809715242881072,0.508646998982706,0.6725571725571726,0.3223140495867769,0.755095332018409,0.7382005899705014,0.5048216007714562,0.5950248756218905,0.7272628726287262,0.7431172534825051,0.8526570048309179,0.17758620689655172,0.5488534396809571,0.6701627881568883,0.517102615694165,0.5626888217522659,0.3811881188118812,0.9288716456514711,0.27432296890672014,0.4527300303336704,0.5473684210526316,0.6260257913247362,0.21631944444444443,0.16717120753447695,0.3230496453900709,0.23286290322580644,0.21116928446771377,0.6168505516549649,0.6721721721721722,0.6946107784431138,0.6017441860465117,0.8866080156402737,0.4644779332615716,0.4871931696905016,0.43040685224839403,0.44305694305694304,0.4377482692089434,0.6177633944624236,0.45915365467300295,0.7380471380471381,0.6615956727518594,0.4233298719280028,0.38436050364479785,0.39588100686498856,0.4705882352941177,0.5176928520877566,0.4118236472945892,0.36594576038448334,0.4558189655172414,0.552640783490731,0.6171845032604526,0.598941798941799,0.4764784946236559,0.6478322672352523,0.1886058032554848,0.415948275862069,0.8432624113475178,0.04481213374698379,0.7527975584944049,0.541540531449714,0.12188888888888888,0.8872321625800751,0.5973895582329317,0.7679705784018722,0.9089905014358294,0.2995555555555555,0.39556891560899576,0.9042296734604427,0.7226084078119828,0.6051448551448552,0.8032663316582914,0.8188548864758144,0.7394259818731118,0.6910112359550561,0.5897302904564315,0.8040404040404041,0.502176403207331,0.6101941747572815,0.6649590163934426,0.5817805383022774,0.7929493545183713,0.20436893203883497,0.31146179401993357,0.1095830604671469,0.04282632146709816,0.05246612466124661,0.07222765287281416,0.08808906182447039,0.038191063507519205,0.6455295580422742,0.7544802867383512,0.6784286856229301,0.2561327561327561,0.3633664496973849,0.19102698913424462,0.40585365853658534,0.6858198924731183,0.8299186991869919,0.49397163120567383,0.610909090909091,0.6178955453149002,0.6829268292682927,0.11209439528023599,0.48636061210911513,0.4666666666666667,0.74273587985635,0.29511019283746553,0.26914660831509846,0.060077519379844964,0.1284046692607004,0.10796747967479675,0.11328125,0.7347150259067358,0.5296610169491526,0.015888456549935148
Nicaragua,0.923611111111111,0.6983333333333334,0.7683333333333333,0.42527777777777775,0.8877777777777777,0.8216666666666667,0.7777777777777778,0.7229166666666667,0.7741666666666667,0.0425,0.7714814814814814,0.7772222222222221,0.795,0.4066666666666667,0.6475,0.6350925925925925,0.678125,0.74125,0.68625,0.8144444444444445,0.5897916666666667,0.7816666666666666,0.805,0.6080555555555556,0.41,0.3883333333333333,0.5825,0.5104166666666666,0.38361111111111107,0.28208333333333335,0.825,0.9179166666666667,0.32083333333333336,0.23958333333333334,0.13791666666666666,0.20625,0.12875,0.47414548641542503,0.3439814814814815,0.43416666666666665,0.38666666666666666,0.49583333333333335,0.5426851851851852,0.6691666666666667,0.3069444444444444,0.24416666666666667,0.2713888888888889,0.2638888888888889,0.33916666666666667,0.23583333333333334,0.3383333333333333,0.5536111111111112,0.5111111111111112,0.5205555555555555,0.41527777777777775,0.5044444444444445,0.5677777777777778,0.6377777777777778,0.7786111111111111,0.43361111111111117,0.41055555555555556,0.49599771297884504,0.438869992441421,0.6957538346427236,0.5032399466361731,0.5823885109599396,0.8113260442949257,0.5048599199542595,0.48439130847328965,0.7962962962962963,0.42592592592592593,0.17041666666666666,0.4635416666666667,0.7079166666666666,0.3975,0.5333333333333333,0.20104166666666667,0.5022916666666667,0.7635913548509949,0.49375,0.41083333333333333,0.21375,0.31916666666666665,0.56375,0.7401190476190476,0.33759259259259256,0.07333333333333333,0.3725,0.10833333333333334,0.1322222222222222,0.12601851851851853,0.11694444444444445,0.38666666666666666,0.16333333333333333,0.08898148148148148,0.14592592592592593,0.6052777777777778,0.48472222222222217,0.41111111111111115,0.5133333333333333,0.1836111111111111,0.3622222222222222,0.2213888888888889,0.4083333333333333,0.37958333333333333,0.5002777777777778,0.4533333333333333,0.6902777777777778,0.7255555555555555,0.7413888888888889,0.4094444444444445,0.2719444444444445,0.4327777777777778,0.5375,0.6358333333333334,0.3466666666666667,0.22
Nigeria,0.9948759439050702,0.8337388483373885,0.8658569500674763,0.585239651416122,0.9452614379084967,0.9735492577597841,0.7028926736955934,0.7943319838056679,0.4666666666666667,0.12682926829268293,0.5130348795397339,0.6416847041847041,0.70503300330033,0.6038775510204082,0.6715328467153285,0.4225820962663068,0.830906148867314,0.8240890688259109,0.7796025952960259,0.8233387358184766,0.7414495114006514,0.8835089141004863,0.9214574898785425,0.4269387755102041,0.7111292962356792,0.4571118349619978,0.43477081638188236,0.617047308319739,0.6162601626016261,0.46522094926350244,0.9016260162601626,0.950162074554295,0.5255474452554745,0.20450680272108843,0.14532434709351305,0.3542009884678748,0.3258520365752286,0.5646090534979424,0.27344877344877344,0.37064071370640717,0.6975008989572096,0.7104813315339631,0.611156168333784,0.8534412955465587,0.5351882160392799,0.4983361064891847,0.390983606557377,0.48736756316218416,0.5806277056277056,0.3685350663417276,0.5371287128712872,0.5491329479768786,0.5555555555555556,0.629783693843594,0.6650380021715527,0.6402721088435374,0.5428259683578832,0.6001095590249247,0.8031900513652338,0.5518854940820259,0.433879781420765,0.5856230918678879,0.4431394481730052,0.7780496646728294,0.6636187309504017,0.7229969920700027,0.6751287711552613,0.47831751349339285,0.7689867681711074,0.7695640400758191,0.507328990228013,0.3515052888527258,0.7853371242891958,0.6440986257073565,0.7627530364372469,0.7099593495934959,0.30421440261865795,0.4288351107465136,0.8596727795756921,0.70875,0.3399833748960931,0.3619402985074627,0.5869565217391305,0.872604588394062,0.9609654694537476,0.11147127678732216,0.07548358074673864,0.5610391945343401,0.09494296236414264,0.0877003421573924,0.07935222672064776,0.07874514058403399,0.16395663956639567,0.0719451488682258,0.06139877741819489,0.1801457194899818,0.8260149130074564,0.5544644480814693,0.567881241565452,0.5533980582524273,0.3203778677462888,0.43054427294882214,0.35553750338478207,0.7083333333333334,0.3987783595113438,0.6999182338511856,0.6715686274509804,0.6289409862570736,0.7991096271563717,0.8629943502824858,0.42930521762638557,0.3249662618083671,0.3775978407557355,0.5576248313090418,0.7166123778501629,0.28013029315960913,0.16005398110661267
Northern Ireland,0.9761372110365398,0.874439461883408,0.7925093632958801,0.4805680119581465,0.6433933933933934,0.5030030030030029,0.7820224719101124,0.6991051454138703,0.41816143497757846,0.4073226544622426,0.7207274539113103,0.7243350733283619,0.818075117370892,0.18385650224215247,0.46797752808988763,0.6599402092675635,0.5485327313769751,0.6387640449438202,0.3626681614349776,0.9256756756756757,0.3110986547085202,0.5140765765765766,0.7207207207207208,0.6398104265402844,0.2160919540229885,0.1636500754147813,0.335632183908046,0.26463963963963966,0.19784449576597382,0.6175799086757991,0.6715575620767493,0.7063492063492064,0.4864864864864865,0.8074324324324325,0.40970654627539504,0.5022522522522522,0.39909297052154197,0.5344827586206897,0.4749063670411985,0.5720823798627002,0.5948448448448448,0.7047047047047046,0.6373873873873873,0.4931506849315069,0.2846270928462709,0.46255144032921813,0.2642369020501139,0.5108527131782946,0.3522727272727273,0.24772727272727274,0.4078525641025641,0.5803066989507668,0.6384039900249376,0.5895691609977324,0.4853273137697517,0.6450320512820513,0.30985915492957744,0.5605700712589073,0.8694638694638694,0.11987625676720803,0.6060606060606061,0.6191202644291889,0.19911734164070613,0.8475095785440613,0.7118773946360153,0.7420178799489144,0.9079939668174962,0.44062181447502546,0.46228338430173294,0.859529233105543,0.5420489296636085,0.3811936936936937,0.7297752808988764,0.796067415730337,0.6804932735426009,0.7023542600896862,0.4101123595505618,0.6988764044943819,0.7418375094912679,0.7092760180995475,0.6235955056179775,0.5808988764044943,0.5955056179775281,0.3993558776167472,0.4700772200772201,0.1303370786516854,0.03413054309915296,0.10112359550561799,0.0752366716492277,0.1061061061061061,0.03886397608370702,0.42973110096397765,0.6588913970403812,0.5132275132275133,0.2519201228878648,0.34884884884884887,0.3269537480063796,0.5206276891926094,0.7137518684603886,0.8247191011235956,0.46938775510204084,0.6704805491990846,0.6429663608562691,0.633257403189066,0.09213483146067415,0.417989417989418,0.43033102386451116,0.7048689138576779,0.3479960899315738,0.4118967452300786,0.06427503736920777,0.1180866965620329,0.1218236173393124,0.10837070254110612,0.6588235294117647,0.5290023201856149,0.01046337817638266
Pakistan,0.969560127111557,0.8103130755064457,0.5804713804713806,0.434538970962812,0.797079556898288,0.9507537688442211,0.782237832413447,0.7384596086302058,0.4269035532994924,0.23496715512885297,0.7410394265232975,0.7404614267359365,0.7128,0.8569277108433735,0.8742462311557788,0.7003129890453834,0.8371097683786505,0.8448840725806451,0.8209201830198272,0.9002347417840376,0.8112944162436548,0.869515885022693,0.9193494299128102,0.6134843026248069,0.7448665297741274,0.5891827738216344,0.7514382402707277,0.7572408536585366,0.7368062648961525,0.4489588623666836,0.7943444730077122,0.5481770833333334,0.43075356415478616,0.2096590909090909,0.14956521739130435,0.22558537978298115,0.13895281933256617,0.5925357873210634,0.31230018509170454,0.4385843961852235,0.52326685660019,0.6288776085730401,0.6504723346828609,0.948692152917505,0.5192239858906527,0.5913738613125116,0.49593946105574016,0.5268025670064176,0.5399206759786169,0.4118055555555556,0.5388204553938036,0.5407535563244905,0.5250493096646943,0.5975448536355052,0.6875981161695448,0.758384668035592,0.502255910485472,0.5547835382148584,0.6998933901918977,0.6561889540046173,0.5396014307613695,0.7643922636265669,0.7286672499270925,0.7723591147615787,0.7919512750455373,0.7833333333333333,0.7654573326520184,0.6691686568861595,0.7629364267030593,0.8207392313352578,0.6380262249827467,0.32059123343527013,0.4966649563878912,0.7153164556962025,0.13782051282051283,0.4062658548959919,0.12759605399792315,0.23007341373885684,0.855094726062468,0.6820721178263077,0.21020521353300056,0.23932334997226842,0.3153153153153153,0.6431233062330622,0.8784992784992784,0.1930876892316481,0.08741198694830843,0.2601681436037264,0.08019667683960664,0.10753432560286143,0.07323232323232323,0.08774745853397539,0.14775353740346128,0.07119741100323623,0.06161616161616162,0.30014952841039794,0.9165396986626038,0.5220805289880742,0.6743834927025667,0.7142134547293879,0.34500253678335874,0.3085271317829457,0.2838915470494418,0.43782586027111575,0.4925824175824176,0.7554020545518951,0.7431161279288524,0.7182980154725866,0.7908430478121304,0.8212290502793297,0.32707593438187044,0.23454913880445796,0.3755916159567275,0.457459505541347,0.6644636502287748,0.451530612244898,0.23171987641606592
Peru,0.9573809523809523,0.5397619047619048,0.6942049808429119,0.3739485700552752,0.8914395026303205,0.734240687679083,0.7235364396654719,0.6619642857142857,0.33584229390681003,0.05304659498207885,0.7371856096784463,0.740022349936143,0.7924388435878429,0.40532757379409645,0.7371655820679682,0.594687027757894,0.7352729885057472,0.7210982658959537,0.6842485549132948,0.8694305456278294,0.48768382352941175,0.7885857860732233,0.8219806763285025,0.5747894997523527,0.328463598733869,0.30899011810074717,0.48548621190130625,0.4474163027656477,0.3089017900338655,0.361532899493854,0.8034934497816594,0.8235080058224163,0.304700548795037,0.3324723247232472,0.1309255079006772,0.3463768115942029,0.28815406976744184,0.5960555149744339,0.4485414618157981,0.44478088989822523,0.5275143852824378,0.7216143933868222,0.7201616161616161,0.592831541218638,0.32440260680666183,0.24735249621785174,0.09903381642512077,0.15734688937303315,0.3345332373410127,0.11568061568061568,0.3291139240506329,0.4502393550012597,0.48546365914786965,0.46707193515704154,0.3742948246259505,0.5422517861542252,0.6014826175869121,0.5894245723172629,0.7440119760479041,0.4652777777777778,0.34606147934678194,0.5302564102564102,0.37730570854095635,0.7540555963153176,0.5522375361579036,0.6300940438871473,0.7882553606237815,0.5655206776283009,0.5842026825633383,0.8469207268049526,0.49488304093567254,0.6935888252148997,0.626889848812095,0.8979957050823193,0.6787759484609879,0.5437138728323699,0.32461594732991955,0.4656113537117904,0.9452403693091371,0.6244541484716157,0.3545187362233652,0.18114328136599853,0.22575869726128794,0.5793991416309013,0.6732348111658457,0.27658700829432536,0.06201179658855412,0.10005567485882445,0.06765716111510504,0.09523809523809522,0.07944565304971396,0.14723032069970846,0.3697512919896641,0.2726887192536047,0.10138584974471189,0.32839686007930724,0.5264652723986574,0.5949900793650793,0.36790653314258465,0.39847291815795755,0.16044954567192732,0.29616132167152576,0.19946550048590864,0.5757299270072993,0.3525835866261398,0.5725116165321594,0.5560461123375031,0.3738674296614211,0.7701485269052837,0.8166666666666667,0.31452380952380954,0.5226514067715785,0.39200191570881227,0.36406957350488445,0.4189580318379161,0.15340086830680175,0.136986301369863
Philippines,0.993611111111111,0.7589658048373645,0.5529608006672228,0.6800222593210907,0.971111111111111,0.9491242702251876,0.8053933833750347,0.6385416666666667,0.47041666666666665,0.053467000835421885,0.7075925925925926,0.6409259259259259,0.8377926421404682,0.6808333333333333,0.7420833333333333,0.5914814814814814,0.5629166666666666,0.7854166666666667,0.69125,0.9369444444444444,0.748125,0.77,0.8472222222222223,0.7016958576591604,0.5638238573021181,0.49512670565302147,0.5093288777499304,0.42770833333333336,0.49708090075062555,0.6845833333333333,0.8083333333333333,0.895,0.6408333333333334,0.25875,0.09265442404006678,0.24437030859049205,0.0825,0.46446488294314375,0.4178703703703704,0.40064814814814814,0.45296296296296296,0.6340852130325814,0.6864814814814815,0.8746177370030582,0.6183333333333333,0.574367528495969,0.6038888888888889,0.6497080900750626,0.6917084028937118,0.5569444444444445,0.5882680011120378,0.6905754795663053,0.7292187934389769,0.7383931053655824,0.6975257158743398,0.721480244852532,0.6355296080066722,0.576388888888889,0.6259754738015608,0.5577777777777778,0.77,0.6062882582081247,0.5240616871051654,0.6465573162820869,0.6252432582707812,0.5989046690801076,0.7042906125474933,0.6010776662950577,0.6150992394731961,0.7196296296296296,0.6581481481481481,0.43020833333333336,0.65875,0.9158333333333334,0.66375,0.5809007506255213,0.2664720600500417,0.3773978315262719,0.6363888888888889,0.45875,0.24958333333333332,0.275,0.5054166666666666,0.723380594940228,0.8751340402716549,0.47601851851851845,0.2934187320152232,0.32935185185185184,0.3032407407407407,0.3421443145984047,0.3574074074074074,0.22425925925925924,0.3561111111111111,0.2916666666666667,0.23612269483829115,0.3472338059494023,0.5674769488683991,0.5204336947456214,0.6233333333333333,0.649986099527384,0.34027777777777773,0.4361111111111111,0.35611111111111116,0.6410416666666666,0.3575,0.5401723658604393,0.672782874617737,0.6727777777777778,0.8047222222222223,0.8128654970760234,0.3025,0.2760633861551293,0.33944444444444444,0.38115095913261055,0.4875,0.31859883236030023,0.13055555555555554
Puerto Rico,0.9727649496743636,0.7459186702285545,0.8607895517957851,0.3249776186213071,0.8670829616413916,0.8265002970885323,0.7994652406417112,0.7231349911190053,0.25583482944344704,0.17831541218637992,0.8227371756783521,0.8232502965599051,0.7961296129612961,0.1878330373001776,0.4542628774422735,0.6845273337280442,0.69806654676259,0.7367949865711727,0.4747542448614835,0.8511269276393831,0.44734473447344736,0.7756584922797456,0.8852313167259787,0.7678571428571429,0.20197486535008977,0.15086463923673227,0.5551580202742994,0.4777382012466608,0.1656259292298543,0.26158645276292336,0.7112107623318386,0.9171888988361683,0.29327354260089683,0.42124212421242124,0.240990990990991,0.4072907290729073,0.322972972972973,0.4837662337662338,0.29586678560808805,0.48621175523349436,0.4196978731862453,0.6757692688235877,0.6414907324809198,0.6613238349658653,0.3770833333333333,0.29121540312876054,0.21860465116279068,0.25364963503649635,0.3831246273106738,0.16681695220919748,0.4243520192887282,0.6403114705001498,0.6639615269011121,0.6853357422463113,0.4903381642512077,0.7415088668470093,0.5085817524841915,0.587917042380523,0.8262056414922657,0.23278985507246377,0.4484197972570066,0.5445966514459665,0.3041577716783572,0.8365893365893365,0.807124063954665,0.7983879196000409,0.845090321929559,0.4185456022750355,0.4585104229912973,0.8684131285757302,0.4950039968025579,0.5634124087591241,0.669755877034358,0.8015909090909091,0.5521120293847567,0.7513648771610555,0.4376155268022181,0.6846153846153846,0.9285006932065756,0.5497757847533632,0.553411131059246,0.3322841726618705,0.4409627611262489,0.5425659472422062,0.8413554100885637,0.1628833134209478,0.040087536058887895,0.18199920350457985,0.05640259093173892,0.057694220630657524,0.04142956973145652,0.20063662588282102,0.5629099582587954,0.25999200639488407,0.08940661091198726,0.19382162431489786,0.4357575757575758,0.484436198721913,0.622479240806643,0.6886120996441281,0.2994350282485876,0.5439068100358423,0.5257330939557152,0.6036639857015192,0.27182718271827183,0.5785024154589372,0.5568592057761733,0.7663995250816267,0.5903903903903903,0.6620327463700958,0.1984619934930494,0.21807407407407406,0.18074074074074076,0.441473559120618,0.47212230215827333,0.23992837958818264,0.09199522102747909
Romania,0.9705648369132857,0.7115537848605579,0.752988047808765,0.2798818157399946,0.7560521415270018,0.7457401490947817,0.6467420570813139,0.6932907348242812,0.30863192182410426,0.11873990306946687,0.6870711930856277,0.7402280130293158,0.6921052631578948,0.5014090177133655,0.7493966210780371,0.6255277104104913,0.7844758064516129,0.6852445870088212,0.6628697042366106,0.9140728917265231,0.5551440329218107,0.7253408179631115,0.7547638773819387,0.39334470989761094,0.410432788764689,0.2580912863070539,0.4036672140120416,0.3831009023789992,0.36925647451963245,0.2572734829592685,0.7732945091514143,0.8056478405315615,0.3233951114692452,0.3144239226033421,0.1007292616226071,0.28097731239092494,0.20770593445527016,0.5190839694656488,0.26585695006747634,0.4601163663663664,0.47260834014717906,0.7700474993014809,0.7556991563453599,0.6770916867147821,0.37040065412919054,0.2909145607701564,0.21541010770505387,0.3264405845051006,0.3984458735262594,0.18703241895261846,0.347136563876652,0.3730886850152905,0.44367588932806323,0.48268593797049086,0.30209229005445687,0.5438898450946644,0.7282738095238096,0.7391431924882629,0.8212389380530974,0.32039800995024875,0.4135802469135803,0.6108113509192645,0.36800334168755217,0.8518858307849133,0.7508896797153024,0.8573412698412698,0.8557098765432098,0.5552574040946133,0.5481616529930112,0.8259196696696696,0.5394327894327894,0.3380933226065969,0.5938775510204082,0.8722,0.5767227564102564,0.5633116883116883,0.33119304059652027,0.47174447174447176,0.8591613909532984,0.6640167364016737,0.40500863557858374,0.16726943942133818,0.3133159268929504,0.5484043979619201,0.6882694541231127,0.12918616386824477,0.0524041058887088,0.08511021142600089,0.04292929292929293,0.12313534038513696,0.06905927134312126,0.23213617658062105,0.3929200259475489,0.12577552171460799,0.07416597739178384,0.15065276603738142,0.48919449901768175,0.5468523353640846,0.46195069667738475,0.5564472980203317,0.24127507557021158,0.36615935541629363,0.3425266903914591,0.4327601410934744,0.3486111111111111,0.6140056022408964,0.5640365923384791,0.7344086021505377,0.4384279475982533,0.44900932400932403,0.0961128860489883,0.12376369954557605,0.15497076023391815,0.29936305732484075,0.738562091503268,0.34306569343065696,0.027733333333333332
Russia,0.938031816500185,0.7495375508694044,0.7255995538204126,0.4259465478841871,0.6789161098737937,0.5140151515151515,0.6602236119007012,0.6265243902439025,0.39045736871823833,0.23909348441926345,0.6162797895388424,0.62799471797774,0.721276595744681,0.5337423312883436,0.7626670378619154,0.5030606566499721,0.6894618834080718,0.6021384355655599,0.537209960384833,0.9409048938134811,0.5587067498581962,0.8063439065108514,0.705224599961442,0.5444444444444444,0.575004814172925,0.370730776569357,0.4500095950873153,0.5099037917374081,0.5486470926885435,0.3920353982300885,0.833810888252149,0.7207478890229192,0.4495565410199557,0.28342089900758904,0.1129127358490566,0.27635410599883514,0.12250293772032904,0.5149342891278375,0.36599459832925063,0.39588022645112886,0.6229294621254421,0.6204028589993502,0.5773909788508328,0.5876005493427506,0.3922127255460589,0.39705215419501133,0.4244114002478315,0.5341651812240048,0.43692938326812003,0.37792310741181134,0.43426042983565105,0.48939779474130624,0.4944055944055944,0.4877260981912145,0.43503821281599064,0.6009304207119742,0.5443599493029151,0.4699416778824585,0.657353259692441,0.29419795221843004,0.5933295433011181,0.742875816993464,0.3542991220102936,0.7963391136801542,0.7484108822781591,0.7852764736567552,0.8086702262903636,0.7110582639714624,0.7140396210163651,0.708656330749354,0.5230464886251236,0.36726659167604053,0.5735790658413056,0.8203168426903835,0.4201917653694303,0.26838235294117646,0.21454802259887007,0.49622905027932956,0.7405071355759428,0.5632250580046404,0.42319098457888493,0.4301578024547048,0.1960725075528701,0.3252455228191797,0.3983303518187239,0.3211452892242213,0.14139714588396585,0.14848427554042984,0.11968235961429381,0.2934685546625845,0.15840585193593137,0.39742840444184685,0.5662135426638585,0.4065073579046848,0.1898258115597783,0.3958459366807824,0.37401055408970973,0.4707273802483737,0.6199289586838661,0.6510416666666667,0.3175319789315275,0.4077017114914426,0.41722526914483044,0.45838235294117646,0.24281767955801106,0.2885336491020328,0.3453525641025641,0.5823022122234721,0.5181016694803977,0.5605714285714286,0.09085841694537347,0.09067261241174285,0.11482099795956223,0.0947075208913649,0.5446859903381642,0.243789716926632,0.02830188679245283
Serbia,0.9757343550446999,0.8634768740031897,0.780448717948718,0.27895752895752896,0.7475633528265108,0.548011639185257,0.651951375559821,0.6700956937799043,0.354126679462572,0.16618075801749269,0.6337846550612507,0.6219406541043967,0.6997918834547346,0.339128305582762,0.7744379276637341,0.4741602067183462,0.6647894221351617,0.6611874386653581,0.6145526057030481,0.9450337512054002,0.5479249011857708,0.615535889872173,0.7136243386243386,0.38419803323160395,0.35840855901036445,0.23102310231023104,0.4327309236947791,0.4120278330019881,0.31144278606965176,0.3555442522889115,0.781025641025641,0.6580844490216272,0.3151340996168583,0.4509297520661157,0.3,0.3517948717948718,0.31410916580844495,0.6345549738219894,0.39916885389326334,0.4529023288147376,0.6400304414003044,0.6698133680555556,0.4803921568627451,0.5489236790606653,0.2883858267716536,0.27370990237099024,0.2534722222222222,0.3048907388137357,0.3212418300653595,0.20254033642293168,0.3753723932472691,0.4177687351644625,0.3897651594812478,0.4124124124124124,0.3511245384357167,0.49834656084656087,0.4962714392244593,0.7116104868913857,0.7120682964687621,0.3036868110984417,0.5415848068107401,0.5692157580192707,0.24390243902439024,0.7907586042634275,0.6925965035785522,0.7008744855967078,0.8209483368719037,0.562708102108768,0.39374688589935225,0.7317855168601437,0.466688800354139,0.6547388781431335,0.7842233009708738,0.8346153846153846,0.4631425800193986,0.6355685131195334,0.42735665694849373,0.6147144240077445,0.821168292409463,0.4860696517412936,0.3328220858895706,0.22153846153846155,0.2497425334706488,0.3994449885732942,0.44676616915422884,0.3217028003613369,0.23122222222222222,0.28213726805276096,0.22767757737697616,0.2711467736542962,0.24179037336932072,0.3854735883424408,0.5030487804878048,0.3116643614568926,0.2521236833163439,0.4155080818356505,0.34487440597420227,0.5606820461384152,0.5980295566502464,0.6814529090324655,0.3463541666666667,0.4807502467917078,0.4794340243501152,0.39173228346456695,0.3564908722109533,0.44509803921568625,0.382,0.6522712731925785,0.6273100616016427,0.6267806267806268,0.12001287001287002,0.08148148148148147,0.1418918918918919,0.21626016260162603,0.8408203125,0.556640625,0.033140283140283146
Singapore,0.9691542288557213,0.7688866799204771,0.7196819085487077,0.47444889779559124,0.7113659022931207,0.6337489609310059,0.7134561141529784,0.7180666003976143,0.34182908545727136,0.33983983983983984,0.6650627730767102,0.6482498474510456,0.7743200836820083,0.4150497512437811,0.7699104031856645,0.6094527363184079,0.679388363998011,0.6643034825870647,0.5008702138239682,0.9179946879150067,0.5760598503740648,0.7496270512182994,0.7126436781609196,0.5773213092852371,0.40375586854460094,0.30374064837905235,0.4319693945442449,0.40310945273631843,0.3516758379189595,0.5049975012493753,0.7891716566866267,0.6207243460764588,0.39171656686626743,0.29273182957393484,0.11203007518796992,0.13602015113350127,0.059386009058882736,0.5102436323366556,0.33905269587428505,0.5423625027833444,0.5564967059735371,0.6777390245252727,0.6128818061088978,0.5570916538658475,0.5261554088369731,0.5103884372177054,0.612987012987013,0.6445916114790288,0.5325244354566903,0.5246558633908346,0.5367084203201113,0.6022857142857143,0.5774959742351047,0.5484305796264202,0.6403685092127304,0.6627370579190159,0.3679437349620581,0.45071734674864916,0.7750663129973475,0.18536585365853658,0.6708967851099832,0.6411192214111922,0.2527394839165783,0.7969329000627102,0.5908779149519889,0.6790450928381963,0.7977207977207977,0.4534143518518518,0.49371830336560624,0.7760337552742615,0.638350889115415,0.5779382470119522,0.7055306427503737,0.7291044776119403,0.5190393230462917,0.8139940239043825,0.5510967098703888,0.7260717846460618,0.28048230786567496,0.8057356608478803,0.40380761523046094,0.31786251881585553,0.2737317930688096,0.4885661826072442,0.5963013404057056,0.17133333333333334,0.0389083430604191,0.2623333333333333,0.06490264603095357,0.05917028139250361,0.04543432321210099,0.25396825396825395,0.35611390284757116,0.35432537667174535,0.16245326190077572,0.4199083389224234,0.4258397932816537,0.5444556001784917,0.6136590229312064,0.7033715329679456,0.32884231536926145,0.4924940293415217,0.45565749235474007,0.5806653326663332,0.24598796389167504,0.4320925553319919,0.37201479986545577,0.7638474295190714,0.5623570800351804,0.5881663737551259,0.042743538767395624,0.059233449477351915,0.051855533465871434,0.10071345611415299,0.46529175050301813,0.21166415284062343,0.02122719734660033
Slovakia,0.9563525159855434,0.8062274117319989,0.7934389769252155,0.33417366946778715,0.6993795826283136,0.5130801687763713,0.5652173913043478,0.6412771285475793,0.3823038397328881,0.21596638655462186,0.6422222222222221,0.6669460743224364,0.7546583850931676,0.5205192629815745,0.8480351170568562,0.5371455137145513,0.798197820620285,0.6725941422594143,0.6120401337792643,0.8938003892132332,0.47664141414141414,0.6600418410041841,0.6793286219081273,0.39151083407539333,0.4927536231884058,0.3884690736076126,0.33728144388042863,0.5145569620253164,0.4643164230438522,0.5491803278688525,0.7414089347079038,0.7343205574912892,0.4032302979671401,0.6320675105485233,0.3050774526678141,0.36115843270868825,0.3142241379310345,0.5107758620689655,0.4646042363433668,0.46291535751689994,0.5814104346214438,0.6641456582633053,0.47851109254618024,0.5125142207053469,0.3853367433930094,0.44667885435709936,0.2778249787595582,0.4873973378646276,0.43781512605042017,0.2631578947368421,0.48792697290930503,0.49740299419492817,0.5087040618955513,0.5463680734998565,0.5231205673758865,0.618921308576481,0.3067873303167421,0.6043696486566283,0.7454022988505747,0.275705186533212,0.49516496018202505,0.573174197215118,0.3160770779407535,0.8463416924955386,0.7670976203859845,0.7801438576566344,0.8291818266629349,0.5801944680449352,0.447087699424148,0.7970892807164848,0.4966386554621848,0.4175732217573222,0.6578505457598657,0.842237061769616,0.7523012552301255,0.6180033416875522,0.446652719665272,0.6573221757322176,0.7567440105640444,0.5923076923076923,0.28127659574468084,0.251931330472103,0.34302822925577414,0.4530277306168647,0.501973846533432,0.29607677109793956,0.15038716298162141,0.1836887392442948,0.1123228933631618,0.1788457935169571,0.20832159293697755,0.4249444927116517,0.582391713747646,0.2880732119765244,0.2369266725094946,0.24121390112579538,0.4043092522179975,0.5269573370839193,0.6658326383097025,0.6683333333333333,0.3778337531486146,0.46458333333333335,0.42312206572769956,0.3880407124681934,0.2525684931506849,0.6076271186440678,0.5005727376861397,0.6127861529871581,0.36530491415038485,0.2503927112786679,0.05485586342009516,0.053646269907795474,0.08670033670033671,0.09307541351275582,0.7374681393372982,0.30134680134680136,0.031825795644891124
South Korea,0.9619812583668006,0.7925033467202143,0.7188755020080321,0.5485943775100401,0.7526104417670683,0.43266398929049527,0.6436412315930389,0.7642570281124498,0.42891566265060244,0.3293172690763052,0.6363230700580098,0.664970995091477,0.7867469879518072,0.5927710843373494,0.7616465863453815,0.5646586345381526,0.721285140562249,0.6602409638554216,0.594578313253012,0.9317269076305221,0.613855421686747,0.6439759036144578,0.6637215528781795,0.5004016064257029,0.525033467202142,0.41686746987951806,0.5694779116465863,0.49979919678714857,0.4912985274431058,0.4542168674698795,0.7421686746987952,0.3855421686746988,0.4666666666666667,0.41124497991967873,0.2823293172690763,0.3457831325301205,0.24819277108433735,0.5052208835341365,0.3710843373493976,0.47969656403391336,0.5256581883087906,0.5840249888442659,0.4950468540829986,0.5175368139223562,0.4856760374832665,0.46720214190093706,0.31994645247657294,0.519946452476573,0.5220883534136547,0.3654618473895582,0.4653279785809907,0.5601070950468541,0.5443105756358769,0.5443105756358769,0.5850066934404284,0.5585006693440429,0.5860776439089693,0.5161981258366801,0.6120481927710844,0.2776439089692102,0.6353413654618475,0.6458723784024988,0.33128067826863006,0.7479696564033913,0.6378402498884427,0.6901383311021865,0.7178045515394913,0.5563587684069612,0.39268183846497096,0.7667112896028557,0.6537260151717982,0.327710843373494,0.734136546184739,0.9325301204819277,0.3929718875502008,0.8359437751004016,0.35843373493975905,0.7419678714859438,0.6126729138777331,0.7136546184738956,0.40963855421686746,0.327710843373494,0.2923694779116466,0.27389558232931727,0.26506024096385544,0.24837126282909416,0.13493975903614458,0.15537706381079874,0.12904953145917,0.13592146363230698,0.135475234270415,0.32351628737170907,0.4733601070950468,0.38161535029004906,0.18697010263275324,0.3710843373493976,0.33386880856760376,0.5000446229361892,0.6342704149933066,0.6404283801874163,0.32074966532797855,0.37242302543507366,0.32476572958500666,0.5122489959839357,0.39718875502008033,0.4543507362784472,0.37563587684069616,0.5710843373493976,0.627041499330656,0.5836680053547524,0.03641231593038822,0.02248995983935743,0.026773761713520753,0.046050870147255694,0.648995983935743,0.42891566265060244,0.024364123159303884
Taiwan,0.9653856636685746,0.7688743526846552,0.7754156445898065,0.45434723357863177,0.8296538566366858,0.5320250749523031,0.7132733714908694,0.6882665576451349,0.28945216680294356,0.3098937040065413,0.6742981738893431,0.7043699463977469,0.8160261651676206,0.47319967266775775,0.7690417690417691,0.6021622603797583,0.7669803600654664,0.6817622950819672,0.5249590834697218,0.9285908967020987,0.5744462674323216,0.7068330605564649,0.703825136612022,0.6507806080525883,0.3634085213032581,0.28139598790876613,0.3050986842105263,0.35090237899917964,0.3228995057660626,0.2533222591362126,0.8499170812603648,0.2704987320371936,0.37012810029980925,0.3949304987735078,0.2910874897792314,0.27309893704006544,0.18315617334423548,0.4591169255928046,0.30943944762423914,0.5326422985997454,0.5011356409557555,0.737258108476424,0.6348687199055146,0.5287166804067052,0.3639654692286271,0.513304721030043,0.36432160804020103,0.5536207849640686,0.37290464413300356,0.3311074012242627,0.5454799888049259,0.5951394642363987,0.6222971075540579,0.5637825845812535,0.6578439481665288,0.5981047937569677,0.622334455667789,0.5900900900900901,0.7668609492089925,0.28883219954648526,0.6394112837285364,0.6287816843826656,0.2135772135772136,0.8557919621749409,0.6815784688125113,0.7659671118379213,0.8262015081311892,0.5422912691923321,0.43853427895981084,0.8831652584718815,0.7094576178795312,0.3738757154538021,0.4356091578086672,0.8395339329517579,0.38900245298446445,0.633278822567457,0.3419869174161897,0.6905151267375307,0.7344417189061506,0.7035655058043118,0.5322976287816844,0.28986099754701555,0.5474243663123467,0.37925865358408284,0.5167620605069502,0.2224039247751431,0.04706096120650494,0.3608612701008449,0.06959207776869265,0.08312891796129734,0.06377759607522486,0.2661942400290724,0.44607976742073224,0.5656400472426637,0.20087217225402015,0.6625750136388434,0.33797054009819966,0.5927137276278731,0.633687653311529,0.718179340419733,0.40256200599618425,0.5115835377487055,0.4592532025074953,0.5427228127555193,0.19414225941422594,0.47002200220022006,0.3795379537953795,0.8122104115562824,0.6170618697192696,0.6443172526573998,0.053147996729354045,0.17007358953393295,0.1084764240937585,0.23330607795039518,0.6194398682042833,0.12818405916187345,0.04360861270100845
Tajikistan,0.9858333333333333,0.7961111111111111,0.6058333333333333,0.5461111111111111,0.8105555555555556,0.8416666666666667,0.8552777777777777,0.741875,0.34458333333333335,0.20583333333333334,0.7721296296296296,0.720462962962963,0.7083333333333334,0.6622916666666666,0.833125,0.6791666666666667,0.8352083333333333,0.8922916666666667,0.8133333333333334,0.9805555555555556,0.850625,0.9160416666666666,0.9058333333333334,0.6030555555555556,0.6855555555555556,0.5288888888888889,0.52,0.5470833333333334,0.6311111111111112,0.29625,0.8675,0.8204166666666667,0.49805555555555553,0.14041666666666666,0.06875,0.12541666666666668,0.05125,0.47,0.21527777777777776,0.27620370370370373,0.5156481481481481,0.6202777777777777,0.4544444444444444,0.733739837398374,0.5969615728328865,0.5720338983050848,0.7590788308237378,0.7082204155374887,0.6742873271239064,0.6238532110091743,0.5816618911174786,0.5900127226463104,0.6517743979721167,0.6044823232323232,0.6351153958515922,0.7250650477016479,0.6875,0.5544444444444445,0.8452777777777778,0.4583333333333333,0.7705555555555557,0.7012962962962963,0.5439814814814814,0.8057407407407406,0.6871296296296296,0.752037037037037,0.8381481481481481,0.671574074074074,0.7052777777777777,0.8187037037037036,0.7754629629629629,0.39895833333333336,0.47458333333333336,0.8475,0.37958333333333333,0.52375,0.12833333333333333,0.37895833333333334,0.5138888888888888,0.74875,0.38916666666666666,0.18458333333333332,0.16666666666666666,0.4583333333333333,0.7138095238095238,0.23314814814814813,0.1323148148148148,0.14333333333333334,0.13879629629629628,0.15805555555555556,0.13953703703703701,0.14814814814814814,0.15175925925925926,0.15037037037037035,0.12027777777777776,0.1625925925925926,0.6777777777777778,0.48972222222222217,0.6677777777777778,0.5808333333333333,0.1947222222222222,0.19194444444444445,0.2363888888888889,0.544375,0.42041666666666666,0.5544444444444445,0.5202777777777778,0.9097222222222223,0.4855555555555555,0.5191666666666667,0.15583333333333332,0.06972222222222223,0.15833333333333333,0.2511111111111111,0.67,0.3433333333333333,0.02722222222222222
Thailand,0.9567447045707915,0.7167227833894501,0.6539074960127592,0.5603130755064457,0.8122320018054615,0.7503392130257803,0.7182061579651942,0.7254509018036073,0.41621983914209115,0.3136842105263158,0.6219249349684132,0.5699381474029361,0.7486486486486487,0.47216494845360824,0.7297111416781293,0.5709607799359976,0.6521438450899032,0.658477508650519,0.6349095966620306,0.9399198931909212,0.5703015427769986,0.741325468424705,0.772685818513452,0.48546022590723387,0.490952380952381,0.3974178403755868,0.44042450554751567,0.49525650035137037,0.45605306799336653,0.3662832494608196,0.645032632342277,0.3505154639175258,0.5502008032128515,0.2633868808567604,0.21433355659745482,0.2205093833780161,0.1771600803750837,0.5804638088545327,0.49820305480682836,0.42166402655201024,0.522461814914645,0.5262564796033355,0.5772248374803856,0.6567200388161087,0.5316363636363637,0.5348521833468945,0.5241310327581896,0.567495126705653,0.5513928914505284,0.44856577645895157,0.538562091503268,0.6075125702454895,0.6216457960644007,0.6050269299820468,0.691941941941942,0.6815255076770679,0.7952054794520549,0.6215349369988545,0.7843671892751648,0.5106822880771882,0.6365058087578195,0.3941212680824869,0.2968617472434266,0.634036374751643,0.5389465590157632,0.460450011598237,0.6694310066804884,0.484110415216887,0.4799629372249247,0.7574461700052517,0.5440535257855961,0.45402684563758394,0.6689053055742108,0.8878097789685199,0.5139919082939987,0.6583892617449665,0.3481781376518219,0.5677852348993289,0.6628899463705717,0.6098459477561956,0.42967180174146014,0.37080536912751677,0.25586854460093894,0.5243055555555556,0.538542665388303,0.13515137855908646,0.09256766861073724,0.14660390047074648,0.09952925353059851,0.08314640346941828,0.08524001794526694,0.1549865229110512,0.39827908716797605,0.1952884687523445,0.1654320987654321,0.3888888888888889,0.46088689586447434,0.555857078245138,0.6938866577420795,0.6659964253798034,0.36094276094276095,0.41801437556154536,0.37966711650922175,0.380456682337139,0.46262626262626266,0.2881850853548967,0.26774483378256964,0.6687384898710866,0.6200716845878136,0.5943693693693693,0.2705961152042867,0.2765862377122431,0.25963261648745517,0.3393614646126368,0.42603953646898435,0.31266846361185985,0.20707409894783974
Tunisia,0.9895143487858719,0.7523493642896628,0.7371475953565506,0.42168338907469344,0.9207011686143574,0.9637921503593145,0.6288004422332781,0.6156716417910447,0.3317836010143702,0.14249146757679182,0.5024394734419589,0.5753311258278145,0.6535433070866141,0.7141970198675497,0.894278606965174,0.3987090825265099,0.81006628003314,0.8876241721854304,0.8175787728026535,0.8670552317513184,0.7654038301415487,0.9114842454394694,0.9184071289334448,0.668334723380595,0.596652719665272,0.36527777777777776,0.6836252432582708,0.610672757475083,0.5083612040133779,0.31697171381031614,0.8707912457912458,0.768839966130398,0.36202531645569624,0.15388170055452866,0.18181818181818182,0.2207207207207207,0.17164855072463767,0.5821458507963119,0.40340173784433353,0.3683473389355742,0.7237936772046589,0.7857673727238945,0.7162236987818382,0.5135740274279317,0.33446327683615823,0.30437352245862886,0.16243654822335024,0.32396365701306074,0.3553695955369595,0.14542897327707455,0.32063773250664307,0.43502824858757067,0.42182614133833646,0.4699201964395335,0.3441142191142191,0.49486301369863017,0.3236051502145923,0.4482659787904844,0.683390022675737,0.34572169403630076,0.4802927927927928,0.7255779269202087,0.32818753573470555,0.7320261437908496,0.7266461767719101,0.7249497559575079,0.5887962962962963,0.5801640566741237,0.5425661153163255,0.7631504922644163,0.42655367231638414,0.2225481978206203,0.6332774518021793,0.7968359700249792,0.6228179551122194,0.46081307627829005,0.28703703703703703,0.44411764705882356,0.795570382726346,0.6947236180904522,0.2774308652988403,0.16471647164716471,0.20106761565836298,0.492156862745098,0.8004325363450678,0.19590399406913167,0.05892675718112127,0.22277593207825763,0.054126325495620096,0.10232945091514142,0.08201717927403712,0.18530853918031268,0.3489294942783315,0.09427329077620501,0.048357327427094865,0.26169347383989644,0.9035674470457079,0.7682938168293817,0.6002214839424141,0.5969571230982019,0.34579180509413066,0.3548477228276055,0.3525319977740679,0.4007569386038688,0.4868085106382979,0.8091263216471898,0.796714007240323,0.8056478405315615,0.7924133811230586,0.8350877192982457,0.2016597510373444,0.22747374239911552,0.3131396957123098,0.27943615257048093,0.5256849315068493,0.18204911092294665,0.13732004429678848
Turkey,0.9692074012703673,0.8601437258153677,0.8214384508990319,0.5486836606769745,0.7591514143094843,0.8256537982565381,0.6855006231823848,0.7102036575228595,0.3885377159713443,0.14261603375527426,0.613120813120813,0.6282355128026395,0.7864516129032258,0.5894214527027027,0.6894035532994923,0.5428862070559948,0.7251050420168067,0.6903708386009272,0.6044223444773592,0.9310678270479349,0.5990046590427784,0.7778833967046895,0.793683917640512,0.5857409803076039,0.5209760273972602,0.37378435517970404,0.5175401221417413,0.5479263647905205,0.4908250252853634,0.5277894736842105,0.711892797319933,0.6189050470487596,0.48277310924369754,0.29831387808041504,0.2203131796433232,0.2920469361147327,0.21942130644454186,0.5397096498719043,0.5318468341330322,0.43345915602013163,0.5668828727204361,0.5941299790356394,0.5313384365576432,0.6237915090374107,0.44421140939597314,0.4610743193524651,0.5442930153321976,0.5597216304502202,0.4717455002092926,0.49872665534804755,0.48321759259259256,0.5035740335521517,0.5364606166885869,0.5328739592305484,0.43128904031800114,0.6055269186712486,0.5267258843696431,0.5173271173271173,0.74090571640683,0.3709504068785506,0.5612487750244995,0.5373382800608828,0.377354863514033,0.7258217296580467,0.6909826314537235,0.6955032119914346,0.7505698005698006,0.6480521972749952,0.4455948614706164,0.7657454408723444,0.5850494721393741,0.4985367892976589,0.7327083333333333,0.9082502078137987,0.39035087719298245,0.80755620316403,0.4406106231702217,0.7784256559766763,0.6191495433789954,0.5916208209902666,0.3913793103448276,0.30130718954248364,0.27959094865100087,0.5479194832507135,0.7678416283976667,0.0991053631854633,0.06784987982991311,0.12148148148148147,0.10610694096932628,0.07631639990721409,0.07229641995919124,0.17474405935944395,0.378022910479423,0.1700358422939068,0.08894465356196848,0.2548853016142736,0.669179600886918,0.4776721405934889,0.6619601328903655,0.5918084959180849,0.3329180509413068,0.3852044502239561,0.376705443056154,0.2957641549595572,0.37905668541756815,0.39161642262417456,0.41106776477387663,0.6064697609001407,0.6610196078431373,0.7034146341463414,0.16450939457202504,0.21543363812690494,0.20478575403450194,0.4494865389952817,0.42346938775510207,0.39856600590468155,0.14653851511352556
Ukraine,0.9507516848107829,0.738780804150454,0.7173627528237457,0.34596774193548385,0.7092870297290187,0.5819444444444444,0.6552183173588925,0.5934323690383112,0.3899676375404531,0.3065286624203822,0.5662798874824191,0.5820828867452661,0.7548330404217927,0.4609053497942387,0.7114914425427873,0.44129483814523185,0.6737829209896249,0.53714859437751,0.5256615878107458,0.9205228758169935,0.4771054783319706,0.7619236883942766,0.7177998894416805,0.7238095238095238,0.4747386759581882,0.3641923825410064,0.5550068587105624,0.48450244698205547,0.4689889549702634,0.435626102292769,0.7893162393162393,0.5884871550903901,0.3919558359621451,0.32842287694974004,0.16415929203539822,0.27225583405358683,0.17117117117117117,0.3895885810243493,0.4265551959726717,0.4269264836138176,0.6189964157706093,0.6508459076360311,0.5479696564033913,0.6261808367071525,0.35716242125445086,0.3229613733905579,0.25218579234972677,0.3863888888888889,0.3630283574103799,0.25753803596127245,0.4267578125,0.43206437635406997,0.45818882466281313,0.5048573163327261,0.3782105560259667,0.502326934264107,0.596096096096096,0.4636137735179268,0.7016052880075543,0.3024425287356322,0.44691554143500134,0.7390656988646939,0.38351920693928127,0.8363350882054125,0.8068654019873532,0.81772030651341,0.8616301110208503,0.7216188619697391,0.5840381063478176,0.800741343459,0.44940722360077195,0.23419773095623986,0.5709691252144082,0.7241653418124007,0.35269709543568467,0.5196787148594377,0.26038273615635177,0.5813859790491539,0.8229891207419298,0.6356209150326797,0.354424778761062,0.3561525129982669,0.15768194070080863,0.4934823091247672,0.5378080880593443,0.26692314738481265,0.10616891712999735,0.16090401584728975,0.1219991075412762,0.2320396366639141,0.16288492706645055,0.3395225464190981,0.5202248318779484,0.40930869267624914,0.13754789272030649,0.3845253299276288,0.39707835325365204,0.5131139723414402,0.6223446105428797,0.6092767295597484,0.3530864197530864,0.4566167290886392,0.4634448574969022,0.490684575389948,0.37237354085603114,0.3914930555555556,0.40821917808219177,0.6332005312084994,0.6164529914529915,0.640625,0.1347068145800317,0.12493438320209974,0.18538884524744698,0.1716851558372953,0.7025423728813559,0.3130081300813008,0.04594953519256308
United Kingdom,0.9617108464592137,0.858644111239267,0.8023210831721469,0.528811369509044,0.631180691454664,0.34893013663315287,0.7375722543352602,0.6918202764976958,0.45961538461538465,0.46708219711725746,0.7019189582797909,0.6980200146029292,0.8270237615787354,0.16467412263787118,0.4174766718506998,0.6337623337623337,0.4962253193960511,0.6110356865787432,0.3631802392898495,0.9225938741509676,0.26977510663047694,0.4368716163959783,0.6726306236224556,0.5707317073170731,0.21362148002619516,0.13217279174725982,0.32660864978902954,0.265625,0.18377244724079173,0.6145874071177161,0.7273434461299105,0.7114408434205388,0.5258035599948777,0.8503086419753086,0.43034536282499025,0.4537717601547389,0.37977396726422447,0.5136000000000001,0.4723849190854267,0.5100102099702579,0.5722287351830142,0.6821361838960587,0.5985760517799352,0.44870770050626163,0.2808041504539559,0.43829787234042555,0.3270291568163909,0.49188156638013375,0.36930926216640503,0.2916338840807763,0.4244749596122779,0.5826308042285562,0.628693790149893,0.6312952005259698,0.5166276955053262,0.6268292682926829,0.2760752688172043,0.5212194466827827,0.8551476456504389,0.09784345047923323,0.6423462088698141,0.6054131054131053,0.16127863805125417,0.8451258905261295,0.6776312869001643,0.7486471861471862,0.8945208469766426,0.40274978727215727,0.44364026269937007,0.8760413926159784,0.6141938345531159,0.3762995764343473,0.714863303812091,0.7456780637725701,0.6150442477876107,0.7294876733436055,0.42376638396299154,0.7817429780684879,0.6662329777083875,0.6370499419279908,0.6398140975987606,0.5743243243243243,0.6548723897911832,0.21020617236521963,0.2710043523772795,0.10882771099909525,0.05370942812982999,0.057956104252400546,0.06907951227889404,0.08784829721362228,0.047092599734327466,0.6484602987935014,0.769831965611567,0.6380802517702596,0.4248604358004682,0.3830111459421804,0.23331985442782047,0.45827277931915267,0.6770106025342643,0.8245411372096008,0.4864024864024864,0.6597701149425288,0.6663988214811839,0.6583172147001934,0.12030220844633863,0.4674418604651163,0.45383104125736734,0.6818415637860082,0.35128205128205126,0.38888888888888884,0.07554187508015904,0.13947536788227768,0.1356127545140223,0.12017442606130564,0.7005116096025187,0.5570522979397782,0.014854654885388653
United States,0.9561640313664996,0.7897793263646923,0.7566485928221017,0.541958041958042,0.7150245668476856,0.568217054263566,0.7059505409582689,0.7248743718592965,0.8172776911076444,0.3973714727483572,0.691358024691358,0.7459517657192075,0.7161529457666796,0.31339251254341954,0.5269409038238703,0.5660059593211556,0.5705676516329705,0.6396745447500969,0.43764546159813805,0.8455692941782587,0.3358252427184466,0.5637349864393646,0.6894818252126838,0.6225071225071225,0.2882603641999225,0.22351121423047177,0.32738326219117836,0.3505403319181783,0.2531678303594518,0.528272656855151,0.7445778466305191,0.7178294573643411,0.5977993527508091,0.7701283547257876,0.47817614964925953,0.47039345539540317,0.3436768149882904,0.49725920125293654,0.5638435638435638,0.701861208273956,0.49217436295433964,0.7521135265700483,0.6918076542253218,0.5062880850512123,0.3735297919090087,0.4106886188422841,0.30167380303620084,0.45258620689655177,0.3484966303784344,0.2851030727343446,0.3986240913811007,0.5216374269005848,0.5255360623781676,0.576099649669132,0.4446173800259403,0.521304234866199,0.36075036075036077,0.5000657462195923,0.7649794074664541,0.2144641683103222,0.5488516932658621,0.5186930157483749,0.21216493943766673,0.8322431536717252,0.5190432463159735,0.7590772054004457,0.8281562690333246,0.33648790746582546,0.48549965059399025,0.813740856844305,0.5613275613275613,0.43345674201091194,0.739676665368134,0.720307632398754,0.6023568367744448,0.7208823529411765,0.5765326044513862,0.8442879499217527,0.7587781655249666,0.574196048043394,0.6268045259461569,0.6235867446393762,0.7773879142300195,0.3944960041247744,0.5654438656766042,0.1700848044305988,0.09912599515403253,0.1101171182851463,0.156239183108342,0.12333678935545186,0.08568958063121487,0.4518893650175302,0.6219369894982497,0.4871461395066545,0.25925925925925924,0.5012557374209751,0.37635249641506974,0.4906580366774541,0.5873323013415893,0.7320920610292216,0.40995872033023734,0.591481625762888,0.5944856288203928,0.593555900621118,0.2929213922565507,0.548705943555729,0.4692999608916699,0.5798167505484579,0.38826272833268555,0.3800757279018149,0.13163317877382794,0.17589366369854173,0.20105615662029883,0.21336429308565533,0.7667185069984448,0.7094117647058824,0.042536736272235115
Uruguay,0.9652986319652986,0.7672010688042752,0.8133874239350913,0.44276602886874794,0.8814589665653496,0.4179357021996616,0.7788002726653034,0.75225,0.31262525050100204,0.14859437751004015,0.7920142364586809,0.8101010101010101,0.8271077908217715,0.2644084934277047,0.5776127049180328,0.6558347292015633,0.6020618556701031,0.6122967479674797,0.5300808897876643,0.861698556562605,0.3578381147540983,0.5174358974358975,0.7458284827318588,0.5775729646697388,0.27979679562329035,0.2571225071225071,0.41714285714285715,0.34875904860392964,0.2762212643678161,0.4276111685625646,0.8419155509783728,0.8530318602261049,0.4330655957161981,0.5382599580712788,0.08426339285714286,0.45422177009155645,0.3448275862068966,0.4922680412371134,0.42199661590524534,0.49140893470790376,0.5092874029044241,0.624785444558874,0.5228891149542217,0.3932926829268293,0.35078713210130047,0.3509499136442142,0.4386709084482149,0.5030864197530864,0.3275978407557355,0.34639175257731963,0.46554149085794655,0.6440972222222223,0.6708507670850767,0.6863762102351314,0.5860881542699725,0.7835269271383316,0.46757679180887374,0.5470459518599563,0.8227938549481959,0.22939460247994164,0.6232621227534757,0.48475177304964534,0.21072365954255717,0.8918006056370835,0.7546543341634057,0.7131572131572131,0.8028007346189164,0.44039971448965026,0.4714131607335491,0.9285550983081847,0.7506352506352506,0.24799196787148595,0.6690140845070423,0.7106713426853708,0.44884653961885657,0.75,0.3246231155778895,0.7118856569709127,0.7445345954473743,0.48693834900731453,0.6733870967741935,0.5609137055837564,0.4667003027245207,0.1772300469483568,0.42569124423963134,0.1820258079250885,0.08560835861139197,0.14272900549388945,0.08709315375982042,0.11529331976941336,0.06602914389799634,0.4234887737478411,0.7013453954998841,0.49643794525684287,0.24231924231924232,0.30549875028402634,0.3518716577540107,0.49573548311718657,0.55758189800743,0.6686971235194586,0.27601501194131695,0.4352713178294574,0.4552012148823083,0.592938733125649,0.16160081053698075,0.681450193593805,0.57909604519774,0.6309285237140949,0.7111801242236025,0.7746979388770434,0.15297261189044756,0.1884203480589023,0.1439545758183033,0.20247657295850066,0.6975051975051976,0.5161626694473409,0.03674014696058785
Uzbekistan,0.9728,0.6896551724137931,0.5894962486602358,0.6391139924365209,0.822240042769313,0.7658245042108123,0.8239761323569297,0.767255216693419,0.461092715231788,0.34710743801652894,0.6622960372960373,0.7032977328086939,0.7254059216809933,0.7524311183144247,0.7078904333605888,0.6351958895311496,0.7988599348534202,0.7449104234527687,0.6875,0.9365971107544141,0.7632653061224489,0.9209677419354839,0.9526104417670683,0.580068143100511,0.6175732217573221,0.5895969498910676,0.4182229767968308,0.6515403830141548,0.6067226890756303,0.6086594504579517,0.9224555735056543,0.7976391231028668,0.6363884342607747,0.30545112781954886,0.19227144203581525,0.2382488479262673,0.17970204841713222,0.6226666666666667,0.2939186099679927,0.5480670223719929,0.44196919691969194,0.7427526291723823,0.4536884495698334,0.7721861471861472,0.6263440860215054,0.5783099366914396,0.6810035842293907,0.6988375236550419,0.620504562533548,0.6172432729269632,0.5930843706777317,0.5661908760145535,0.6261525565800503,0.5914253265190232,0.621409214092141,0.6663967611336032,0.7153419593345656,0.526968174204355,0.693407960199005,0.4667393675027263,0.8012283640424345,0.55513862830936,0.47522935779816505,0.5647430376112547,0.537084888506077,0.5626626626626626,0.569598633646456,0.5404998494429388,0.5687714145863926,0.8338305758972969,0.7243963363863447,0.5186385737439222,0.7514262428687857,0.8431964573268921,0.5489878542510122,0.832116788321168,0.4861676159479251,0.8377122069523041,0.6349881796690307,0.8324979114452798,0.5451327433628318,0.47631814119749777,0.28642987249544627,0.5913698233420214,0.8151770240158455,0.2370746380898665,0.11029211029211028,0.18542864968501782,0.11539864988140851,0.25382513661202183,0.11876766019505969,0.20992751628589776,0.2675979183785264,0.19016548463356975,0.12214863870493009,0.1900633855331842,0.6572384428223844,0.5161731652496824,0.6001609010458568,0.5243083534783777,0.27132412672623885,0.327683615819209,0.3657368272752888,0.6334051724137931,0.3832,0.6580122836404244,0.6261682242990654,0.8095626188535724,0.6166666666666667,0.7407106048277733,0.20005635390250776,0.10496929089893915,0.15303283249860877,0.33852884878315564,0.6141533277169334,0.4222972972972973,0.08368794326241136
Venezuela,0.9420168067226891,0.7092436974789916,0.7652661064425771,0.3456582633053221,0.8523809523809525,0.7014005602240897,0.7095238095238096,0.7394957983193278,0.40756302521008403,0.14201680672268907,0.6685340802987861,0.7475256769374417,0.6705882352941176,0.34705882352941175,0.6573529411764706,0.43183940242763774,0.7869747899159664,0.7254201680672269,0.6642857142857143,0.880672268907563,0.5523109243697479,0.7657563025210085,0.8252100840336134,0.6089635854341737,0.36246498599439775,0.30840336134453783,0.5050420168067227,0.5168067226890757,0.3221288515406162,0.21890756302521008,0.8260504201680672,0.8722689075630252,0.3224089635854342,0.32100840336134456,0.19957983193277312,0.2987394957983193,0.24747899159663866,0.4865546218487395,0.31587301587301586,0.5262371615312791,0.4288515406162465,0.5393090569561158,0.5552754435107375,0.6487394957983194,0.34761904761904766,0.20756302521008405,0.22016806722689075,0.25098039215686274,0.38487394957983195,0.2092436974789916,0.4221288515406163,0.4445378151260504,0.4865546218487395,0.492436974789916,0.4341736694677872,0.5467787114845939,0.5350140056022409,0.673109243697479,0.7854341736694679,0.3487394957983193,0.40140056022408965,0.48015178050204316,0.43140740740740735,0.745319409163609,0.5841378004921446,0.6498631171528367,0.6997836108759055,0.4893088965253913,0.5073465859982713,0.8406162464985993,0.4402427637721756,0.226890756302521,0.6617647058823529,0.6602941176470588,0.5046218487394958,0.6203781512605042,0.334453781512605,0.5815126050420169,0.8511671335200747,0.3382352941176471,0.2546218487394958,0.2596638655462185,0.40294117647058825,0.503641456582633,0.695078031212485,0.3521942110177404,0.09990662931839402,0.28627450980392155,0.15284780578898224,0.1349206349206349,0.12362278244631186,0.20466853408029878,0.5029878618113912,0.25913306833238686,0.15602240896358543,0.2590102707749767,0.4336158192090396,0.45536881419234365,0.5406162464985995,0.5249299719887955,0.24929971988795518,0.38571428571428573,0.33277310924369746,0.5315677966101695,0.3861344537815126,0.67703081232493,0.6669467787114847,0.54593837535014,0.7092436974789916,0.7142857142857143,0.5658263305322129,0.2907563025210084,0.5305322128851541,0.6815126050420168,0.7302521008403361,0.5016806722689076,0.20868347338935575
Vietnam,0.9866666666666667,0.6975,0.5861111111111111,0.4544444444444445,0.8802777777777777,0.45416666666666666,0.8158333333333333,0.699375,0.28541666666666665,0.27666666666666667,0.7806481481481481,0.7850925925925926,0.8482068390325271,0.5535416666666667,0.7502083333333334,0.686111111111111,0.745625,0.7583333333333333,0.7077083333333334,0.9775,0.675625,0.8147916666666667,0.83,0.5597222222222222,0.5327777777777778,0.4161111111111111,0.6430555555555556,0.5283333333333333,0.4705555555555555,0.42875,0.9391666666666667,0.91375,0.481388888888889,0.14166666666666666,0.04875,0.05875,0.05333333333333334,0.45125,0.1812037037037037,0.6087962962962963,0.46629629629629626,0.742037037037037,0.7183333333333334,0.7141252457174951,0.6237651707592436,0.688349233882625,0.7564543889845095,0.660063163939133,0.6970457079152732,0.7340095801634263,0.6495354239256679,0.6873207114170969,0.7179705215419502,0.6851063829787234,0.7132311186825668,0.7259574468085106,0.752589884216941,0.7178549664838514,0.7781710914454277,0.527057316682677,0.7375,0.7253995763527825,0.5213143872113676,0.7763347763347763,0.7708154506437768,0.7605280909704153,0.8293650793650793,0.7530758226037196,0.6589601014535167,0.8789814814814815,0.7563888888888889,0.5616666666666666,0.81875,0.8741666666666666,0.17020833333333332,0.823125,0.29041666666666666,0.7475,0.7076851851851852,0.9175,0.2,0.07375,0.10458333333333333,0.3213888888888889,0.3095238095238095,0.3915740740740741,0.1661111111111111,0.39351851851851855,0.2275,0.2036111111111111,0.21083333333333334,0.35194444444444445,0.4703703703703704,0.4314814814814814,0.38546296296296295,0.3525,0.3630555555555556,0.3233333333333333,0.6683333333333334,0.6222222222222222,0.37583333333333335,0.4227777777777778,0.3844444444444445,0.5925,0.23083333333333333,0.5075,0.4266666666666667,0.6855555555555556,0.8173669467787115,0.8620011242270939,0.07138888888888889,0.14083333333333334,0.12305555555555554,0.20416666666666666,0.6891666666666667,0.32416666666666666,0.0225
Zimbabwe,0.9870843638362188,0.6798788879713735,0.720164609053498,0.5492801771871539,0.9549697968149369,0.9528120713305899,0.5120812740252608,0.5556013179571664,0.3110008271298594,0.0214168039538715,0.43895295625114406,0.6954562178072111,0.7674129353233832,0.5132122213047069,0.7702145214521452,0.29385362279014376,0.687757625721352,0.8016886326194398,0.7714521452145215,0.9080175727622185,0.7685490519373454,0.8241962077493816,0.9118616144975289,0.5363036303630363,0.4839877471456419,0.2726269315673289,0.3242349048800662,0.6799586776859504,0.3859504132231405,0.2877164056059357,0.9327557755775577,0.913907284768212,0.42994770162400225,0.22125000000000003,0.2031640299750208,0.20490440565253532,0.07714762301918265,0.527317880794702,0.39451303155006856,0.4986225895316804,0.6948563060589419,0.6477814448111479,0.8336079077429983,0.6762767710049423,0.3728956228956229,0.49079580855281796,0.43383167220376523,0.5013842746400886,0.4221105527638191,0.33807531380753136,0.5542538354253836,0.5818439716312057,0.6245114461194864,0.7042564953012714,0.4780920687742651,0.716182572614108,0.42597257206829,0.6216975829117481,0.8926978818283167,0.45959595959595956,0.3678929765886288,0.6055555555555555,0.41881765195670273,0.8342608050454461,0.7290334538040959,0.7718369999071754,0.7405239687848384,0.5946896105097603,0.7425925925925926,0.8996504782928623,0.32732982358917523,0.26179635761589404,0.7206611570247934,0.42833471416735713,0.6578730420445177,0.6867768595041323,0.18643707482993196,0.2678117048346056,0.8392709196354597,0.5778145695364238,0.32819015846538785,0.3003341687552214,0.5456810631229236,0.7773662551440329,0.8916215580136502,0.13513017968463514,0.07550796265788028,0.3697858988556663,0.08207382980672347,0.09501600365797896,0.10168405637927877,0.08555463955299075,0.19052853347989374,0.09861225990258247,0.07190620133736375,0.16367980884109917,0.7453277545327756,0.6862852951961863,0.5862923203963667,0.5790052212146195,0.29149463253509494,0.49958574979287484,0.3909670268772513,0.41639004149377595,0.323873121869783,0.7557755775577558,0.7046204620462047,0.6073585941790225,0.829059829059829,0.8947658402203856,0.4696844993141289,0.2783731794449024,0.5428728977116074,0.712482853223594,0.7970297029702971,0.28406275805119735,0.2084374132667222
