country,item,correct,abs_weight,cultural_dist2US,log_GDP,abs_weight_z,cultural_dist2US_z
Andorra,A001,1,0.6988098007898064,0.115,10.617457673029572,0.07427308467180216,0.15968390559316492
Andorra,A002,1,0.150126650477964,0.115,10.617457673029572,-0.9293149352762248,0.15968390559316492
Andorra,A003,1,0.7741661073614577,0.115,10.617457673029572,0.21210616093787285,0.15968390559316492
Andorra,A004,1,1.5454127358208336,0.115,10.617457673029572,1.6227816597339053,0.15968390559316492
Andorra,A005,1,0.7717690560694656,0.115,10.617457673029572,0.20772175081250804,0.15968390559316492
Andorra,A006,1,0.5492071147116498,0.115,10.617457673029572,-0.19936291711675663,0.15968390559316492
Andorra,A008,1,0.2178170901656578,0.115,10.617457673029572,-0.8055033797418982,0.15968390559316492
Andorra,A009,1,0.8710303493148189,0.115,10.617457673029572,0.3892790752701069,0.15968390559316492
Andorra,A062,1,0.08935290199406387,0.115,10.617457673029572,-1.0404752759411646,0.15968390559316492
Andorra,A165,1,0.739711435375162,0.115,10.617457673029572,0.14908564350985853,0.15968390559316492
Andorra,A170,1,0.22297000396296085,0.115,10.617457673029572,-0.7960782633484769,0.15968390559316492
Andorra,A173,1,0.7561453426420836,0.115,10.617457673029572,0.17914465378681999,0.15968390559316492
Andorra,B008,1,0.313641051222187,0.115,10.617457673029572,-0.6302332274041741,0.15968390559316492
Andorra,C001_01,1,1.6141971708902503,0.115,10.617457673029572,1.748594225611545,0.15968390559316492
Andorra,C002_01,1,1.6078403429870467,0.115,10.617457673029572,1.7369670482052393,0.15968390559316492
Andorra,C006,1,0.7037141470440318,0.115,10.617457673029572,0.08324354994601414,0.15968390559316492
Andorra,C038,1,0.3930889989112141,0.115,10.617457673029572,-0.4849161924909475,0.15968390559316492
Andorra,C039,1,0.7999717441284299,0.115,10.617457673029572,0.25930685935870895,0.15968390559316492
Andorra,C041,1,0.2994747964352987,0.115,10.617457673029572,-0.6561445089581498,0.15968390559316492
Andorra,D001_B,1,0.3028229283421249,0.115,10.617457673029572,-0.6500204917198096,0.15968390559316492
Andorra,D026_03,1,0.17676696662728156,0.115,10.617457673029572,-0.8805875374695167,0.15968390559316492
Andorra,D026_05,1,0.2956994801901779,0.115,10.617457673029572,-0.663049882584012,0.15968390559316492
Andorra,D054,1,0.43265282662560306,0.115,10.617457673029572,-0.4125505958895541,0.15968390559316492
Andorra,D057,1,0.4405692189329214,0.115,10.617457673029572,-0.39807084290949996,0.15968390559316492
Andorra,D059,1,0.30912440902742294,0.115,10.617457673029572,-0.6384945490694753,0.15968390559316492
Andorra,D060,1,0.7243261792794983,0.115,10.617457673029572,0.12094470516927895,0.15968390559316492
Andorra,D061,1,1.17793465831793,0.115,10.617457673029572,0.950633087345921,0.15968390559316492
Andorra,D066_01,1,0.28759571160616926,0.115,10.617457673029572,-0.6778723626669524,0.15968390559316492
Andorra,D078,1,0.0826567355210526,0.115,10.617457673029572,-1.0527231323735562,0.15968390559316492
Andorra,E015,1,0.8234196918843553,0.115,10.617457673029572,0.3021951446046466,0.15968390559316492
Andorra,E016,1,1.6228791857882945,0.115,10.617457673029572,1.7644743672483627,0.15968390559316492
Andorra,E018,1,0.3641870436363347,0.115,10.617457673029572,-0.5377803200852748,0.15968390559316492
Andorra,E023,1,0.46541382962612327,0.115,10.617457673029572,-0.3526279426895843,0.15968390559316492
Andorra,E025,1,0.16547189174813065,0.115,10.617457673029572,-0.9012471874454439,0.15968390559316492
Andorra,E026,1,1.5417568204090077,0.115,10.617457673029572,1.6160946803594403,0.15968390559316492
Andorra,E027,1,0.04463653451700221,0.115,10.617457673029572,-1.1222653047949158,0.15968390559316492
Andorra,E028,1,0.19632862939358842,0.115,10.617457673029572,-0.8448075970952382,0.15968390559316492
Andorra,E034,1,0.10678415552242494,0.115,10.617457673029572,-1.008592034759442,0.15968390559316492
Andorra,E035,1,0.41737019426485844,0.115,10.617457673029572,-0.44050382671466026,0.15968390559316492
Andorra,E036,0,0.3145725834204221,0.115,10.617457673029572,-0.6285293760032094,0.15968390559316492
Andorra,E037,1,0.48878130614569115,0.115,10.617457673029572,-0.3098868461603275,0.15968390559316492
Andorra,E039,1,0.5051381111143617,0.115,10.617457673029572,-0.2799688625265046,0.15968390559316492
Andorra,E040,1,0.3393482199373213,0.115,10.617457673029572,-0.5832126354019803,0.15968390559316492
Andorra,E069_01,1,1.0121292346862483,0.115,10.617457673029572,0.6473609042934796,0.15968390559316492
Andorra,E069_04,1,0.33234362498774417,0.115,10.617457673029572,-0.5960246336781962,0.15968390559316492
Andorra,E069_05,1,1.2942767358667895,0.115,10.617457673029572,1.1634326150469991,0.15968390559316492
Andorra,E069_07,1,0.35004850049914743,0.115,10.617457673029572,-0.5636409146815096,0.15968390559316492
Andorra,E069_08,1,0.26158069483876156,0.115,10.617457673029572,-0.7254560348677094,0.15968390559316492
Andorra,E069_10,1,0.5880789146169932,0.115,10.617457673029572,-0.12826309807429553,0.15968390559316492
Andorra,E069_12,1,0.14812818562677874,0.115,10.617457673029572,-0.9329702969941797,0.15968390559316492
Andorra,E069_13,1,0.3937806590386709,0.115,10.617457673029572,-0.48365108745282703,0.15968390559316492
Andorra,E069_14,0,0.7691398177412327,0.115,10.617457673029572,0.2029126509042952,0.15968390559316492
Andorra,E069_15,1,0.3142048387630916,0.115,10.617457673029572,-0.6292020121727128,0.15968390559316492
Andorra,E069_40,0,0.07078449532316873,0.115,10.617457673029572,-1.0744384666712647,0.15968390559316492
Andorra,E069_41,1,2.5547386786568924,0.115,10.617457673029572,3.4689244178581715,0.15968390559316492
Andorra,E069_54,0,0.28987149055331274,0.115,10.617457673029572,-0.6737097699463539,0.15968390559316492
Andorra,E114,1,0.5496814878177153,0.115,10.617457673029572,-0.19849524847054023,0.15968390559316492
Andorra,E115,1,0.5627024381447208,0.115,10.617457673029572,-0.17467882591574874,0.15968390559316492
Andorra,E117,1,1.2043741719266192,0.115,10.617457673029572,0.998993200274216,0.15968390559316492
Andorra,E117B,1,0.16297193020974315,0.115,10.617457673029572,-0.9058198291400733,0.15968390559316492
Andorra,E124,1,1.776526869727118,0.115,10.617457673029572,2.045509013211385,0.15968390559316492
Andorra,E224,1,0.5735274009651357,0.115,10.617457673029572,-0.15487905076906017,0.15968390559316492
Andorra,E225,1,0.39741180051949887,0.115,10.617457673029572,-0.47700942169942423,0.15968390559316492
Andorra,E226,1,0.12134396767475587,0.115,10.617457673029572,-0.9819609034034519,0.15968390559316492
Andorra,E227,1,0.5695555163817145,0.115,10.617457673029572,-0.16214396455814262,0.15968390559316492
Andorra,E229,1,0.2223133931293033,0.115,10.617457673029572,-0.797279260255439,0.15968390559316492
Andorra,E233,1,0.5203928459464339,0.115,10.617457673029572,-0.2520666586475438,0.15968390559316492
Andorra,E233A,1,0.04068982449860743,0.115,10.617457673029572,-1.129484172169317,0.15968390559316492
Andorra,E233B,0,1.1147314826164099,0.115,10.617457673029572,0.8350291182415925,0.15968390559316492
Andorra,E235,1,0.3437490972188624,0.115,10.617457673029572,-0.5751630575818744,0.15968390559316492
Andorra,E236,0,0.2688495960659977,0.115,10.617457673029572,-0.712160597991812,0.15968390559316492
Andorra,E248B,1,2.844366771115861,0.115,10.617457673029572,3.9986787645462742,0.15968390559316492
Andorra,E254B,1,0.5270360184387307,0.115,10.617457673029572,-0.23991573270070507,0.15968390559316492
Andorra,E258B,1,0.059315441237132935,0.115,10.617457673029572,-1.095416339373096,0.15968390559316492
Andorra,E259B,1,0.9299697791415636,0.115,10.617457673029572,0.4970842915284706,0.15968390559316492
Andorra,E260B,1,0.6093776066157676,0.115,10.617457673029572,-0.08930598390305784,0.15968390559316492
Andorra,E261B,1,0.5276074581963041,0.115,10.617457673029572,-0.2388705209159133,0.15968390559316492
Andorra,E262B,1,1.0781587182101748,0.115,10.617457673029572,0.7681344301258404,0.15968390559316492
Andorra,E268,0,1.8220440632870658,0.115,10.617457673029572,2.1287638208949393,0.15968390559316492
Andorra,E277,1,0.13116928168634723,0.115,10.617457673029572,-0.9639895707159868,0.15968390559316492
Andorra,E286,0,1.9654120174771132,0.115,10.617457673029572,2.3909959692447,0.15968390559316492
Andorra,E287,1,0.021264526124353988,0.115,10.617457673029572,-1.1650146905044194,0.15968390559316492
Andorra,E289,1,0.47596433770022145,0.115,10.617457673029572,-0.3333301685525218,0.15968390559316492
Andorra,F028,1,0.7597070648541508,0.115,10.617457673029572,0.18565934580967866,0.15968390559316492
Andorra,F028B,1,0.01543721689819135,0.115,10.617457673029572,-1.1756733333378755,0.15968390559316492
Andorra,F114A,1,0.13520428739575133,0.115,10.617457673029572,-0.9566092030336945,0.15968390559316492
Andorra,F114B,1,0.6267747098826968,0.115,10.617457673029572,-0.05748520644603955,0.15968390559316492
Andorra,F114C,1,0.6948263895940391,0.115,10.617457673029572,0.06698708773107816,0.15968390559316492
Andorra,F114D,1,0.04648725032014749,0.115,10.617457673029572,-1.1188801886175566,0.15968390559316492
Andorra,F116,1,0.24764451289615652,0.115,10.617457673029572,-0.7509464936752479,0.15968390559316492
Andorra,F117,1,0.020495345675806284,0.115,10.617457673029572,-1.1664215867849084,0.15968390559316492
Andorra,F120,1,0.2788946083416122,0.115,10.617457673029572,-0.6937874185451529,0.15968390559316492
Andorra,F121,1,1.1303206911489065,0.115,10.617457673029572,0.8635431028879105,0.15968390559316492
Andorra,F122,1,0.2912013982712199,0.115,10.617457673029572,-0.6712772559306246,0.15968390559316492
Andorra,F123,1,0.00982793142598592,0.115,10.617457673029572,-1.1859331922330765,0.15968390559316492
Andorra,F144_02,1,1.103741979870898,0.115,10.617457673029572,0.8149283856160083,0.15968390559316492
Andorra,F202,1,0.649559383597886,0.115,10.617457673029572,-0.015810105677968686,0.15968390559316492
Andorra,F206,1,1.0345426714481254,0.115,10.617457673029572,0.6883569811864885,0.15968390559316492
Andorra,G007_18_B,1,0.9869854329309227,0.115,10.617457673029572,0.6013707582442502,0.15968390559316492
Andorra,G007_33_B,1,0.9980507517178219,0.115,10.617457673029572,0.6216101648400721,0.15968390559316492
Andorra,G007_34_B,1,0.6795098119073256,0.115,10.617457673029572,0.038971768025611475,0.15968390559316492
Andorra,G007_35_B,1,0.481055903059605,0.115,10.617457673029572,-0.32401726365548683,0.15968390559316492
Andorra,G007_36_B,1,0.615344292440287,0.115,10.617457673029572,-0.07839240944960854,0.15968390559316492
Andorra,G052,1,1.9083298953846413,0.115,10.617457673029572,2.28658792636484,0.15968390559316492
Andorra,G058,1,0.0679601156579103,0.115,10.617457673029572,-1.0796044966363316,0.15968390559316492
Andorra,G062,1,0.41645552119850665,0.115,10.617457673029572,-0.44217684133345814,0.15968390559316492
Andorra,G063,1,1.2374051314583734,0.115,10.617457673029572,1.0594096268668973,0.15968390559316492
Andorra,H001,1,3.453526165581234,0.115,10.617457673029572,5.112882964505371,0.15968390559316492
Andorra,H006_01,1,0.4575392319535618,0.115,10.617457673029572,-0.36703124973774454,0.15968390559316492
Andorra,H006_02,1,0.6299646918034192,0.115,10.617457673029572,-0.05165045894619694,0.15968390559316492
Andorra,H008_01,1,0.6910367884973885,0.115,10.617457673029572,0.06005558590016004,0.15968390559316492
Andorra,H008_02,1,1.2538232352451257,0.115,10.617457673029572,1.089439731238215,0.15968390559316492
Andorra,H008_03,1,1.587965118724607,0.115,10.617457673029572,1.7006135772589779,0.15968390559316492
Andorra,H008_04,1,0.4427750616838629,0.115,10.617457673029572,-0.3940361694235803,0.15968390559316492
Andorra,H008_07,1,0.3886880045818502,0.115,10.617457673029572,-0.4929659844014491,0.15968390559316492
Andorra,H008_08,1,0.35236529335614,0.115,10.617457673029572,-0.5594033040410927,0.15968390559316492
Andorra,H008_09,1,0.6321450379002304,0.115,10.617457673029572,-0.047662421003248454,0.15968390559316492
Argentina,A001,1,0.1954879405806878,0.071,9.314780023768998,-0.8463452882393017,-0.802794429488927
Argentina,A002,1,1.2591382630727173,0.071,9.314780023768998,1.0991613679431687,-0.802794429488927
Argentina,A003,1,1.3145132354599602,0.071,9.314780023768998,1.2004468892157005,-0.802794429488927
Argentina,A004,1,0.10099381511681835,0.071,9.314780023768998,-1.0191830584844914,-0.802794429488927
Argentina,A005,1,0.9272720495312312,0.071,9.314780023768998,0.49214991525602636,-0.802794429488927
Argentina,A006,1,0.7415521511874423,0.071,9.314780023768998,0.15245246885574984,-0.802794429488927
Argentina,A008,1,0.5466959620780525,0.071,9.314780023768998,-0.2039560282737275,-0.802794429488927
Argentina,A009,1,0.053479995838102305,0.071,9.314780023768998,-1.106089863956819,-0.802794429488927
Argentina,A062,0,0.21296488870687671,0.071,9.314780023768998,-0.8143784677624424,-0.802794429488927
Argentina,A165,1,0.5640350751484744,0.071,9.314780023768998,-0.17224131980471458,-0.802794429488927
Argentina,A170,1,0.746015252399096,0.071,9.314780023768998,0.16061585952172075,-0.802794429488927
Argentina,A173,1,0.4487607945430506,0.071,9.314780023768998,-0.38308775632819747,-0.802794429488927
Argentina,B008,1,0.7923682319719657,0.071,9.314780023768998,0.24539939071233322,-0.802794429488927
Argentina,C001_01,1,0.6773277964697162,0.071,9.314780023768998,0.034980676716753374,-0.802794429488927
Argentina,C002_01,1,0.16486925341360337,0.071,9.314780023768998,-0.9023494640736751,-0.802794429488927
Argentina,C006,1,1.0358088112885635,0.071,9.314780023768998,0.6906728583456838,-0.802794429488927
Argentina,C038,1,0.34377088899697444,0.071,9.314780023768998,-0.5751231985713795,-0.802794429488927
Argentina,C039,1,1.1315897856277328,0.071,9.314780023768998,0.8658643843313234,-0.802794429488927
Argentina,C041,0,0.5157587109987049,0.071,9.314780023768998,-0.2605428845234798,-0.802794429488927
Argentina,D001_B,1,0.5142648903586715,0.071,9.314780023768998,-0.2632752091764904,-0.802794429488927
Argentina,D026_03,1,0.5130455561792777,0.071,9.314780023768998,-0.26550547481168857,-0.802794429488927
Argentina,D026_05,1,2.534092151166573,0.071,9.314780023768998,3.431160167887973,-0.802794429488927
Argentina,D054,1,0.23238058723672103,0.071,9.314780023768998,-0.7788655083570006,-0.802794429488927
Argentina,D057,1,0.6304208199533776,0.071,9.314780023768998,-0.05081616187219499,-0.802794429488927
Argentina,D059,1,0.48067847184058465,0.071,9.314780023768998,-0.32470761736791254,-0.802794429488927
Argentina,D060,1,0.7406157962058166,0.071,9.314780023768998,0.1507397961749064,-0.802794429488927
Argentina,D061,1,0.19942696669457088,0.071,9.314780023768998,-0.8391404753779832,-0.802794429488927
Argentina,D066_01,1,0.17380476613295232,0.071,9.314780023768998,-0.8860056534205958,-0.802794429488927
Argentina,D078,1,0.019153897501044737,0.071,9.314780023768998,-1.1688752092750592,-0.802794429488927
Argentina,E015,0,0.7918497403001099,0.071,9.314780023768998,0.24445102546725223,-0.802794429488927
Argentina,E016,1,0.8542391424165344,0.071,9.314780023768998,0.3585665336620595,-0.802794429488927
Argentina,E018,0,0.4461045095829866,0.071,9.314780023768998,-0.387946326820062,-0.802794429488927
Argentina,E023,1,0.4878440530167826,0.071,9.314780023768998,-0.31160116162873014,-0.802794429488927
Argentina,E025,0,0.5506164395564441,0.071,9.314780023768998,-0.19678514243997497,-0.802794429488927
Argentina,E026,0,1.7073721610959933,0.071,9.314780023768998,1.9190191855836396,-0.802794429488927
Argentina,E027,0,0.4175137100264165,0.071,9.314780023768998,-0.4402413242140977,-0.802794429488927
Argentina,E028,0,1.057469494926231,0.071,9.314780023768998,0.7302920859277455,-0.802794429488927
Argentina,E034,1,0.7362065474229802,0.071,9.314780023768998,0.14267490616887998,-0.802794429488927
Argentina,E035,1,0.6446184530088823,0.071,9.314780023768998,-0.024847486803488236,-0.802794429488927
Argentina,E036,0,0.38613807992086896,0.071,9.314780023768998,-0.49763001288505826,-0.802794429488927
Argentina,E037,1,0.2113747282889341,0.071,9.314780023768998,-0.8172870060405647,-0.802794429488927
Argentina,E039,1,0.44030714510691377,0.071,9.314780023768998,-0.3985501981657598,-0.802794429488927
Argentina,E040,1,0.4711833669683053,0.071,9.314780023768998,-0.34207496953200545,-0.802794429488927
Argentina,E069_01,1,0.21202480418167563,0.071,9.314780023768998,-0.8160979620948163,-0.802794429488927
Argentina,E069_04,0,0.4419982949475714,0.071,9.314780023768998,-0.3954569416678039,-0.802794429488927
Argentina,E069_05,1,1.2814127428326452,0.071,9.314780023768998,1.139903280693603,-0.802794429488927
Argentina,E069_07,1,0.4855015986389762,0.071,9.314780023768998,-0.31588570936726595,-0.802794429488927
Argentina,E069_08,1,1.9895212462543546,0.071,9.314780023768998,2.4350937935669412,-0.802794429488927
Argentina,E069_10,0,0.37627462923471383,0.071,9.314780023768998,-0.5156711007849646,-0.802794429488927
Argentina,E069_12,1,0.7904929707319716,0.071,9.314780023768998,0.24196937884909048,-0.802794429488927
Argentina,E069_13,1,0.4060365336047285,0.071,9.314780023768998,-0.46123405335675427,-0.802794429488927
Argentina,E069_14,1,0.6774774020562412,0.071,9.314780023768998,0.035254318023705204,-0.802794429488927
Argentina,E069_15,1,1.6094974283036445,0.071,9.314780023768998,1.7399979977994162,-0.802794429488927
Argentina,E069_40,1,1.3039263418072162,0.071,9.314780023768998,1.1810825627691546,-0.802794429488927
Argentina,E069_41,1,1.4183951972176079,0.071,9.314780023768998,1.3904558082966334,-0.802794429488927
Argentina,E069_54,1,1.0729340448464344,0.071,9.314780023768998,0.7585780593989255,-0.802794429488927
Argentina,E114,1,1.2360536024610436,0.071,9.314780023768998,1.0569375656972375,-0.802794429488927
Argentina,E115,1,0.8013818716371476,0.071,9.314780023768998,0.26188610217588665,-0.802794429488927
Argentina,E117,1,0.6525954551196671,0.071,9.314780023768998,-0.010256873352111501,-0.802794429488927
Argentina,E117B,1,0.26325864767722257,0.071,9.314780023768998,-0.7223869168061101,-0.802794429488927
Argentina,E124,1,0.24811275451465098,0.071,9.314780023768998,-0.7500900400398574,-0.802794429488927
Argentina,E224,1,0.4586249969551389,0.071,9.314780023768998,-0.3650452934577998,-0.802794429488927
Argentina,E225,1,1.3984806925343056,0.071,9.314780023768998,1.3540304901289404,-0.802794429488927
Argentina,E226,1,0.5851424223685497,0.071,9.314780023768998,-0.13363419146313607,-0.802794429488927
Argentina,E227,1,0.3390395265733592,0.071,9.314780023768998,-0.5837772617473197,-0.802794429488927
Argentina,E229,1,0.1495454435497983,0.071,9.314780023768998,-0.9303780120444588,-0.802794429488927
Argentina,E233,1,0.506033134693207,0.071,9.314780023768998,-0.27833178848697987,-0.802794429488927
Argentina,E233A,1,0.5278367077963826,0.071,9.314780023768998,-0.2384512039529522,-0.802794429488927
Argentina,E233B,0,0.802509370799126,0.071,9.314780023768998,0.2639483937749997,-0.802794429488927
Argentina,E235,1,0.8101428499658928,0.071,9.314780023768998,0.27791067462495106,-0.802794429488927
Argentina,E236,1,1.430049342605951,0.071,9.314780023768998,1.4117722286893983,-0.802794429488927
Argentina,E248B,1,0.1323145281740916,0.071,9.314780023768998,-0.9618948177527609,-0.802794429488927
Argentina,E254B,1,0.2701409677335778,0.071,9.314780023768998,-0.7097985696806689,-0.802794429488927
Argentina,E258B,1,0.39981313600502993,0.071,9.314780023768998,-0.47261717542070153,-0.802794429488927
Argentina,E259B,1,0.714614454720463,0.071,9.314780023768998,0.1031811372249319,-0.802794429488927
Argentina,E260B,1,0.02444875211655828,0.071,9.314780023768998,-1.1591904710860408,-0.802794429488927
Argentina,E261B,1,0.0014571867229645743,0.071,9.314780023768998,-1.2012439942819841,-0.802794429488927
Argentina,E262B,1,0.559753549473837,0.071,9.314780023768998,-0.18007259341266812,-0.802794429488927
Argentina,E268,1,1.1532271059210677,0.071,9.314780023768998,0.9054408783749761,-0.802794429488927
Argentina,E277,1,1.1885435055821738,0.071,9.314780023768998,0.9700375688099543,-0.802794429488927
Argentina,E286,1,1.4957692887424612,0.071,9.314780023768998,1.5319795843859336,-0.802794429488927
Argentina,E287,1,1.2327751527292543,0.071,9.314780023768998,1.0509410030673196,-0.802794429488927
Argentina,E289,0,1.4175480973357406,0.071,9.314780023768998,1.388906390763658,-0.802794429488927
Argentina,F028,1,0.08674820128624307,0.071,9.314780023768998,-1.0452394944604202,-0.802794429488927
Argentina,F028B,0,0.5387485669771089,0.071,9.314780023768998,-0.21849248799290696,-0.802794429488927
Argentina,F114A,1,1.964708489148676,0.071,9.314780023768998,2.3897091562603525,-0.802794429488927
Argentina,F114B,1,0.7374063118922854,0.071,9.314780023768998,0.14486937714446896,-0.802794429488927
Argentina,F114C,1,0.7734054122806563,0.071,9.314780023768998,0.21071478511470088,-0.802794429488927
Argentina,F114D,1,1.005324882577572,0.071,9.314780023768998,0.634915167157403,-0.802794429488927
Argentina,F116,0,1.1782870479289624,0.071,9.314780023768998,0.9512776378333659,-0.802794429488927
Argentina,F117,1,0.3500225255971202,0.071,9.314780023768998,-0.5636884249804481,-0.802794429488927
Argentina,F120,0,0.589647643627705,0.071,9.314780023768998,-0.1253937596577604,-0.802794429488927
Argentina,F121,0,1.0152707589350458,0.071,9.314780023768998,0.6531070186013047,-0.802794429488927
Argentina,F122,1,0.6936034107749531,0.071,9.314780023768998,0.06475015574075318,-0.802794429488927
Argentina,F123,1,0.45768205567363895,0.071,9.314780023768998,-0.3667700130397479,-0.802794429488927
Argentina,F144_02,1,0.5185427526660277,0.071,9.314780023768998,-0.2554506361780124,-0.802794429488927
Argentina,F202,0,0.5959447841177022,0.071,9.314780023768998,-0.1138757555927567,-0.802794429488927
Argentina,F206,1,0.5245392007025407,0.071,9.314780023768998,-0.2444826241144653,-0.802794429488927
Argentina,G007_18_B,1,1.0924547714672446,0.071,9.314780023768998,0.7942831240909819,-0.802794429488927
Argentina,G007_33_B,1,0.7944535987514373,0.071,9.314780023768998,0.24921370342794297,-0.802794429488927
Argentina,G007_34_B,1,1.0916093219709897,0.071,9.314780023768998,0.7927367252532734,-0.802794429488927
Argentina,G007_35_B,1,0.35867598382993665,0.071,9.314780023768998,-0.5478605159064418,-0.802794429488927
Argentina,G007_36_B,1,1.1085705271254847,0.071,9.314780023768998,0.8237602080907861,-0.802794429488927
Argentina,G052,1,0.3392347537345966,0.071,9.314780023768998,-0.583420174710703,-0.802794429488927
Argentina,G058,1,0.10384736461215004,0.071,9.314780023768998,-1.0139636744261038,-0.802794429488927
Argentina,G062,1,1.2174521994592264,0.071,9.314780023768998,1.0229140218792088,-0.802794429488927
Argentina,G063,1,1.040043506769356,0.071,9.314780023768998,0.6984184755570673,-0.802794429488927
Argentina,H001,1,0.9059026857354425,0.071,9.314780023768998,0.4530635363738321,-0.802794429488927
Argentina,H006_01,0,0.4321225188931409,0.071,9.314780023768998,-0.4135205737116949,-0.802794429488927
Argentina,H006_02,0,0.8304393490715815,0.071,9.314780023768998,0.31503469299106657,-0.802794429488927
Argentina,H008_01,0,0.6835179147654816,0.071,9.314780023768998,0.046302928111133776,-0.802794429488927
Argentina,H008_02,1,2.018131485641766,0.071,9.314780023768998,2.4874243480604266,-0.802794429488927
Argentina,H008_03,0,1.2336334424763091,0.071,9.314780023768998,1.0525108878128215,-0.802794429488927
Argentina,H008_04,0,0.9513087630425583,0.071,9.314780023768998,0.5361151030063346,-0.802794429488927
Argentina,H008_07,1,0.5219433583014786,0.071,9.314780023768998,-0.249230640039318,-0.802794429488927
Argentina,H008_08,1,0.30430032023908793,0.071,9.314780023768998,-0.6473182166313224,-0.802794429488927
Argentina,H008_09,0,0.42337124627758327,0.071,9.314780023768998,-0.4295273935881232,-0.802794429488927
Armenia,A001,1,0.3071858126953656,0.154,8.422214376704435,-0.6420404061880367,1.012789702597746
Armenia,A002,1,0.36271124091050827,0.154,8.422214376704435,-0.5404796884449633,1.012789702597746
Armenia,A003,1,0.18276278225198478,0.154,8.422214376704435,-0.8696206821408092,1.012789702597746
Armenia,A004,1,0.2709257736439525,0.154,8.422214376704435,-0.708363093105183,1.012789702597746
Armenia,A005,0,0.3588184722935355,0.154,8.422214376704435,-0.5475998924209797,1.012789702597746
Armenia,A006,1,1.504008675722398,0.154,8.422214376704435,1.5470501220178632,1.012789702597746
Armenia,A008,1,0.8558083133604,0.154,8.422214376704435,0.3614366804118166,1.012789702597746
Armenia,A009,1,2.8518519717443507,0.154,8.422214376704435,4.012369831373077,1.012789702597746
Armenia,A062,1,1.6693758209749872,0.154,8.422214376704435,1.8495206567411926,1.012789702597746
Armenia,A165,1,0.5675600896206395,0.154,8.422214376704435,-0.16579376935160203,1.012789702597746
Armenia,A170,1,0.28955992207078957,0.154,8.422214376704435,-0.6742796551274022,1.012789702597746
Armenia,A173,1,0.9449389213093621,0.154,8.422214376704435,0.5244641222011697,1.012789702597746
Armenia,B008,1,0.27876466969742036,0.154,8.422214376704435,-0.6940250873464732,1.012789702597746
Armenia,C001_01,1,0.6813098689307014,0.154,8.422214376704435,0.042264224998012676,1.012789702597746
Armenia,C002_01,1,0.47588662463276127,0.154,8.422214376704435,-0.33347231234434793,1.012789702597746
Armenia,C006,1,0.232977116042039,0.154,8.422214376704435,-0.7777744065758895,1.012789702597746
Armenia,C038,1,1.0479530378410993,0.154,8.422214376704435,0.7128856787553005,1.012789702597746
Armenia,C039,1,2.160459247320621,0.154,8.422214376704435,2.747753896080509,1.012789702597746
Armenia,C041,1,0.050063841317980494,0.154,8.422214376704435,-1.1123383003243965,1.012789702597746
Armenia,D001_B,1,1.1973036183653818,0.154,8.422214376704435,0.9860605581028175,1.012789702597746
Armenia,D026_03,0,0.3445223811889756,0.154,8.422214376704435,-0.5737486556123909,1.012789702597746
Armenia,D026_05,1,0.2691669024805784,0.154,8.422214376704435,-0.7115802176463523,1.012789702597746
Armenia,D054,1,0.0895473584939186,0.154,8.422214376704435,-1.0401195985095826,1.012789702597746
Armenia,D057,1,0.1831663389086032,0.154,8.422214376704435,-0.8688825427871179,1.012789702597746
Armenia,D059,1,0.7162712046037529,0.154,8.422214376704435,0.10621147328313789,1.012789702597746
Armenia,D060,1,0.7489165478753618,0.154,8.422214376704435,0.16592257502893984,1.012789702597746
Armenia,D061,1,0.5993475197062028,0.154,8.422214376704435,-0.10765186358927692,1.012789702597746
Armenia,D066_01,1,0.12222694781796956,0.154,8.422214376704435,-0.9803458578291937,1.012789702597746
Armenia,D078,1,0.6706094963556729,0.154,8.422214376704435,0.02269233597759038,1.012789702597746
Armenia,E015,1,0.21361704012606952,0.154,8.422214376704435,-0.8131856275027733,1.012789702597746
Armenia,E016,1,0.19974135920442387,0.154,8.422214376704435,-0.8385654248114213,1.012789702597746
Armenia,E018,1,1.8173063909804035,0.154,8.422214376704435,2.1200982164077162,1.012789702597746
Armenia,E023,1,1.05687494949344,0.154,8.422214376704435,0.7292046119032108,1.012789702597746
Armenia,E025,0,0.9706758824577568,0.154,8.422214376704435,0.5715392070907216,1.012789702597746
Armenia,E026,0,0.610057728055091,0.154,8.422214376704435,-0.08806198410421796,1.012789702597746
Armenia,E027,0,0.7571291353259962,0.154,8.422214376704435,0.18094409404870182,1.012789702597746
Armenia,E028,1,0.07880482630559799,0.154,8.422214376704435,-1.0597686010385965,1.012789702597746
Armenia,E034,1,1.0310885528853961,0.154,8.422214376704435,0.68203910536496,1.012789702597746
Armenia,E035,0,2.110716866655528,0.154,8.422214376704435,2.6567708628111086,1.012789702597746
Armenia,E036,0,0.6126099445298369,0.154,8.422214376704435,-0.08339376369884699,1.012789702597746
Armenia,E037,1,0.5181014255083197,0.154,8.422214376704435,-0.25625786098180253,1.012789702597746
Armenia,E039,1,0.5269451268740496,0.154,8.422214376704435,-0.24008198108171777,1.012789702597746
Armenia,E040,1,0.24323607823076962,0.154,8.422214376704435,-0.7590098945914074,1.012789702597746
Armenia,E069_01,1,0.7735826955444697,0.154,8.422214376704435,0.21103905124096933,1.012789702597746
Armenia,E069_04,1,1.2219562473988532,0.154,8.422214376704435,1.0311523075836486,1.012789702597746
Armenia,E069_05,1,0.9536102007506776,0.154,8.422214376704435,0.5403246277770742,1.012789702597746
Armenia,E069_07,1,0.8815018858955573,0.154,8.422214376704435,0.4084324038476362,1.012789702597746
Armenia,E069_08,1,0.114271133344001,0.154,8.422214376704435,-0.9948977172957475,1.012789702597746
Armenia,E069_10,1,1.5238714146225896,0.154,8.422214376704435,1.5833807561775937,1.012789702597746
Armenia,E069_12,1,0.46371456457277754,0.154,8.422214376704435,-0.35573604259986014,1.012789702597746
Armenia,E069_13,1,0.46164410624379004,0.154,8.422214376704435,-0.35952308649503445,1.012789702597746
Armenia,E069_14,1,0.5003839051962846,0.154,8.422214376704435,-0.2886647083913474,1.012789702597746
Armenia,E069_15,1,0.23233546020512094,0.154,8.422214376704435,-0.778948049525367,1.012789702597746
Armenia,E069_40,1,0.517172787205856,0.154,8.422214376704435,-0.2579564192019479,1.012789702597746
Armenia,E069_41,1,0.07349957518430017,0.154,8.422214376704435,-1.0694723553185015,1.012789702597746
Armenia,E069_54,1,0.6950979683398957,0.154,8.422214376704435,0.06748382829192695,1.012789702597746
Armenia,E114,0,1.4701809458698323,0.154,8.422214376704435,1.4851763349282134,1.012789702597746
Armenia,E115,1,0.46494310136101624,0.154,8.422214376704435,-0.3534889446125408,1.012789702597746
Armenia,E117,1,0.8862304398551958,0.154,8.422214376704435,0.41708133010475534,1.012789702597746
Armenia,E117B,1,0.524456712371291,0.154,8.422214376704435,-0.24463350226878924,1.012789702597746
Armenia,E124,1,1.109617244628905,0.154,8.422214376704435,0.8256747431846841,1.012789702597746
Armenia,E224,1,0.09878895680833208,0.154,8.422214376704435,-1.0232159313416624,1.012789702597746
Armenia,E225,1,0.8133880437881824,0.154,8.422214376704435,0.28384640937570504,1.012789702597746
Armenia,E226,1,0.8267450083407473,0.154,8.422214376704435,0.3082774304489892,1.012789702597746
Armenia,E227,1,1.1363828413197752,0.154,8.422214376704435,0.8746312897278962,1.012789702597746
Armenia,E229,1,0.22441929487968992,0.154,8.422214376704435,-0.7934273873362973,1.012789702597746
Armenia,E233,1,0.13361752143488995,0.154,8.422214376704435,-0.9595115325619054,1.012789702597746
Armenia,E233A,1,1.098463323064738,0.154,8.422214376704435,0.8052732745941582,1.012789702597746
Armenia,E233B,0,0.7015725501655362,0.154,8.422214376704435,0.07932638760998338,1.012789702597746
Armenia,E235,1,0.46684807164131925,0.154,8.422214376704435,-0.35000459239472154,1.012789702597746
Armenia,E236,1,0.3470746372896524,0.154,8.422214376704435,-0.5690803627278314,1.012789702597746
Armenia,E248B,0,1.4234438889533692,0.154,8.422214376704435,1.3996902936996223,1.012789702597746
Armenia,E254B,1,0.12392576678829031,0.154,8.422214376704435,-0.977238573842606,1.012789702597746
Armenia,E258B,1,0.4945553092889669,0.154,8.422214376704435,-0.29932570467376945,1.012789702597746
Armenia,E259B,0,1.739474015715071,0.154,8.422214376704435,1.9777362004865198,1.012789702597746
Armenia,E260B,1,0.5509266592757689,0.154,8.422214376704435,-0.19621772426121548,1.012789702597746
Armenia,E261B,0,0.6565889342972759,0.154,8.422214376704435,-0.0029524612186565113,1.012789702597746
Armenia,E262B,1,0.7270255619488737,0.154,8.422214376704435,0.1258821050269214,1.012789702597746
Armenia,E268,1,1.8792690897053281,0.154,8.422214376704435,2.2334332479074814,1.012789702597746
Armenia,E277,0,0.23033241732434195,0.154,8.422214376704435,-0.7826117848477466,1.012789702597746
Armenia,E286,1,0.3886949508798877,0.154,8.422214376704435,-0.4929532790331697,1.012789702597746
Armenia,E287,1,0.02126565948509648,0.154,8.422214376704435,-1.1650126174914923,1.012789702597746
Armenia,E289,0,1.2690851631240152,0.154,8.422214376704435,1.117355091809902,1.012789702597746
Armenia,F028,0,1.558388561550441,0.154,8.422214376704435,1.6465155455726923,1.012789702597746
Armenia,F028B,1,0.1165189586220943,0.154,8.422214376704435,-0.9907862542068069,1.012789702597746
Armenia,F114A,0,0.4379558091105766,0.154,8.422214376704435,-0.4028509911379067,1.012789702597746
Armenia,F114B,1,0.025344895818346855,0.154,8.422214376704435,-1.1575513482466466,1.012789702597746
Armenia,F114C,1,1.1092050994510385,0.154,8.422214376704435,0.8249208946971718,1.012789702597746
Armenia,F114D,1,0.23708246051424647,0.154,8.422214376704435,-0.7702653833304596,1.012789702597746
Armenia,F116,0,0.0887912811254235,0.154,8.422214376704435,-1.0415025281452825,1.012789702597746
Armenia,F117,0,0.6163977007452144,0.154,8.422214376704435,-0.07646563631225588,1.012789702597746
Armenia,F120,1,0.3920841672840651,0.154,8.422214376704435,-0.4867541147644828,1.012789702597746
Armenia,F121,1,0.1337524760986642,0.154,8.422214376704435,-0.9592646890353216,1.012789702597746
Armenia,F122,1,0.508081134818022,0.154,8.422214376704435,-0.27458582255208974,1.012789702597746
Armenia,F123,1,0.37949796882490994,0.154,8.422214376704435,-0.5097753392783346,1.012789702597746
Armenia,F144_02,0,1.0071690150728483,0.154,8.422214376704435,0.6382882419062891,1.012789702597746
Armenia,F202,1,0.08978650975538356,0.154,8.422214376704435,-1.0396821705681099,1.012789702597746
Armenia,F206,1,1.5160675795697005,0.154,8.422214376704435,1.569106879962735,1.012789702597746
Armenia,G007_18_B,1,0.49565074900720757,0.154,8.422214376704435,-0.29732205251646016,1.012789702597746
Armenia,G007_33_B,1,0.7389069362142084,0.154,8.422214376704435,0.14761414630872816,1.012789702597746
Armenia,G007_34_B,1,0.970174907491919,0.154,8.422214376704435,0.5706228813866738,1.012789702597746
Armenia,G007_35_B,1,1.6520530062315486,0.154,8.422214376704435,1.8178357592946182,1.012789702597746
Armenia,G007_36_B,1,0.7551769468226942,0.154,8.422214376704435,0.17737337569607756,1.012789702597746
Armenia,G052,0,1.7151260169390812,0.154,8.422214376704435,1.9332016455846512,1.012789702597746
Armenia,G058,1,0.510636999608938,0.154,8.422214376704435,-0.2699109290670018,1.012789702597746
Armenia,G062,1,1.5421942413669856,0.154,8.422214376704435,1.6168947603926092,1.012789702597746
Armenia,G063,1,0.5308239314507951,0.154,8.422214376704435,-0.23298731851967455,1.012789702597746
Armenia,H001,1,1.9678297556855195,0.154,8.422214376704435,2.3954182174948024,1.012789702597746
Armenia,H006_01,1,0.026311447831575192,0.154,8.422214376704435,-1.1557834426337599,1.012789702597746
Armenia,H006_02,1,0.009165344234037358,0.154,8.422214376704435,-1.1871451204062538,1.012789702597746
Armenia,H008_01,0,0.26438695575009674,0.154,8.422214376704435,-0.7203231456403588,1.012789702597746
Armenia,H008_02,0,2.339416705639408,0.154,8.422214376704435,3.0750822661006354,1.012789702597746
Armenia,H008_03,0,1.3535008935676505,0.154,8.422214376704435,1.271758622737077,1.012789702597746
Armenia,H008_04,1,0.6077690136823958,0.154,8.422214376704435,-0.09224823681530321,1.012789702597746
Armenia,H008_07,1,0.8521902030744696,0.154,8.422214376704435,0.3548188498191571,1.012789702597746
Armenia,H008_08,1,0.26856438798159304,0.154,8.422214376704435,-0.7126822677688739,1.012789702597746
Armenia,H008_09,0,0.03933711633565691,0.154,8.422214376704435,-1.131958390132911,1.012789702597746
Australia,A001,1,0.672220700548699,0.035,10.926833493264063,0.0256393651052244,-1.5902767036470018
Australia,A002,1,0.11251591520810303,0.035,10.926833493264063,-0.9981081601398216,-1.5902767036470018
Australia,A003,1,0.5869844097951619,0.035,10.926833493264063,-0.13026504022677649,-1.5902767036470018
Australia,A004,1,0.6776730486662291,0.035,10.926833493264063,0.035612172267663215,-1.5902767036470018
Australia,A005,1,0.7972814576952024,0.035,10.926833493264063,0.25438609728850275,-1.5902767036470018
Australia,A006,1,0.24466349795393053,0.035,10.926833493264063,-0.7563990228473279,-1.5902767036470018
Australia,A008,1,0.2924281510399989,0.035,10.926833493264063,-0.6690334210662133,-1.5902767036470018
Australia,A009,1,0.34986305210876206,0.035,10.926833493264063,-0.5639801155168253,-1.5902767036470018
Australia,A062,1,0.7860467492260623,0.035,10.926833493264063,0.23383686259662362,-1.5902767036470018
Australia,A165,1,0.24865006149528798,0.035,10.926833493264063,-0.7491072599991447,-1.5902767036470018
Australia,A170,1,0.058931325542271894,0.035,10.926833493264063,-1.0961189195587961,-1.5902767036470018
Australia,A173,1,0.16985569024605532,0.035,10.926833493264063,-0.893228848169155,-1.5902767036470018
Australia,B008,1,0.5249250167387584,0.035,10.926833493264063,-0.24377693386020502,-1.5902767036470018
Australia,C001_01,1,0.03683713846622142,0.035,10.926833493264063,-1.1365310616984126,-1.5902767036470018
Australia,C002_01,1,0.1954128658137608,0.035,10.926833493264063,-0.8464826063556782,-1.5902767036470018
Australia,C006,1,0.5415579528171182,0.035,10.926833493264063,-0.21335388300596242,-1.5902767036470018
Australia,C038,1,0.1380967083930338,0.035,10.926833493264063,-0.9513187197012484,-1.5902767036470018
Australia,C039,1,0.34556891164786746,0.035,10.926833493264063,-0.5718344626388001,-1.5902767036470018
Australia,C041,1,0.0785629670027343,0.035,10.926833493264063,-1.0602109822174772,-1.5902767036470018
Australia,D001_B,1,0.13283238224035254,0.035,10.926833493264063,-0.9609476187423931,-1.5902767036470018
Australia,D026_03,1,0.4116944344101283,0.035,10.926833493264063,-0.45088527289370134,-1.5902767036470018
Australia,D026_05,1,0.3352689526127211,0.035,10.926833493264063,-0.5906739613326335,-1.5902767036470018
Australia,D054,1,0.13091043282835657,0.035,10.926833493264063,-0.9644630272322092,-1.5902767036470018
Australia,D057,1,0.6842805320383963,0.035,10.926833493264063,0.047697819786716764,-1.5902767036470018
Australia,D059,1,0.38765802691176576,0.035,10.926833493264063,-0.49484990092034215,-1.5902767036470018
Australia,D060,1,1.1467196853434003,0.035,10.926833493264063,0.893538254194156,-1.5902767036470018
Australia,D061,1,0.297512454217623,0.035,10.926833493264063,-0.6597337993155779,-1.5902767036470018
Australia,D066_01,1,0.5126384491130256,0.035,10.926833493264063,-0.26625010816573746,-1.5902767036470018
Australia,D078,1,0.41121067110826276,0.035,10.926833493264063,-0.4517701170044907,-1.5902767036470018
Australia,E015,1,0.30522342428504895,0.035,10.926833493264063,-0.6456297810357231,-1.5902767036470018
Australia,E016,1,0.45281176948844537,0.035,10.926833493264063,-0.3756781795588049,-1.5902767036470018
Australia,E018,0,0.5641817323422724,0.035,10.926833493264063,-0.17197307135813616,-1.5902767036470018
Australia,E023,1,0.02388023105115905,0.035,10.926833493264063,-1.1602303443352895,-1.5902767036470018
Australia,E025,1,2.0098048835665376,0.035,10.926833493264063,2.4721942866218276,-1.5902767036470018
Australia,E026,1,0.08906093499622676,0.035,10.926833493264063,-1.0410093083441698,-1.5902767036470018
Australia,E027,0,0.5164564180768463,0.035,10.926833493264063,-0.2592667190996688,-1.5902767036470018
Australia,E028,1,0.11016560793389245,0.035,10.926833493264063,-1.002407071491945,-1.5902767036470018
Australia,E034,1,0.4999520757692772,0.035,10.926833493264063,-0.28945456104011086,-1.5902767036470018
Australia,E035,1,0.03651762413182799,0.035,10.926833493264063,-1.1371154805164803,-1.5902767036470018
Australia,E036,1,0.1569877591500009,0.035,10.926833493264063,-0.916765385571802,-1.5902767036470018
Australia,E037,1,0.06730030418910801,0.035,10.926833493264063,-1.0808113477764438,-1.5902767036470018
Australia,E039,1,0.04831694388647221,0.035,10.926833493264063,-1.115533523894399,-1.5902767036470018
Australia,E040,1,0.012248875017514482,0.035,10.926833493264063,-1.1815050810653704,-1.5902767036470018
Australia,E069_01,1,0.499493320270625,0.035,10.926833493264063,-0.2902936637577193,-1.5902767036470018
Australia,E069_04,1,0.6615767771595418,0.035,10.926833493264063,0.006170726433649327,-1.5902767036470018
Australia,E069_05,1,0.6216248891349357,0.035,10.926833493264063,-0.06690466538950335,-1.5902767036470018
Australia,E069_07,1,0.4651197650849455,0.035,10.926833493264063,-0.3531658116772683,-1.5902767036470018
Australia,E069_08,1,0.5821020207830447,0.035,10.926833493264063,-0.1391953438428102,-1.5902767036470018
Australia,E069_10,1,0.9245340893740186,0.035,10.926833493264063,0.487141953901077,-1.5902767036470018
Australia,E069_12,1,0.3956020340470534,0.035,10.926833493264063,-0.48031963807770667,-1.5902767036470018
Australia,E069_13,1,0.3919241346369738,0.035,10.926833493264063,-0.4870468280496094,-1.5902767036470018
Australia,E069_14,1,0.2036783850199117,0.035,10.926833493264063,-0.8313642706655283,-1.5902767036470018
Australia,E069_15,1,0.7740778865511736,0.035,10.926833493264063,0.21194479759317938,-1.5902767036470018
Australia,E069_40,1,1.1550897711753179,0.035,10.926833493264063,0.9088478511119309,-1.5902767036470018
Australia,E069_41,1,1.1580785081632712,0.035,10.926833493264063,0.9143145045606121,-1.5902767036470018
Australia,E069_54,1,0.28404096086352376,0.035,10.926833493264063,-0.6843743032809347,-1.5902767036470018
Australia,E114,1,0.12056459187001008,0.035,10.926833493264063,-0.9833864478551735,-1.5902767036470018
Australia,E115,1,0.07406167565908692,0.035,10.926833493264063,-1.0684442258740625,-1.5902767036470018
Australia,E117,1,0.14063376887584256,0.035,10.926833493264063,-0.9466782208906264,-1.5902767036470018
Australia,E117B,1,1.3609099912652962,0.035,10.926833493264063,1.285310490848492,-1.5902767036470018
Australia,E124,1,0.9067932063759233,0.035,10.926833493264063,0.45469237415715935,-1.5902767036470018
Australia,E224,1,0.3696969351790227,0.035,10.926833493264063,-0.5277022611175228,-1.5902767036470018
Australia,E225,1,0.4090420801459817,0.035,10.926833493264063,-0.4557366538093405,-1.5902767036470018
Australia,E226,1,0.05558085707289337,0.035,10.926833493264063,-1.1022472105682262,-1.5902767036470018
Australia,E227,1,1.2030081103314227,0.035,10.926833493264063,0.9964945577504368,-1.5902767036470018
Australia,E229,1,0.8233940401575814,0.035,10.926833493264063,0.3021482254206575,-1.5902767036470018
Australia,E233,1,0.26840889943645807,0.035,10.926833493264063,-0.7129666695061022,-1.5902767036470018
Australia,E233A,1,0.9101453814829831,0.035,10.926833493264063,0.4608237867516616,-1.5902767036470018
Australia,E233B,1,0.6057799394051785,0.035,10.926833493264063,-0.09588642237698396,-1.5902767036470018
Australia,E235,1,0.4313962560598787,0.035,10.926833493264063,-0.4148489700336545,-1.5902767036470018
Australia,E236,1,0.9253375985927906,0.035,10.926833493264063,0.4886116404139927,-1.5902767036470018
Australia,E248B,1,0.12820669098875562,0.035,10.926833493264063,-0.969408400381929,-1.5902767036470018
Australia,E254B,1,0.07687445278780944,0.035,10.926833493264063,-1.0632994179324202,-1.5902767036470018
Australia,E258B,1,0.6753714945190522,0.035,10.926833493264063,0.031402434520011076,-1.5902767036470018
Australia,E259B,1,0.7774901934013093,0.035,10.926833493264063,0.21818619624600197,-1.5902767036470018
Australia,E260B,1,0.7025302503798452,0.035,10.926833493264063,0.08107810253185746,-1.5902767036470018
Australia,E261B,1,0.6926545197961594,0.035,10.926833493264063,0.06301455365781539,-1.5902767036470018
Australia,E262B,1,0.5115981723187938,0.035,10.926833493264063,-0.2681528626562437,-1.5902767036470018
Australia,E268,0,1.037219335662737,0.035,10.926833493264063,0.6932528270634415,-1.5902767036470018
Australia,E277,1,0.1500552184210561,0.035,10.926833493264063,-0.9294455905670103,-1.5902767036470018
Australia,E286,1,0.41151970164819773,0.035,10.926833493264063,-0.4512048739356985,-1.5902767036470018
Australia,E287,1,0.8045662344353612,0.035,10.926833493264063,0.2677105718240599,-1.5902767036470018
Australia,E289,1,0.09520191585437994,0.035,10.926833493264063,-1.0297769334909053,-1.5902767036470018
Australia,F028,1,0.21683194847461446,0.035,10.926833493264063,-0.8073052874522417,-1.5902767036470018
Australia,F028B,1,0.17055845822735166,0.035,10.926833493264063,-0.8919434259242196,-1.5902767036470018
Australia,F114A,1,0.6721218696483185,0.035,10.926833493264063,0.025458595005821667,-1.5902767036470018
Australia,F114B,1,0.12239393786138517,0.035,10.926833493264063,-0.9800404188760796,-1.5902767036470018
Australia,F114C,1,0.9183958439281771,0.035,10.926833493264063,0.4759145823489418,-1.5902767036470018
Australia,F114D,1,0.7698988768570965,0.035,10.926833493264063,0.2043010344088373,-1.5902767036470018
Australia,F116,1,0.22832831804693815,0.035,10.926833493264063,-0.786277452409154,-1.5902767036470018
Australia,F117,1,0.04314796737535939,0.035,10.926833493264063,-1.1249880203537805,-1.5902767036470018
Australia,F120,1,0.36223200992292204,0.035,10.926833493264063,-0.5413562425685154,-1.5902767036470018
Australia,F121,1,0.3245655937230086,0.035,10.926833493264063,-0.610251312575905,-1.5902767036470018
Australia,F122,1,0.07815565783068239,0.035,10.926833493264063,-1.0609559852401762,-1.5902767036470018
Australia,F123,1,0.2776231458710276,0.035,10.926833493264063,-0.6961130312463395,-1.5902767036470018
Australia,F144_02,1,0.38409595865569507,0.035,10.926833493264063,-0.5013652258870337,-1.5902767036470018
Australia,F202,1,0.09604337979439453,0.035,10.926833493264063,-1.028237824573606,-1.5902767036470018
Australia,F206,1,0.03781930073302275,0.035,10.926833493264063,-1.1347346036077157,-1.5902767036470018
Australia,G007_18_B,1,1.4220901991463786,0.035,10.926833493264063,1.397214280225818,-1.5902767036470018
Australia,G007_33_B,1,0.9735904886453013,0.035,10.926833493264063,0.5768702690178531,-1.5902767036470018
Australia,G007_34_B,1,0.5718510347931971,0.035,10.926833493264063,-0.1579452666830125,-1.5902767036470018
Australia,G007_35_B,1,0.40767385181884597,0.035,10.926833493264063,-0.45823925946961364,-1.5902767036470018
Australia,G007_36_B,1,1.5379130041799844,0.035,10.926833493264063,1.6090640144530113,-1.5902767036470018
Australia,G052,1,1.6770573321891067,0.035,10.926833493264063,1.863570792279718,-1.5902767036470018
Australia,G058,1,1.0644426495691095,0.035,10.926833493264063,0.7430465772163158,-1.5902767036470018
Australia,G062,1,1.6830339084397636,0.035,10.926833493264063,1.874502457161456,-1.5902767036470018
Australia,G063,1,0.5216387842191793,0.035,10.926833493264063,-0.24978773186910821,-1.5902767036470018
Australia,H001,1,0.29479706509993703,0.035,10.926833493264063,-0.66470047632481,-1.5902767036470018
Australia,H006_01,1,0.5246677105168989,0.035,10.926833493264063,-0.24424756876410084,-1.5902767036470018
Australia,H006_02,1,0.23449802763110825,0.035,10.926833493264063,-0.7749925302793008,-1.5902767036470018
Australia,H008_01,1,0.9151180920810875,0.035,10.926833493264063,0.4699192962093328,-1.5902767036470018
Australia,H008_02,1,1.0589928668310036,0.035,10.926833493264063,0.7330784623504335,-1.5902767036470018
Australia,H008_03,0,0.2712052916719163,0.035,10.926833493264063,-0.7078518309239686,-1.5902767036470018
Australia,H008_04,1,0.2312354184554702,0.035,10.926833493264063,-0.780960119188459,-1.5902767036470018
Australia,H008_07,1,0.3639616641710656,0.035,10.926833493264063,-0.5381925582434135,-1.5902767036470018
Australia,H008_08,1,0.450771961279674,0.035,10.926833493264063,-0.379409161784432,-1.5902767036470018
Australia,H008_09,1,0.6071608173810749,0.035,10.926833493264063,-0.09336067943621379,-1.5902767036470018
Brazil,A001,1,1.1221420093898213,0.072,9.039900151730398,0.848583600253794,-0.7809199218734248
Brazil,A002,1,0.12967892292643984,0.072,9.039900151730398,-0.9667155632966185,-0.7809199218734248
Brazil,A003,1,0.6018468777133645,0.072,9.039900151730398,-0.10308032580444959,-0.7809199218734248
Brazil,A004,1,0.0005481436697405346,0.072,9.039900151730398,-1.2029067111292466,-0.7809199218734248
Brazil,A005,1,0.09953464236447247,0.072,9.039900151730398,-1.0218520092121686,-0.7809199218734248
Brazil,A006,1,0.014585113876483818,0.072,9.039900151730398,-1.1772319020379733,-0.7809199218734248
Brazil,A008,1,0.4034058309410711,0.072,9.039900151730398,-0.4660458316586603,-0.7809199218734248
Brazil,A009,1,0.47082844057086076,0.072,9.039900151730398,-0.34272416001696243,-0.7809199218734248
Brazil,A062,1,0.4047448258348622,0.072,9.039900151730398,-0.4635966964274862,-0.7809199218734248
Brazil,A165,1,0.7364350606416872,0.072,9.039900151730398,0.14309287622785438,-0.7809199218734248
Brazil,A170,1,0.9898087012039354,0.072,9.039900151730398,0.6065347553786338,-0.7809199218734248
Brazil,A173,1,0.24425435671892792,0.072,9.039900151730398,-0.7571473768685548,-0.7809199218734248
Brazil,B008,1,0.0748804360201129,0.072,9.039900151730398,-1.066946643728398,-0.7809199218734248
Brazil,C001_01,1,0.6536760767738209,0.072,9.039900151730398,-0.008280324690850821,-0.7809199218734248
Brazil,C002_01,1,1.4335754391631912,0.072,9.039900151730398,1.4182217583678929,-0.7809199218734248
Brazil,C006,1,0.7114801647466749,0.072,9.039900151730398,0.09744825501969329,-0.7809199218734248
Brazil,C038,1,1.0663816550259524,0.072,9.039900151730398,0.746593182658811,-0.7809199218734248
Brazil,C039,1,1.4004184095929142,0.072,9.039900151730398,1.357574738981786,-0.7809199218734248
Brazil,C041,1,0.32631381626803574,0.072,9.039900151730398,-0.6070536652608833,-0.7809199218734248
Brazil,D001_B,1,1.8897342905870658,0.072,9.039900151730398,2.2525749879541594,-0.7809199218734248
Brazil,D026_03,1,0.22685327209079004,0.072,9.039900151730398,-0.7889754365729136,-0.7809199218734248
Brazil,D026_05,1,0.860369349063218,0.072,9.039900151730398,0.36977920156870264,-0.7809199218734248
Brazil,D054,1,0.13162328826478484,0.072,9.039900151730398,-0.9631591541762431,-0.7809199218734248
Brazil,D057,1,1.03033724388248,0.072,9.039900151730398,0.6806648974743457,-0.7809199218734248
Brazil,D059,1,0.3978676125082677,0.072,9.039900151730398,-0.47617570291105416,-0.7809199218734248
Brazil,D060,1,0.1128502852665254,0.072,9.039900151730398,-0.997496568942477,-0.7809199218734248
Brazil,D061,1,0.6933797474197373,0.072,9.039900151730398,0.06434105649345823,-0.7809199218734248
Brazil,D066_01,1,0.35224818177578743,0.072,9.039900151730398,-0.5596175110546893,-0.7809199218734248
Brazil,D078,1,0.42852899019741414,0.072,9.039900151730398,-0.4200934424909187,-0.7809199218734248
Brazil,E015,1,0.7474305618449362,0.072,9.039900151730398,0.16320458054141518,-0.7809199218734248
Brazil,E016,1,0.14776693740841015,0.072,9.039900151730398,-0.9336310506258088,-0.7809199218734248
Brazil,E018,0,1.0908342178774786,0.072,9.039900151730398,0.7913189941237165,-0.7809199218734248
Brazil,E023,1,0.6496202463265679,0.072,9.039900151730398,-0.015698782584974532,-0.7809199218734248
Brazil,E025,1,1.2251708833971264,0.072,9.039900151730398,1.037032149482433,-0.7809199218734248
Brazil,E026,1,0.39923366542725974,0.072,9.039900151730398,-0.4736770762567888,-0.7809199218734248
Brazil,E027,0,0.04333327612439379,0.072,9.039900151730398,-1.12464907493434,-0.7809199218734248
Brazil,E028,0,1.134734192026938,0.072,9.039900151730398,0.8716157703367015,-0.7809199218734248
Brazil,E034,1,0.0920290149888017,0.072,9.039900151730398,-1.035580438292114,-0.7809199218734248
Brazil,E035,1,0.7412415893827301,0.072,9.039900151730398,0.15188442497380178,-0.7809199218734248
Brazil,E036,1,0.6153956565358564,0.072,9.039900151730398,-0.0782984601622291,-0.7809199218734248
Brazil,E037,1,1.0898763375128655,0.072,9.039900151730398,0.7895669496916563,-0.7809199218734248
Brazil,E039,1,0.27370335010081226,0.072,9.039900151730398,-0.7032826701780166,-0.7809199218734248
Brazil,E040,1,0.5341214412012049,0.072,9.039900151730398,-0.22695589349907352,-0.7809199218734248
Brazil,E069_01,1,0.04501384384200316,0.072,9.039900151730398,-1.1215751740369904,-0.7809199218734248
Brazil,E069_04,1,0.8082898776742816,0.072,9.039900151730398,0.27452143113879746,-0.7809199218734248
Brazil,E069_05,1,0.2879256927861977,0.072,9.039900151730398,-0.6772687991004448,-0.7809199218734248
Brazil,E069_07,1,1.959892219414655,0.072,9.039900151730398,2.38089979041204,-0.7809199218734248
Brazil,E069_08,1,1.369816869007546,0.072,9.039900151730398,1.301601925699705,-0.7809199218734248
Brazil,E069_10,1,1.0556053286910863,0.072,9.039900151730398,0.7268823677694247,-0.7809199218734248
Brazil,E069_12,1,0.026721333053579155,0.072,9.039900151730398,-1.1550337277972043,-0.7809199218734248
Brazil,E069_13,1,0.7281402920666319,0.072,9.039900151730398,0.12792104096111503,-0.7809199218734248
Brazil,E069_14,1,0.007109000436736203,0.072,9.039900151730398,-1.190906347625812,-0.7809199218734248
Brazil,E069_15,1,1.0143705012582347,0.072,9.039900151730398,0.6514603709526565,-0.7809199218734248
Brazil,E069_40,1,0.3359654001999366,0.072,9.039900151730398,-0.5894000996245531,-0.7809199218734248
Brazil,E069_41,1,0.07523232903524,0.072,9.039900151730398,-1.066303001556984,-0.7809199218734248
Brazil,E069_54,1,0.13456150604985379,0.072,9.039900151730398,-0.9577849046345586,-0.7809199218734248
Brazil,E114,1,0.5579453576944143,0.072,9.039900151730398,-0.18337992954385016,-0.7809199218734248
Brazil,E115,1,1.0645923698448847,0.072,9.039900151730398,0.7433204282996341,-0.7809199218734248
Brazil,E117,1,1.0303349894187572,0.072,9.039900151730398,0.6806607738689783,-0.7809199218734248
Brazil,E117B,0,0.17708417669154386,0.072,9.039900151730398,-0.8800073333569616,-0.7809199218734248
Brazil,E124,1,0.5408045554223823,0.072,9.039900151730398,-0.21473191074234776,-0.7809199218734248
Brazil,E224,0,1.7247072422618053,0.072,9.039900151730398,1.9507265193571441,-0.7809199218734248
Brazil,E225,1,0.24518336663093143,0.072,9.039900151730398,-0.7554481389430421,-0.7809199218734248
Brazil,E226,1,0.10850941908399304,0.072,9.039900151730398,-1.0054363813724942,-0.7809199218734248
Brazil,E227,1,1.5506292734335738,0.072,9.039900151730398,1.6323231494821853,-0.7809199218734248
Brazil,E229,1,0.756553466430368,0.072,9.039900151730398,0.17989114681170204,-0.7809199218734248
Brazil,E233,1,0.06603157274985534,0.072,9.039900151730398,-1.0831319651896845,-0.7809199218734248
Brazil,E233A,1,0.07614461680040024,0.072,9.039900151730398,-1.0646343498563813,-0.7809199218734248
Brazil,E233B,1,0.5968612468791038,0.072,9.039900151730398,-0.11219946746991503,-0.7809199218734248
Brazil,E235,1,1.1668389505557804,0.072,9.039900151730398,0.9303380967368439,-0.7809199218734248
Brazil,E236,0,1.594807933928038,0.072,9.039900151730398,1.7131296666577112,-0.7809199218734248
Brazil,E248B,1,0.017984322461174783,0.072,9.039900151730398,-1.1710144612236137,-0.7809199218734248
Brazil,E254B,1,0.7025269297763822,0.072,9.039900151730398,0.08107202886647782,-0.7809199218734248
Brazil,E258B,1,0.1565268934047829,0.072,9.039900151730398,-0.9176083481093656,-0.7809199218734248
Brazil,E259B,1,0.34275656004741845,0.072,9.039900151730398,-0.5769784922531379,-0.7809199218734248
Brazil,E260B,1,0.07009713687776313,0.072,9.039900151730398,-1.0756957035680552,-0.7809199218734248
Brazil,E261B,1,0.11891205993609898,0.072,9.039900151730398,-0.986409068926209,-0.7809199218734248
Brazil,E262B,1,0.8260735342556335,0.072,9.039900151730398,0.3070492473944471,-0.7809199218734248
Brazil,E268,0,1.8510027667200724,0.072,9.039900151730398,2.1817317456837273,-0.7809199218734248
Brazil,E277,1,0.824776486409688,0.072,9.039900151730398,0.3046768368716337,-0.7809199218734248
Brazil,E286,1,0.025810478423649225,0.072,9.039900151730398,-1.1566997581719156,-0.7809199218734248
Brazil,E287,1,0.9309877239926652,0.072,9.039900151730398,0.49894619900084813,-0.7809199218734248
Brazil,E289,0,0.45003623599543663,0.072,9.039900151730398,-0.3807548657318083,-0.7809199218734248
Brazil,F028,1,0.5716321644143948,0.072,9.039900151730398,-0.158345599169918,-0.7809199218734248
Brazil,F028B,1,0.9000320879377967,0.072,9.039900151730398,0.4423257150714973,-0.7809199218734248
Brazil,F114A,1,0.5211276578164207,0.072,9.039900151730398,-0.2507226254123055,-0.7809199218734248
Brazil,F114B,0,0.1535803831849362,0.072,9.039900151730398,-0.9229977652176037,-0.7809199218734248
Brazil,F114C,1,1.587671847185492,0.072,9.039900151730398,1.700077158739327,-0.7809199218734248
Brazil,F114D,1,0.7320145931694995,0.072,9.039900151730398,0.13500746628746135,-0.7809199218734248
Brazil,F116,1,1.6456120626313826,0.072,9.039900151730398,1.8060547271440706,-0.7809199218734248
Brazil,F117,0,1.101688013998126,0.072,9.039900151730398,0.8111715078221038,-0.7809199218734248
Brazil,F120,1,1.2379399562036904,0.072,9.039900151730398,1.0603878666886721,-0.7809199218734248
Brazil,F121,1,1.045406879416789,0.072,9.039900151730398,0.708228539038006,-0.7809199218734248
Brazil,F122,1,0.5401069453688253,0.072,9.039900151730398,-0.21600789869996437,-0.7809199218734248
Brazil,F123,0,0.5991152108691442,0.072,9.039900151730398,-0.10807677615615192,-0.7809199218734248
Brazil,F144_02,1,0.11859479540046834,0.072,9.039900151730398,-0.986989372671517,-0.7809199218734248
Brazil,F202,1,0.4357685599119149,0.072,9.039900151730398,-0.4068516554396448,-0.7809199218734248
Brazil,F206,1,0.9833727820156725,0.072,9.039900151730398,0.594762913303616,-0.7809199218734248
Brazil,G007_18_B,1,0.514065989943115,0.072,9.039900151730398,-0.26363901490681346,-0.7809199218734248
Brazil,G007_33_B,1,1.040367244780017,0.072,9.039900151730398,0.6990106198372705,-0.7809199218734248
Brazil,G007_34_B,1,1.1098343255075955,0.072,9.039900151730398,0.8260718025241041,-0.7809199218734248
Brazil,G007_35_B,1,1.18752648721107,0.072,9.039900151730398,0.9681773559480744,-0.7809199218734248
Brazil,G007_36_B,1,0.5069212413302457,0.072,9.039900151730398,-0.27670736612069824,-0.7809199218734248
Brazil,G052,1,1.0045773584855338,0.072,9.039900151730398,0.6335478821898116,-0.7809199218734248
Brazil,G058,1,0.311203242954908,0.072,9.039900151730398,-0.6346921854942503,-0.7809199218734248
Brazil,G062,1,1.7300104326728458,0.072,9.039900151730398,1.9604265044232037,-0.7809199218734248
Brazil,G063,1,0.3568118603500768,0.072,9.039900151730398,-0.55127015586172,-0.7809199218734248
Brazil,H001,1,1.6713246603426934,0.072,9.039900151730398,1.853085249240746,-0.7809199218734248
Brazil,H006_01,1,0.1235793670404473,0.072,9.039900151730398,-0.9778721683622315,-0.7809199218734248
Brazil,H006_02,1,0.5300937083949562,0.072,9.039900151730398,-0.23432295842462383,-0.7809199218734248
Brazil,H008_01,0,0.6260316240332251,0.072,9.039900151730398,-0.05884437349153539,-0.7809199218734248
Brazil,H008_02,1,1.3198831021828243,0.072,9.039900151730398,1.2102688309114151,-0.7809199218734248
Brazil,H008_03,1,0.1693247228654301,0.072,9.039900151730398,-0.8942000325437358,-0.7809199218734248
Brazil,H008_04,1,0.4106512927628128,0.072,9.039900151730398,-0.45279326744348786,-0.7809199218734248
Brazil,H008_07,1,0.024137064643993473,0.072,9.039900151730398,-1.159760573909968,-0.7809199218734248
Brazil,H008_08,1,0.03692061190193355,0.072,9.039900151730398,-1.1363783817044726,-0.7809199218734248
Brazil,H008_09,0,0.856238451942621,0.072,9.039900151730398,0.36222344036205223,-0.7809199218734248
Canada,A001,1,0.13284274584537492,0.026,10.750440810697661,-0.9609286628297904,-1.7871472721865207
Canada,A002,1,0.38578710938292093,0.026,10.750440810697661,-0.4982719677674693,-1.7871472721865207
Canada,A003,1,0.820903856310719,0.026,10.750440810697661,0.29759346795314856,-1.7871472721865207
Canada,A004,1,0.11204044424161723,0.026,10.750440810697661,-0.9989778368658648,-1.7871472721865207
Canada,A005,1,0.38622362297789414,0.026,10.750440810697661,-0.4974735473781962,-1.7871472721865207
Canada,A006,1,0.05020740361577,0.026,10.750440810697661,-1.1120757127051195,-1.7871472721865207
Canada,A008,1,0.8514667328169556,0.026,10.750440810697661,0.35349556135510085,-1.7871472721865207
Canada,A009,1,0.18743223314989776,0.026,10.750440810697661,-0.8610798603965701,-1.7871472721865207
Canada,A062,1,0.5197882609363037,0.026,10.750440810697661,-0.2531724959105652,-1.7871472721865207
Canada,A165,1,0.08200148681188917,0.026,10.750440810697661,-1.0539216378392864,-1.7871472721865207
Canada,A170,1,0.5256047603387785,0.026,10.750440810697661,-0.24253362516149832,-1.7871472721865207
Canada,A173,1,0.5026959953411533,0.026,10.750440810697661,-0.2844356994102783,-1.7871472721865207
Canada,B008,1,0.21406298986038283,0.026,10.750440810697661,-0.8123699476142957,-1.7871472721865207
Canada,C001_01,1,2.436046898852223,0.026,10.750440810697661,3.251827085434941,-1.7871472721865207
Canada,C002_01,1,0.018857643573001924,0.026,10.750440810697661,-1.169417082837018,-1.7871472721865207
Canada,C006,1,0.054679121221749616,0.026,10.750440810697661,-1.1038965619231043,-1.7871472721865207
Canada,C038,1,0.05096694091186271,0.026,10.750440810697661,-1.1106864545683806,-1.7871472721865207
Canada,C039,1,0.42573431974827564,0.026,10.750440810697661,-0.4252051317798355,-1.7871472721865207
Canada,C041,1,0.6649710874152646,0.026,10.750440810697661,0.01237920778886143,-1.7871472721865207
Canada,D001_B,1,1.5332179284550407,0.026,10.750440810697661,1.6004763227266945,-1.7871472721865207
Canada,D026_03,1,0.38212136662275714,0.026,10.750440810697661,-0.5049769221955772,-1.7871472721865207
Canada,D026_05,1,0.0716406488881905,0.026,10.750440810697661,-1.0728724891838874,-1.7871472721865207
Canada,D054,1,0.2533792431086619,0.026,10.750440810697661,-0.7404571857101073,-1.7871472721865207
Canada,D057,1,0.9721523544788566,0.026,10.750440810697661,0.5742397996482332,-1.7871472721865207
Canada,D059,1,0.3602971929022951,0.026,10.750440810697661,-0.5448951870059182,-1.7871472721865207
Canada,D060,1,0.4428707772963955,0.026,10.750440810697661,-0.3938610974498826,-1.7871472721865207
Canada,D061,1,0.2584513503152821,0.026,10.750440810697661,-0.7311798714248718,-1.7871472721865207
Canada,D066_01,1,0.04386978550759279,0.026,10.750440810697661,-1.123667753766992,-1.7871472721865207
Canada,D078,1,1.14048151566085,0.026,10.750440810697661,0.8821281127377395,-1.7871472721865207
Canada,E015,1,0.14622250262734895,0.026,10.750440810697661,-0.936455952835733,-1.7871472721865207
Canada,E016,1,0.46366803942294155,0.026,10.750440810697661,-0.3558211410450651,-1.7871472721865207
Canada,E018,1,0.0023775210542957372,0.026,10.750440810697661,-1.1995606247293635,-1.7871472721865207
Canada,E023,1,0.49674269368173396,0.026,10.750440810697661,-0.29532479309054577,-1.7871472721865207
Canada,E025,1,1.4114489575423375,0.026,10.750440810697661,1.377750546766683,-1.7871472721865207
Canada,E026,1,0.36209063591215335,0.026,10.750440810697661,-0.541614827625226,-1.7871472721865207
Canada,E027,1,0.7643636876914255,0.026,10.750440810697661,0.19417670394296405,-1.7871472721865207
Canada,E028,1,0.37175979192382624,0.026,10.750440810697661,-0.5239291211645697,-1.7871472721865207
Canada,E034,1,0.40570411839449355,0.026,10.750440810697661,-0.4618420689709584,-1.7871472721865207
Canada,E035,1,0.5085705152837111,0.026,10.750440810697661,-0.2736907041722323,-1.7871472721865207
Canada,E036,1,0.6197052373546146,0.026,10.750440810697661,-0.0704158713161065,-1.7871472721865207
Canada,E037,0,0.8213624190806679,0.026,10.750440810697661,0.2984322181536117,-1.7871472721865207
Canada,E039,1,0.6495996001481051,0.026,10.750440810697661,-0.015736546196543716,-1.7871472721865207
Canada,E040,1,0.3662732908769268,0.026,10.750440810697661,-0.5339643969315969,-1.7871472721865207
Canada,E069_01,1,0.6297362149910899,0.026,10.750440810697661,-0.05206836241481862,-1.7871472721865207
Canada,E069_04,1,0.21565829645542928,0.026,10.750440810697661,-0.8094519965417638,-1.7871472721865207
Canada,E069_05,1,0.11735417002728085,0.026,10.750440810697661,-0.9892585817060333,-1.7871472721865207
Canada,E069_07,1,1.0983283595368685,0.026,10.750440810697661,0.8050264148543924,-1.7871472721865207
Canada,E069_08,1,0.5728914917146765,0.026,10.750440810697661,-0.1560421827244925,-1.7871472721865207
Canada,E069_10,1,0.044540870508936244,0.026,10.750440810697661,-1.1224402823796669,-1.7871472721865207
Canada,E069_12,1,0.23563737515910702,0.026,10.750440810697661,-0.7729085670137859,-1.7871472721865207
Canada,E069_13,1,0.052671482585303304,0.026,10.750440810697661,-1.1075687032724004,-1.7871472721865207
Canada,E069_14,1,0.6659890188853648,0.026,10.750440810697661,0.014241090786252618,-1.7871472721865207
Canada,E069_15,1,0.06736362581713898,0.026,10.750440810697661,-1.0806955271479823,-1.7871472721865207
Canada,E069_40,0,1.0153100264524353,0.026,10.750440810697661,0.6531788422211895,-1.7871472721865207
Canada,E069_41,1,0.28405446560811076,0.026,10.750440810697661,-0.6843496019576442,-1.7871472721865207
Canada,E069_54,0,0.6882298971381966,0.026,10.750440810697661,0.05492154353020647,-1.7871472721865207
Canada,E114,1,1.2079464395766375,0.026,10.750440810697661,1.0055271807975266,-1.7871472721865207
Canada,E115,1,0.19869828611118975,0.026,10.750440810697661,-0.8404732939699783,-1.7871472721865207
Canada,E117,1,0.734936205589772,0.026,10.750440810697661,0.14035134320850484,-1.7871472721865207
Canada,E117B,1,0.6994209951741983,0.026,10.750440810697661,0.07539101104094006,-1.7871472721865207
Canada,E124,1,1.16813912046334,0.026,10.750440810697661,0.9327162177751557,-1.7871472721865207
Canada,E224,1,0.270800526035093,0.026,10.750440810697661,-0.7085921816049976,-1.7871472721865207
Canada,E225,1,0.6424247523390628,0.026,10.750440810697661,-0.028859951393172746,-1.7871472721865207
Canada,E226,1,0.21299076335441355,0.026,10.750440810697661,-0.81433114083747,-1.7871472721865207
Canada,E227,1,0.2609984466325731,0.026,10.750440810697661,-0.7265210162217657,-1.7871472721865207
Canada,E229,1,0.048748389127664195,0.026,10.750440810697661,-1.1147443739540779,-1.7871472721865207
Canada,E233,1,0.04779941194384484,0.026,10.750440810697661,-1.1164801337133192,-1.7871472721865207
Canada,E233A,1,0.3584207748628696,0.026,10.750440810697661,-0.5483273147534379,-1.7871472721865207
Canada,E233B,0,0.8921976740635651,0.026,10.750440810697661,0.42799590759877876,-1.7871472721865207
Canada,E235,1,1.2720776137611414,0.026,10.750440810697661,1.1228285378379035,-1.7871472721865207
Canada,E236,1,0.8876816260227124,0.026,10.750440810697661,0.41973567269137607,-1.7871472721865207
Canada,E248B,1,0.35684501423570075,0.026,10.750440810697661,-0.5512095145928784,-1.7871472721865207
Canada,E254B,1,0.6807174690745419,0.026,10.750440810697661,0.04118067541511995,-1.7871472721865207
Canada,E258B,1,1.2519885840775111,0.026,10.750440810697661,1.0860839986418063,-1.7871472721865207
Canada,E259B,1,0.2808751064839915,0.026,10.750440810697661,-0.6901649194614987,-1.7871472721865207
Canada,E260B,1,0.8911854794846821,0.026,10.750440810697661,0.42614451786201357,-1.7871472721865207
Canada,E261B,1,1.1630083962827122,0.026,10.750440810697661,0.923331688072705,-1.7871472721865207
Canada,E262B,1,1.5621341719924828,0.026,10.750440810697661,1.6533665847651462,-1.7871472721865207
Canada,E268,0,0.24916020201581424,0.026,10.750440810697661,-0.7481741697181707,-1.7871472721865207
Canada,E277,1,0.14050806570282984,0.026,10.750440810697661,-0.9469081426559173,-1.7871472721865207
Canada,E286,1,0.8996949288002681,0.026,10.750440810697661,0.4417090224119044,-1.7871472721865207
Canada,E287,1,0.5751285598640378,0.026,10.750440810697661,-0.15195039533639734,-1.7871472721865207
Canada,E289,1,1.5979897154427805,0.026,10.750440810697661,1.7189494149194768,-1.7871472721865207
Canada,F028,1,1.0561229166248316,0.026,10.750440810697661,0.7278290800008487,-1.7871472721865207
Canada,F028B,1,0.44558740156418425,0.026,10.750440810697661,-0.38889216124635,-1.7871472721865207
Canada,F114A,1,1.4369975212169137,0.026,10.750440810697661,1.4244810366971858,-1.7871472721865207
Canada,F114B,1,0.7390596537726072,0.026,10.750440810697661,0.1478934796761873,-1.7871472721865207
Canada,F114C,1,0.9005543273092442,0.026,10.750440810697661,0.44328093517700284,-1.7871472721865207
Canada,F114D,1,1.1232105022391563,0.026,10.750440810697661,0.850537964302304,-1.7871472721865207
Canada,F116,1,0.9398197516462701,0.026,10.750440810697661,0.5151007266913192,-1.7871472721865207
Canada,F117,1,1.668705251872122,0.026,10.750440810697661,1.8482941289759416,-1.7871472721865207
Canada,F120,0,0.7181135685524279,0.026,10.750440810697661,0.10958131321028619,-1.7871472721865207
Canada,F121,0,0.710230652250848,0.026,10.750440810697661,0.09516279068408454,-1.7871472721865207
Canada,F122,1,0.7831064773101595,0.026,10.750440810697661,0.2284588558754173,-1.7871472721865207
Canada,F123,1,0.3405871891450977,0.026,10.750440810697661,-0.5809464556344729,-1.7871472721865207
Canada,F144_02,0,1.1211145019626991,0.026,10.750440810697661,0.8467042020187991,-1.7871472721865207
Canada,F202,1,0.7754960796224316,0.026,10.750440810697661,0.21453879300834552,-1.7871472721865207
Canada,F206,1,0.09482059993599454,0.026,10.750440810697661,-1.030474392647961,-1.7871472721865207
Canada,G007_18_B,1,0.36131917921103096,0.026,10.750440810697661,-0.5430258873647404,-1.7871472721865207
Canada,G007_33_B,1,1.492987303669128,0.026,10.750440810697661,1.5268910977253085,-1.7871472721865207
Canada,G007_34_B,1,0.30942906033984025,0.026,10.750440810697661,-0.637937315979249,-1.7871472721865207
Canada,G007_35_B,1,0.5863784019426385,0.026,10.750440810697661,-0.13137347998921725,-1.7871472721865207
Canada,G007_36_B,1,1.2287256005450256,0.026,10.750440810697661,1.043534028648775,-1.7871472721865207
Canada,G052,0,2.580450044924099,0.026,10.750440810697661,3.515952687539132,-1.7871472721865207
Canada,G058,1,0.75560702206388,0.026,10.750440810697661,0.17816001979018722,-1.7871472721865207
Canada,G062,1,0.9571568471105456,0.026,10.750440810697661,0.5468117447875618,-1.7871472721865207
Canada,G063,1,0.27047136288031187,0.026,10.750440810697661,-0.709194248933945,-1.7871472721865207
Canada,H001,1,1.3860381605866967,0.026,10.750440810697661,1.3312720438501657,-1.7871472721865207
Canada,H006_01,1,0.37280628868205634,0.026,10.750440810697661,-0.5220149898323477,-1.7871472721865207
Canada,H006_02,1,1.3284644113695292,0.026,10.750440810697661,1.2259647732605692,-1.7871472721865207
Canada,H008_01,1,0.36946392659384014,0.026,10.750440810697661,-0.5281284535830676,-1.7871472721865207
Canada,H008_02,1,0.29317649919832256,0.026,10.750440810697661,-0.6676646288114906,-1.7871472721865207
Canada,H008_03,1,0.20068445602377097,0.026,10.750440810697661,-0.8368404207375585,-1.7871472721865207
Canada,H008_04,1,0.24157669456851338,0.026,10.750440810697661,-0.7620450480547339,-1.7871472721865207
Canada,H008_07,1,0.07402147053466498,0.026,10.750440810697661,-1.0685177644567354,-1.7871472721865207
Canada,H008_08,1,0.03262866998579906,0.026,10.750440810697661,-1.1442287075016058,-1.7871472721865207
Canada,H008_09,1,0.020806655827474325,0.026,10.750440810697661,-1.165852174112905,-1.7871472721865207
Chile,A001,1,0.8795972912893806,0.078,9.61357285630029,0.40494873876965765,-0.6496728761804123
Chile,A002,1,0.08616048263625173,0.078,9.61357285630029,-1.0463144817201822,-0.6496728761804123
Chile,A003,1,1.9572515261281798,0.078,9.61357285630029,2.376069738413619,-0.6496728761804123
Chile,A004,1,0.07594700359793369,0.078,9.61357285630029,-1.0649958011647844,-0.6496728761804123
Chile,A005,1,1.1945638878861196,0.078,9.61357285630029,0.9810493586786847,-0.6496728761804123
Chile,A006,1,0.05316425165092078,0.078,9.61357285630029,-1.106667386855861,-0.6496728761804123
Chile,A008,1,0.2973847758611188,0.078,9.61357285630029,-0.6599673338590051,-0.6496728761804123
Chile,A009,1,0.2286311927568775,0.078,9.61357285630029,-0.7857234688755471,-0.6496728761804123
Chile,A062,1,0.8608199553537347,0.078,9.61357285630029,0.3706033986934343,-0.6496728761804123
Chile,A165,1,0.6052180926243295,0.078,9.61357285630029,-0.096914087793693,-0.6496728761804123
Chile,A170,1,0.5637953835632963,0.078,9.61357285630029,-0.17267973604408768,-0.6496728761804123
Chile,A173,1,0.7485078984975309,0.078,9.61357285630029,0.16517512065619805,-0.6496728761804123
Chile,B008,1,0.22289680671280157,0.078,9.61357285630029,-0.7962121473274386,-0.6496728761804123
Chile,C001_01,1,0.3617195325641467,0.078,9.61357285630029,-0.5422936071248523,-0.6496728761804123
Chile,C002_01,1,0.5773992449085568,0.078,9.61357285630029,-0.147797119795752,-0.6496728761804123
Chile,C006,1,1.1230989352634957,0.078,9.61357285630029,0.8503338988409695,-0.6496728761804123
Chile,C038,1,0.38132364583576595,0.078,9.61357285630029,-0.5064360211758044,-0.6496728761804123
Chile,C039,1,0.7291302599521174,0.078,9.61357285630029,0.12973177619043985,-0.6496728761804123
Chile,C041,1,0.36919797341549987,0.078,9.61357285630029,-0.5286149045037815,-0.6496728761804123
Chile,D001_B,1,0.9858114720412738,0.078,9.61357285630029,0.5992234842044524,-0.6496728761804123
Chile,D026_03,1,0.1837433677966179,0.078,9.61357285630029,-0.8678271080086918,-0.6496728761804123
Chile,D026_05,1,0.41678826381526807,0.078,9.61357285630029,-0.44156822686494723,-0.6496728761804123
Chile,D054,1,0.6907212871154069,0.078,9.61357285630029,0.05947850711242294,-0.6496728761804123
Chile,D057,1,0.18919849562979205,0.078,9.61357285630029,-0.8578492165105711,-0.6496728761804123
Chile,D059,1,0.7864018335420534,0.078,9.61357285630029,0.23448634192799647,-0.6496728761804123
Chile,D060,1,0.7474120287130877,0.078,9.61357285630029,0.1631706818713271,-0.6496728761804123
Chile,D061,1,0.7478804787791867,0.078,9.61357285630029,0.16402751677506655,-0.6496728761804123
Chile,D066_01,1,0.06361216888489282,0.078,9.61357285630029,-1.0875572600669052,-0.6496728761804123
Chile,D078,1,0.9787108888739345,0.078,9.61357285630029,0.5862359153364523,-0.6496728761804123
Chile,E015,1,1.5389444041798086,0.078,9.61357285630029,1.6109505325336368,-0.6496728761804123
Chile,E016,1,0.7417116269286235,0.078,9.61357285630029,0.15274416351273132,-0.6496728761804123
Chile,E018,0,0.5650465727601579,0.078,9.61357285630029,-0.17039120488007242,-0.6496728761804123
Chile,E023,1,1.0533239922879285,0.078,9.61357285630029,0.7227096099904056,-0.6496728761804123
Chile,E025,0,0.6598488769433852,0.078,9.61357285630029,0.003010250381824624,-0.6496728761804123
Chile,E026,0,0.7755663755401498,0.078,9.61357285630029,0.2146673702041883,-0.6496728761804123
Chile,E027,0,0.1022181341734171,0.078,9.61357285630029,-1.0169436750860799,-0.6496728761804123
Chile,E028,0,1.0401858724260098,0.078,9.61357285630029,0.6986788744182105,-0.6496728761804123
Chile,E034,1,0.183447148567079,0.078,9.61357285630029,-0.8683689181041441,-0.6496728761804123
Chile,E035,0,2.3621269357633126,0.078,9.61357285630029,3.116621203226114,-0.6496728761804123
Chile,E036,0,0.32793667573729823,0.078,9.61357285630029,-0.6040853176444395,-0.6496728761804123
Chile,E037,1,0.19624492904301516,0.078,9.61357285630029,-0.8449606921357056,-0.6496728761804123
Chile,E039,1,0.36196787986048745,0.078,9.61357285630029,-0.5418393588556054,-0.6496728761804123
Chile,E040,1,0.11666653345493438,0.078,9.61357285630029,-0.9905163273205885,-0.6496728761804123
Chile,E069_01,1,0.759850076632162,0.078,9.61357285630029,0.18592092648158715,-0.6496728761804123
Chile,E069_04,1,0.23073177313305904,0.078,9.61357285630029,-0.7818813292011729,-0.6496728761804123
Chile,E069_05,1,0.38177880516106233,0.078,9.61357285630029,-0.5056034961642829,-0.6496728761804123
Chile,E069_07,1,0.8455599652346277,0.078,9.61357285630029,0.3426915824487457,-0.6496728761804123
Chile,E069_08,1,0.27889501710095455,0.078,9.61357285630029,-0.6937866708896459,-0.6496728761804123
Chile,E069_10,1,1.0306471489595301,0.078,9.61357285630029,0.6812317401456977,-0.6496728761804123
Chile,E069_12,1,0.9074219810247607,0.078,9.61357285630029,0.45584245632108505,-0.6496728761804123
Chile,E069_13,1,0.44887878570003437,0.078,9.61357285630029,-0.3828719404943389,-0.6496728761804123
Chile,E069_14,1,0.9034109782096765,0.078,9.61357285630029,0.4485059919683736,-0.6496728761804123
Chile,E069_15,1,0.4061274046455973,0.078,9.61357285630029,-0.46106784251553506,-0.6496728761804123
Chile,E069_40,1,0.19957626755072497,0.078,9.61357285630029,-0.8388673914487262,-0.6496728761804123
Chile,E069_41,1,0.4731086481635586,0.078,9.61357285630029,-0.33855346692801763,-0.6496728761804123
Chile,E069_54,1,0.16195758114759629,0.078,9.61357285630029,-0.9076751596094663,-0.6496728761804123
Chile,E114,1,0.26864506474052763,0.078,9.61357285630029,-0.7125347031339676,-0.6496728761804123
Chile,E115,1,0.7219115898771378,0.078,9.61357285630029,0.11652821635250882,-0.6496728761804123
Chile,E117,1,0.1637808979226898,0.078,9.61357285630029,-0.9043401585783354,-0.6496728761804123
Chile,E117B,1,0.012517873795851111,0.078,9.61357285630029,-1.1810130594839425,-0.6496728761804123
Chile,E124,1,1.160500139743263,0.078,9.61357285630029,0.9187438741175711,-0.6496728761804123
Chile,E224,1,0.6412812404877757,0.078,9.61357285630029,-0.030951531559190455,-0.6496728761804123
Chile,E225,1,0.5165572152202953,0.078,9.61357285630029,-0.25908235257492146,-0.6496728761804123
Chile,E226,1,0.13111513166777772,0.078,9.61357285630029,-0.9640886156928288,-0.6496728761804123
Chile,E227,1,0.37997433649706314,0.078,9.61357285630029,-0.5089040224015693,-0.6496728761804123
Chile,E229,0,1.2250930116354546,0.078,9.61357285630029,1.0368897154254337,-0.6496728761804123
Chile,E233,1,1.5416490646740284,0.078,9.61357285630029,1.6158975859805724,-0.6496728761804123
Chile,E233A,1,0.14987522870658831,0.078,9.61357285630029,-0.9297748070210804,-0.6496728761804123
Chile,E233B,1,2.2977804854759976,0.078,9.61357285630029,2.9989260879344775,-0.6496728761804123
Chile,E235,1,1.5861597900770164,0.078,9.61357285630029,1.6973114780387608,-0.6496728761804123
Chile,E236,1,1.0128417058536716,0.078,9.61357285630029,0.648664074488843,-0.6496728761804123
Chile,E248B,1,0.6639628739659166,0.078,9.61357285630029,0.010535099875685964,-0.6496728761804123
Chile,E254B,1,0.0027529585084914675,0.078,9.61357285630029,-1.1988739177819088,-0.6496728761804123
Chile,E258B,1,0.518754352164275,0.078,9.61357285630029,-0.2550636027483411,-0.6496728761804123
Chile,E259B,1,0.5686618503633484,0.078,9.61357285630029,-0.16377855550440587,-0.6496728761804123
Chile,E260B,1,0.6733761933817918,0.078,9.61357285630029,0.027752859503163647,-0.6496728761804123
Chile,E261B,1,0.5278628703670367,0.078,9.61357285630029,-0.23840335039217744,-0.6496728761804123
Chile,E262B,1,0.1821984580980602,0.078,9.61357285630029,-0.8706528788829985,-0.6496728761804123
Chile,E268,1,1.3598135731628969,0.078,9.61357285630029,1.2833050491435722,-0.6496728761804123
Chile,E277,1,0.5169455339269465,0.078,9.61357285630029,-0.2583720847241675,-0.6496728761804123
Chile,E286,1,0.1414034114694777,0.078,9.61357285630029,-0.9452704793075745,-0.6496728761804123
Chile,E287,1,0.22213131418223978,0.078,9.61357285630029,-0.7976122980931307,-0.6496728761804123
Chile,E289,0,0.2688137566767073,0.078,9.61357285630029,-0.7122261512746375,-0.6496728761804123
Chile,F028,1,0.31311024563467066,0.078,9.61357285630029,-0.6312041158454359,-0.6496728761804123
Chile,F028B,0,1.0148488553802157,0.078,9.61357285630029,0.6523353212146431,-0.6496728761804123
Chile,F114A,1,2.032099082937917,0.078,9.61357285630029,2.5129722682141784,-0.6496728761804123
Chile,F114B,1,0.4742617762483835,0.078,9.61357285630029,-0.3364442978552327,-0.6496728761804123
Chile,F114C,0,1.20234215365507,0.078,9.61357285630029,0.9952764665044925,-0.6496728761804123
Chile,F114D,1,0.513963969676391,0.078,9.61357285630029,-0.2638256186277732,-0.6496728761804123
Chile,F116,1,0.40355289924768906,0.078,9.61357285630029,-0.4657768312518646,-0.6496728761804123
Chile,F117,1,0.3583391279906584,0.078,9.61357285630029,-0.5484766538078099,-0.6496728761804123
Chile,F120,1,0.5032166468411142,0.078,9.61357285630029,-0.28348338365640136,-0.6496728761804123
Chile,F121,1,1.273216809069098,0.078,9.61357285630029,1.1249122226800508,-0.6496728761804123
Chile,F122,1,0.5062579291542584,0.078,9.61357285630029,-0.27792062035117393,-0.6496728761804123
Chile,F123,1,0.4521367392141492,0.078,9.61357285630029,-0.3769128671849892,-0.6496728761804123
Chile,F144_02,1,0.05150658019496272,0.078,9.61357285630029,-1.1096994085486427,-0.6496728761804123
Chile,F202,1,0.4452453488444814,0.078,9.61357285630029,-0.389517804682802,-0.6496728761804123
Chile,F206,1,0.7341186750737227,0.078,9.61357285630029,0.1388560105536153,-0.6496728761804123
Chile,G007_18_B,1,0.2714273795204964,0.078,9.61357285630029,-0.7074456134119413,-0.6496728761804123
Chile,G007_33_B,1,1.9185192853870439,0.078,9.61357285630029,2.3052251849195766,-0.6496728761804123
Chile,G007_34_B,1,0.8475635072699569,0.078,9.61357285630029,0.34635623076713457,-0.6496728761804123
Chile,G007_35_B,1,0.18729809678885306,0.078,9.61357285630029,-0.8613252071780548,-0.6496728761804123
Chile,G007_36_B,1,0.4023284877552646,0.078,9.61357285630029,-0.4680163837232417,-0.6496728761804123
Chile,G052,0,0.46976412793055805,0.078,9.61357285630029,-0.34467087810859687,-0.6496728761804123
Chile,G058,1,0.14417120923845175,0.078,9.61357285630029,-0.9402079424299565,-0.6496728761804123
Chile,G062,1,1.806057433100686,0.078,9.61357285630029,2.0995229183352895,-0.6496728761804123
Chile,G063,1,0.08463196063774306,0.078,9.61357285630029,-1.0491102781011326,-0.6496728761804123
Chile,H001,1,1.8064716597390877,0.078,9.61357285630029,2.100280573990665,-0.6496728761804123
Chile,H006_01,1,0.578535646122624,0.078,9.61357285630029,-0.1457185455883172,-0.6496728761804123
Chile,H006_02,1,0.7153914825488746,0.078,9.61357285630029,0.10460238702878848,-0.6496728761804123
Chile,H008_01,1,0.6345454058578072,0.078,9.61357285630029,-0.04327194441521753,-0.6496728761804123
Chile,H008_02,1,2.4701918956454247,0.078,9.61357285630029,3.314281180668857,-0.6496728761804123
Chile,H008_03,1,0.7077321597285098,0.078,9.61357285630029,0.09059283594440776,-0.6496728761804123
Chile,H008_04,0,1.9371044362607122,0.078,9.61357285630029,2.339219002216754,-0.6496728761804123
Chile,H008_07,1,0.050471225589316736,0.078,9.61357285630029,-1.111593159938737,-0.6496728761804123
Chile,H008_08,1,0.10059534084438385,0.078,9.61357285630029,-1.0199119017264346,-0.6496728761804123
Chile,H008_09,0,0.38477252215433405,0.078,9.61357285630029,-0.5001277338634819,-0.6496728761804123
China,A001,1,1.0613664874194595,0.15,9.246309072293826,0.7374200157316927,0.9252916721357376
China,A002,1,0.03935933805264986,0.15,9.246309072293826,-1.1319177447277369,0.9252916721357376
China,A003,1,0.6961063518379367,0.15,9.246309072293826,0.06932824723858508,0.9252916721357376
China,A004,1,0.46565683857745194,0.15,9.246309072293826,-0.35218345870615053,0.9252916721357376
China,A005,1,0.3277144883003326,0.15,9.246309072293826,-0.6044917173120709,0.9252916721357376
China,A006,1,0.6449220357300242,0.15,9.246309072293826,-0.024292208257340044,0.9252916721357376
China,A008,1,1.5253633872975492,0.15,9.246309072293826,1.5861097007457443,0.9252916721357376
China,A009,1,0.004277619005097561,0.15,9.246309072293826,-1.1960851844154616,0.9252916721357376
China,A062,1,0.1924240730343881,0.15,9.246309072293826,-0.8519493618515975,0.9252916721357376
China,A165,1,1.4091714116790368,0.15,9.246309072293826,1.3735847222065674,0.9252916721357376
China,A170,1,0.3906727511160514,0.15,9.246309072293826,-0.489335714648814,0.9252916721357376
China,A173,1,0.12201450006383807,0.15,9.246309072293826,-0.9807344427908241,0.9252916721357376
China,B008,1,0.7124187321548132,0.15,9.246309072293826,0.09916497441628123,0.9252916721357376
China,C001_01,1,0.09862598064027377,0.15,9.246309072293826,-1.0235140285763005,0.9252916721357376
China,C002_01,1,0.8677367923375423,0.15,9.246309072293826,0.3832548802068314,0.9252916721357376
China,C006,1,0.27454171425881496,0.15,9.246309072293826,-0.7017492310249333,0.9252916721357376
China,C038,1,0.15311924097587795,0.15,9.246309072293826,-0.92384123343098,0.9252916721357376
China,C039,1,1.1960491350167781,0.15,9.246309072293826,0.9837660016558637,0.9252916721357376
China,C041,1,0.8426234827726536,0.15,9.246309072293826,0.3373205069601877,0.9252916721357376
China,D001_B,1,0.1215587521228682,0.15,9.246309072293826,-0.9815680444303376,0.9252916721357376
China,D026_03,1,1.0637695253566828,0.15,9.246309072293826,0.7418153759389585,0.9252916721357376
China,D026_05,1,3.3446027277479087,0.15,9.246309072293826,4.913652758075758,0.9252916721357376
China,D054,0,1.7124569026416445,0.15,9.246309072293826,1.9283196091465782,0.9252916721357376
China,D057,1,0.06704094046912673,0.15,9.246309072293826,-1.081285746018917,0.9252916721357376
China,D059,1,0.4879731383316653,0.15,9.246309072293826,-0.3113650536390937,0.9252916721357376
China,D060,1,0.14611284175886807,0.15,9.246309072293826,-0.9366565318653641,0.9252916721357376
China,D061,1,1.0021497835674205,0.15,9.246309072293826,0.6291076417633283,0.9252916721357376
China,D066_01,1,1.0038678264576149,0.15,9.246309072293826,0.6322500879298928,0.9252916721357376
China,D078,1,0.09480587734345339,0.15,9.246309072293826,-1.0305013215184546,0.9252916721357376
China,E015,1,0.24257007527855418,0.15,9.246309072293826,-0.7602280704798298,0.9252916721357376
China,E016,1,1.728526084117939,0.15,9.246309072293826,1.95771150501729,0.9252916721357376
China,E018,1,0.2446359254954839,0.15,9.246309072293826,-0.7564494552124584,0.9252916721357376
China,E023,1,0.47892326317769424,0.15,9.246309072293826,-0.3279180428850524,0.9252916721357376
China,E025,1,0.718106544626356,0.15,9.246309072293826,0.10956846585374766,0.9252916721357376
China,E026,1,1.7540660334882856,0.15,9.246309072293826,2.004426238654711,0.9252916721357376
China,E027,1,1.245151149089753,0.15,9.246309072293826,1.0735777501138764,0.9252916721357376
China,E028,1,0.31136625637351556,0.15,9.246309072293826,-0.6343940201251983,0.9252916721357376
China,E034,1,0.6401115949461356,0.15,9.246309072293826,-0.03309091246146255,0.9252916721357376
China,E035,1,1.5153343655962064,0.15,9.246309072293826,1.5677657694157117,0.9252916721357376
China,E036,1,0.3113538603411915,0.15,9.246309072293826,-0.6344166935197216,0.9252916721357376
China,E037,1,0.4355736873310676,0.15,9.246309072293826,-0.4072080939186532,0.9252916721357376
China,E039,1,0.31604642466902083,0.15,9.246309072293826,-0.6258335953517381,0.9252916721357376
China,E040,1,0.1403705957483674,0.15,9.246309072293826,-0.9471595868625106,0.9252916721357376
China,E069_01,0,1.6435986927042023,0.15,9.246309072293826,1.8023721027779072,0.9252916721357376
China,E069_04,1,0.04587709618283653,0.15,9.246309072293826,-1.1199962122865519,0.9252916721357376
China,E069_05,1,0.8236781715524587,0.15,9.246309072293826,0.3026679258412516,0.9252916721357376
China,E069_07,1,2.3500196571926018,0.15,9.246309072293826,3.094475963809097,0.9252916721357376
China,E069_08,1,0.03413453218567634,0.15,9.246309072293826,-1.1414743578143036,0.9252916721357376
China,E069_10,1,0.2758525088711777,0.15,9.246309072293826,-0.6993516765003739,0.9252916721357376
China,E069_12,1,3.3481559140087183,0.15,9.246309072293826,4.920151837119766,0.9252916721357376
China,E069_13,1,0.24151393424690254,0.15,9.246309072293826,-0.7621598420061446,0.9252916721357376
China,E069_14,1,0.34910649949913364,0.15,9.246309072293826,-0.565363914408867,0.9252916721357376
China,E069_15,1,0.3862198652666023,0.15,9.246309072293826,-0.49748042055086933,0.9252916721357376
China,E069_40,1,0.6296518506152853,0.15,9.246309072293826,-0.05222267201375524,0.9252916721357376
China,E069_41,1,1.329487588455336,0.15,9.246309072293826,1.2278362509340088,0.9252916721357376
China,E069_54,1,0.45692117031978075,0.15,9.246309072293826,-0.3681617368884792,0.9252916721357376
China,E114,1,0.2681690117761011,0.15,9.246309072293826,-0.7134054443836081,0.9252916721357376
China,E115,1,0.6691198708080224,0.15,9.246309072293826,0.019967684504365934,0.9252916721357376
China,E117,1,0.03811134051052588,0.15,9.246309072293826,-1.1342004380845283,0.9252916721357376
China,E117B,1,0.14448897197905672,0.15,9.246309072293826,-0.939626727425494,0.9252916721357376
China,E124,1,0.1687616025940275,0.15,9.246309072293826,-0.8952300272826819,0.9252916721357376
China,E224,1,0.9200961597473213,0.15,9.246309072293826,0.4790246041989866,0.9252916721357376
China,E225,1,1.3947294563018424,0.15,9.246309072293826,1.3471691608886396,0.9252916721357376
China,E226,1,1.934356995396843,0.15,9.246309072293826,2.3341936998451978,0.9252916721357376
China,E227,1,0.7678629484827736,0.15,9.246309072293826,0.200577148729495,0.9252916721357376
China,E229,0,0.8167474104788282,0.15,9.246309072293826,0.2899909759865594,0.9252916721357376
China,E233,1,0.08328291221263792,0.15,9.246309072293826,-1.0515778020937971,0.9252916721357376
China,E233A,0,1.3165293165336394,0.15,9.246309072293826,1.2041344724987635,0.9252916721357376
China,E233B,0,0.26528216187209097,0.15,9.246309072293826,-0.7186857377139318,0.9252916721357376
China,E235,1,0.1708080732723948,0.15,9.246309072293826,-0.8914868588350686,0.9252916721357376
China,E236,1,0.13589431985328934,0.15,9.246309072293826,-0.9553470751419105,0.9252916721357376
China,E248B,0,1.3781369943235453,0.15,9.246309072293826,1.3168201405963305,0.9252916721357376
China,E254B,1,0.19323847200559593,0.15,9.246309072293826,-0.8504597570578333,0.9252916721357376
China,E258B,1,0.4115049822147749,0.15,9.246309072293826,-0.451231797027897,0.9252916721357376
China,E259B,1,1.0517284357136603,0.15,9.246309072293826,0.7197912016846743,0.9252916721357376
China,E260B,1,1.9665144665246233,0.15,9.246309072293826,2.3930124420597574,0.9252916721357376
China,E261B,0,0.20987251621534128,0.15,9.246309072293826,-0.8200346793372973,0.9252916721357376
China,E262B,0,1.518631205625707,0.15,9.246309072293826,1.5737959694599655,0.9252916721357376
China,E268,1,0.35324514678232266,0.15,9.246309072293826,-0.557793977497485,0.9252916721357376
China,E277,1,0.7484228773836303,0.15,9.246309072293826,0.16501960982758102,0.9252916721357376
China,E286,1,2.34489696324817,0.15,9.246309072293826,3.085106122089755,0.9252916721357376
China,E287,1,0.652950174228166,0.15,9.246309072293826,-0.009608062016217828,0.9252916721357376
China,E289,1,0.9299565611960716,0.15,9.246309072293826,0.4970601147850503,0.9252916721357376
China,F028,1,0.7182276524334581,0.15,9.246309072293826,0.10978998230501963,0.9252916721357376
China,F028B,1,5.411081135867618,0.15,9.246309072293826,8.693417040415243,0.9252916721357376
China,F114A,1,1.2446126202842043,0.15,9.246309072293826,1.0725927352517677,0.9252916721357376
China,F114B,1,1.161027900582866,0.15,9.246309072293826,0.919709193456651,0.9252916721357376
China,F114C,1,0.743888092086645,0.15,9.246309072293826,0.1567251028894613,0.9252916721357376
China,F114D,1,0.33357689058011536,0.15,9.246309072293826,-0.5937688863070324,0.9252916721357376
China,F116,1,0.0626718434830298,0.15,9.246309072293826,-1.0892771949831248,0.9252916721357376
China,F117,1,1.6630932973731267,0.15,9.246309072293826,1.838029388204361,0.9252916721357376
China,F120,0,1.0342174661761219,0.15,9.246309072293826,0.6877621531608398,0.9252916721357376
China,F121,0,1.4218765373713815,0.15,9.246309072293826,1.396823474717054,0.9252916721357376
China,F122,1,0.07346851811143755,0.15,9.246309072293826,-1.069529161338956,0.9252916721357376
China,F123,1,0.1706583029293683,0.15,9.246309072293826,-0.891760801495636,0.9252916721357376
China,F144_02,1,1.0401604274989558,0.15,9.246309072293826,0.6986323334884492,0.9252916721357376
China,F202,1,1.3837380750346264,0.15,9.246309072293826,1.3270649922875264,0.9252916721357376
China,F206,1,0.0034684463066097437,0.15,9.246309072293826,-1.1975652299131407,0.9252916721357376
China,G007_18_B,1,0.14058540164304761,0.15,9.246309072293826,-0.9467666886618046,0.9252916721357376
China,G007_33_B,1,0.2951370187113522,0.15,9.246309072293826,-0.6640786723354577,0.9252916721357376
China,G007_34_B,1,1.1179125569632073,0.15,9.246309072293826,0.8408475730332068,0.9252916721357376
China,G007_35_B,1,0.7114207907588709,0.15,9.246309072293826,0.09733965496003635,0.9252916721357376
China,G007_36_B,1,0.009111842107930803,0.15,9.246309072293826,-1.1872429803328284,0.9252916721357376
China,G052,1,0.6345611591237489,0.15,9.246309072293826,-0.04324313035565477,0.9252916721357376
China,G058,1,0.029238767808904234,0.15,9.246309072293826,-1.1504291261067585,0.9252916721357376
China,G062,1,0.07532354115974074,0.15,9.246309072293826,-1.0661361668448721,0.9252916721357376
China,G063,1,0.32553907851084923,0.15,9.246309072293826,-0.6084707263302307,0.9252916721357376
China,H001,1,0.35453412760324726,0.15,9.246309072293826,-0.555436322247661,0.9252916721357376
China,H006_01,1,0.39257296012781473,0.15,9.246309072293826,-0.4858600711949934,0.9252916721357376
China,H006_02,1,0.8617006791959103,0.15,9.246309072293826,0.3722143173017198,0.9252916721357376
China,H008_01,1,1.1743913873040408,0.15,9.246309072293826,0.9441521441295178,0.9252916721357376
China,H008_02,1,0.06104182189589578,0.15,9.246309072293826,-1.0922586427206298,0.9252916721357376
China,H008_03,1,0.43665459360962156,0.15,9.246309072293826,-0.4052310246552234,0.9252916721357376
China,H008_04,0,0.5797729804781058,0.15,9.246309072293826,-0.14345535610432106,0.9252916721357376
China,H008_07,1,0.5950459505985287,0.15,9.246309072293826,-0.115519798336292,0.9252916721357376
China,H008_08,1,0.8734596293152079,0.15,9.246309072293826,0.3937224344366935,0.9252916721357376
China,H008_09,1,1.4915381427899506,0.15,9.246309072293826,1.5242404595628405,0.9252916721357376
Colombia,A001,1,1.8593331941929048,0.102,8.734938840232855,2.196968804099006,-0.1246846934083624
Colombia,A002,1,0.8411355299353741,0.102,8.734938840232855,0.3345989150161072,-0.1246846934083624
Colombia,A003,1,0.8507896704265581,0.102,8.734938840232855,0.35225715681620773,-0.1246846934083624
Colombia,A004,1,0.12685359092755755,0.102,8.734938840232855,-0.9718833351606578,-0.1246846934083624
Colombia,A005,1,1.090723315377885,0.102,8.734938840232855,0.791116144045468,-0.1246846934083624
Colombia,A006,1,0.4031774522796047,0.102,8.734938840232855,-0.46646355560102876,-0.1246846934083624
Colombia,A008,1,1.7119319151448047,0.102,8.734938840232855,1.9273593624866405,-0.1246846934083624
Colombia,A009,1,0.914855180785266,0.102,8.734938840232855,0.469438409149751,-0.1246846934083624
Colombia,A062,1,0.9555228726879409,0.102,8.734938840232855,0.5438230669787105,-0.1246846934083624
Colombia,A165,1,1.124955810311868,0.102,8.734938840232855,0.8537302808002619,-0.1246846934083624
Colombia,A170,1,1.24855547969872,0.102,8.734938840232855,1.079804559545075,-0.1246846934083624
Colombia,A173,1,0.4951833783154001,0.102,8.734938840232855,-0.2981769131530702,-0.1246846934083624
Colombia,B008,1,0.9605821866847171,0.102,8.734938840232855,0.5530769813980511,-0.1246846934083624
Colombia,C001_01,1,1.5137871788200175,0.102,8.734938840232855,1.564935833573281,-0.1246846934083624
Colombia,C002_01,1,0.7794056356693594,0.102,8.734938840232855,0.22168970261762025,-0.1246846934083624
Colombia,C006,1,0.4763042963201606,0.102,8.734938840232855,-0.33270835540215427,-0.1246846934083624
Colombia,C038,1,0.29078864049372777,0.102,8.734938840232855,-0.6720322249148116,-0.1246846934083624
Colombia,C039,1,0.5963454704426663,0.102,8.734938840232855,-0.11314286631911605,-0.1246846934083624
Colombia,C041,1,0.3470831523465584,0.102,8.734938840232855,-0.5690647879665229,-0.1246846934083624
Colombia,D001_B,1,0.44438612659389587,0.102,8.734938840232855,-0.39108939505635426,-0.1246846934083624
Colombia,D026_03,1,0.35225723242052387,0.102,8.734938840232855,-0.5596009566578116,-0.1246846934083624
Colombia,D026_05,0,0.05186997096423641,0.102,8.734938840232855,-1.109034736009682,-0.1246846934083624
Colombia,D054,1,0.8814752911881423,0.102,8.734938840232855,0.40838375987207287,-0.1246846934083624
Colombia,D057,1,0.3525119826563081,0.102,8.734938840232855,-0.5591349968692403,-0.1246846934083624
Colombia,D059,1,0.5550227306059804,0.102,8.734938840232855,-0.1887256623790226,-0.1246846934083624
Colombia,D060,1,1.4281406423063254,0.102,8.734938840232855,1.4082810539498662,-0.1246846934083624
Colombia,D061,1,0.4075703409839779,0.102,8.734938840232855,-0.45842858956613547,-0.1246846934083624
Colombia,D066_01,1,0.09340562515492705,0.102,8.734938840232855,-1.0330625015374009,-0.1246846934083624
Colombia,D078,1,0.15750423601531016,0.102,8.734938840232855,-0.9158207055787859,-0.1246846934083624
Colombia,E015,1,0.2988472694036875,0.102,8.734938840232855,-0.6572923091243488,-0.1246846934083624
Colombia,E016,1,0.40630295478304945,0.102,8.734938840232855,-0.46074674642438107,-0.1246846934083624
Colombia,E018,0,1.96114630876864,0.102,8.734938840232855,2.3831936262094184,-0.1246846934083624
Colombia,E023,1,0.6539723488735107,0.102,8.734938840232855,-0.007738417891408202,-0.1246846934083624
Colombia,E025,1,0.3620722590099047,0.102,8.734938840232855,-0.5416484405381248,-0.1246846934083624
Colombia,E026,1,1.7174889460719085,0.102,8.734938840232855,1.9375236433867415,-0.1246846934083624
Colombia,E027,0,0.16160163588950197,0.102,8.734938840232855,-0.9083262136769691,-0.1246846934083624
Colombia,E028,0,0.6848509711641145,0.102,8.734938840232855,0.0487412013309742,-0.1246846934083624
Colombia,E034,1,0.4460054776321762,0.102,8.734938840232855,-0.3881274646577538,-0.1246846934083624
Colombia,E035,1,0.029677361171440323,0.102,8.734938840232855,-1.1496269016462117,-0.1246846934083624
Colombia,E036,1,0.40740844000621756,0.102,8.734938840232855,-0.45872472018652316,-0.1246846934083624
Colombia,E037,1,0.4237577549320403,0.102,8.734938840232855,-0.4288204364763568,-0.1246846934083624
Colombia,E039,1,0.15364815920990704,0.102,8.734938840232855,-0.9228737971193273,-0.1246846934083624
Colombia,E040,1,0.32513851458891496,0.102,8.734938840232855,-0.6092033917183479,-0.1246846934083624
Colombia,E069_01,1,0.06720089190249325,0.102,8.734938840232855,-1.080993181280581,-0.1246846934083624
Colombia,E069_04,1,0.6662478879712883,0.102,8.734938840232855,0.014714584301080087,-0.1246846934083624
Colombia,E069_05,1,0.5930633395003685,0.102,8.734938840232855,-0.11914616219528558,-0.1246846934083624
Colombia,E069_07,1,1.046583447881412,0.102,8.734938840232855,0.7103805825535999,-0.1246846934083624
Colombia,E069_08,1,1.273692970461819,0.102,8.734938840232855,1.1257831622542382,-0.1246846934083624
Colombia,E069_10,1,0.6433222972040215,0.102,8.734938840232855,-0.027218265707497132,-0.1246846934083624
Colombia,E069_12,1,1.2280710881755743,0.102,8.734938840232855,1.0423368700108329,-0.1246846934083624
Colombia,E069_13,1,0.6012185934672479,0.102,8.734938840232855,-0.10422951098020419,-0.1246846934083624
Colombia,E069_14,0,1.0736964371725246,0.102,8.734938840232855,0.7599725396276871,-0.1246846934083624
Colombia,E069_15,1,0.20004405178827328,0.102,8.734938840232855,-0.8380117744018802,-0.1246846934083624
Colombia,E069_40,0,0.6379014155026792,0.102,8.734938840232855,-0.0371335181258201,-0.1246846934083624
Colombia,E069_41,1,0.6257625110202418,0.102,8.734938840232855,-0.05933660401782114,-0.1246846934083624
Colombia,E069_54,1,0.08424309578169933,0.102,8.734938840232855,-1.0498215449054484,-0.1246846934083624
Colombia,E114,1,0.2973254343033614,0.102,8.734938840232855,-0.6600758746013562,-0.1246846934083624
Colombia,E115,1,0.9383363102077303,0.102,8.734938840232855,0.5123873864781802,-0.1246846934083624
Colombia,E117,1,0.6850455307155653,0.102,8.734938840232855,0.049097067252665924,-0.1246846934083624
Colombia,E117B,1,0.6635654174707384,0.102,8.734938840232855,0.009808118234670263,-0.1246846934083624
Colombia,E124,1,0.8818561519763463,0.102,8.734938840232855,0.4090803865574235,-0.1246846934083624
Colombia,E224,1,0.18275953865709663,0.102,8.734938840232855,-0.8696266149509739,-0.1246846934083624
Colombia,E225,1,0.2574465191161459,0.102,8.734938840232855,-0.7330177929155353,-0.1246846934083624
Colombia,E226,1,0.4392209175056039,0.102,8.734938840232855,-0.4005370005798524,-0.1246846934083624
Colombia,E227,1,0.781129214357315,0.102,8.734938840232855,0.22484227422782344,-0.1246846934083624
Colombia,E229,1,0.7345821903343446,0.102,8.734938840232855,0.13970381927957812,-0.1246846934083624
Colombia,E233,1,0.11322208617086443,0.102,8.734938840232855,-0.9968165135531535,-0.1246846934083624
Colombia,E233A,1,1.229593824529755,0.102,8.734938840232855,1.0451220839575828,-0.1246846934083624
Colombia,E233B,1,0.15383251958604177,0.102,8.734938840232855,-0.9225365863543588,-0.1246846934083624
Colombia,E235,1,0.26704860820241166,0.102,8.734938840232855,-0.7154547575499093,-0.1246846934083624
Colombia,E236,1,0.003007283266260346,0.102,8.734938840232855,-1.1984087362287155,-0.1246846934083624
Colombia,E248B,1,0.028323982055302774,0.102,8.734938840232855,-1.152102346840094,-0.1246846934083624
Colombia,E254B,1,0.08232972556778369,0.102,8.734938840232855,-1.053321261314308,-0.1246846934083624
Colombia,E258B,1,0.16023150766675243,0.102,8.734938840232855,-0.9108322944074646,-0.1246846934083624
Colombia,E259B,1,0.19695703131771536,0.102,8.734938840232855,-0.8436581966764215,-0.1246846934083624
Colombia,E260B,1,0.28554290088966294,0.102,8.734938840232855,-0.6816271275820691,-0.1246846934083624
Colombia,E261B,1,0.4462110500867837,0.102,8.734938840232855,-0.3877514552020996,-0.1246846934083624
Colombia,E262B,1,0.021943587644539818,0.102,8.734938840232855,-1.1637726293875819,-0.1246846934083624
Colombia,E268,0,2.218553250098278,0.102,8.734938840232855,2.854012754558937,-0.1246846934083624
Colombia,E277,1,1.1683142197538305,0.102,8.734938840232855,0.9330364892289771,-0.1246846934083624
Colombia,E286,1,1.1233112739621847,0.102,8.734938840232855,0.8507222843309459,-0.1246846934083624
Colombia,E287,1,0.07486714174550388,0.102,8.734938840232855,-1.0669709600842474,-0.1246846934083624
Colombia,E289,1,0.3530253045845903,0.102,8.734938840232855,-0.558196087523641,-0.1246846934083624
Colombia,F028,1,0.3415099162708925,0.102,8.734938840232855,-0.5792587094578273,-0.1246846934083624
Colombia,F028B,1,1.4405972299357839,0.102,8.734938840232855,1.431065209262914,-0.1246846934083624
Colombia,F114A,1,0.6041455483756616,0.102,8.734938840232855,-0.0988758621952132,-0.1246846934083624
Colombia,F114B,1,0.08322558450143093,0.102,8.734938840232855,-1.0516826593399977,-0.1246846934083624
Colombia,F114C,1,0.8076821226349051,0.102,8.734938840232855,0.27340979562341006,-0.1246846934083624
Colombia,F114D,1,0.2028264560355507,0.102,8.734938840232855,-0.8329225210365581,-0.1246846934083624
Colombia,F116,1,0.37803934297484926,0.102,8.734938840232855,-0.512443289675345,-0.1246846934083624
Colombia,F117,0,0.45155344387720575,0.102,8.734938840232855,-0.37797976383001153,-0.1246846934083624
Colombia,F120,0,0.3676730341082879,0.102,8.734938840232855,-0.5314041478384747,-0.1246846934083624
Colombia,F121,1,0.24956098746142466,0.102,8.734938840232855,-0.7474410991444608,-0.1246846934083624
Colombia,F122,1,0.7261239991318528,0.102,8.734938840232855,0.12423307016613051,-0.1246846934083624
Colombia,F123,0,0.23380214219958664,0.102,8.734938840232855,-0.7762653637569366,-0.1246846934083624
Colombia,F144_02,1,0.6727556155297914,0.102,8.734938840232855,0.02661776997588595,-0.1246846934083624
Colombia,F202,1,0.32438893128690005,0.102,8.734938840232855,-0.6105744431556441,-0.1246846934083624
Colombia,F206,1,0.41633897855123975,0.102,8.734938840232855,-0.4423900077201854,-0.1246846934083624
Colombia,G007_18_B,1,0.5810035534345422,0.102,8.734938840232855,-0.14120453379266493,-0.1246846934083624
Colombia,G007_33_B,1,0.5990582840614675,0.102,8.734938840232855,-0.10818090011579186,-0.1246846934083624
Colombia,G007_34_B,1,0.5107750406943877,0.102,8.734938840232855,-0.2696584402133908,-0.1246846934083624
Colombia,G007_35_B,1,0.49368364790572844,0.102,8.734938840232855,-0.3009200472760022,-0.1246846934083624
Colombia,G007_36_B,1,0.45304994322017095,0.102,8.734938840232855,-0.37524253960213727,-0.1246846934083624
Colombia,G052,1,1.3814710563824835,0.102,8.734938840232855,1.3229184228895117,-0.1246846934083624
Colombia,G058,1,0.5507104563000531,0.102,8.734938840232855,-0.1966131778416328,-0.1246846934083624
Colombia,G062,1,0.2924777852434021,0.102,8.734938840232855,-0.6689426358983313,-0.1246846934083624
Colombia,G063,1,0.17576924061757992,0.102,8.734938840232855,-0.8824124629660587,-0.1246846934083624
Colombia,H001,1,0.2501984169183286,0.102,8.734938840232855,-0.7462751866025005,-0.1246846934083624
Colombia,H006_01,1,0.7104794373903244,0.102,8.734938840232855,0.09561783980556322,-0.1246846934083624
Colombia,H006_02,1,1.2004916890607544,0.102,8.734938840232855,0.9918918098093896,-0.1246846934083624
Colombia,H008_01,1,0.6162955530790676,0.102,8.734938840232855,-0.07665247305756566,-0.1246846934083624
Colombia,H008_02,0,1.2487693030217548,0.102,8.734938840232855,1.0801956605389023,-0.1246846934083624
Colombia,H008_03,1,0.029528335229646947,0.102,8.734938840232855,-1.1498994827337856,-0.1246846934083624
Colombia,H008_04,1,1.5384599290624392,0.102,8.734938840232855,1.6100643864519164,-0.1246846934083624
Colombia,H008_07,1,0.024734637837144382,0.102,8.734938840232855,-1.1586675618549276,-0.1246846934083624
Colombia,H008_08,1,0.36332714721866693,0.102,8.734938840232855,-0.5393531435676017,-0.1246846934083624
Colombia,H008_09,0,0.8015442498274963,0.102,8.734938840232855,0.2621831056585746,-0.1246846934083624
Cyprus,A001,1,0.322326715431922,0.057,10.275886966438957,-0.6143464108667477,-1.109037536105956
Cyprus,A002,1,0.756442657628964,0.057,10.275886966438957,0.1796884681153895,-1.109037536105956
Cyprus,A003,1,0.3835490781164073,0.057,10.275886966438957,-0.5023655167785254,-1.109037536105956
Cyprus,A004,1,0.5196415967690893,0.057,10.275886966438957,-0.25344075711211367,-1.109037536105956
Cyprus,A005,1,0.8333018717700914,0.057,10.275886966438957,0.3202704897991536,-1.109037536105956
Cyprus,A006,1,0.022475564242429334,0.057,10.275886966438957,-1.1627995990690252,-1.109037536105956
Cyprus,A008,1,0.5268220179439967,0.057,10.275886966438957,-0.24030715775659733,-1.109037536105956
Cyprus,A009,1,3.3937903956337054,0.057,10.275886966438957,5.003621174622378,-1.109037536105956
Cyprus,A062,1,0.47059819630960736,0.057,10.275886966438957,-0.3431452962995772,-1.109037536105956
Cyprus,A165,1,1.0689635105701236,0.057,10.275886966438957,0.7513156154360778,-1.109037536105956
Cyprus,A170,1,1.2488024442205357,0.057,10.275886966438957,1.0802562786024317,-1.109037536105956
Cyprus,A173,1,1.1172352850974654,0.057,10.275886966438957,0.8396087853461416,-1.109037536105956
Cyprus,B008,1,0.42173772963191225,0.057,10.275886966438957,-0.4325152340841351,-1.109037536105956
Cyprus,C001_01,1,0.668418022805007,0.057,10.275886966438957,0.01868394497773676,-1.109037536105956
Cyprus,C002_01,1,0.041302800454845315,0.057,10.275886966438957,-1.128362987154164,-1.109037536105956
Cyprus,C006,1,0.260441894717987,0.057,10.275886966438957,-0.7275389968789816,-1.109037536105956
Cyprus,C038,1,0.3172392193067797,0.057,10.275886966438957,-0.6236518727892124,-1.109037536105956
Cyprus,C039,1,0.07156809692241765,0.057,10.275886966438957,-1.073005192882975,-1.109037536105956
Cyprus,C041,1,0.026583467211234196,0.057,10.275886966438957,-1.1552858961163133,-1.109037536105956
Cyprus,D001_B,1,1.0772572545183516,0.057,10.275886966438957,0.7664855765734436,-1.109037536105956
Cyprus,D026_03,1,0.9110733857075589,0.057,10.275886966438957,0.46252118518956903,-1.109037536105956
Cyprus,D026_05,1,0.48775403026879727,0.057,10.275886966438957,-0.3117658208703152,-1.109037536105956
Cyprus,D054,1,0.8084474297797182,0.057,10.275886966438957,0.2748096073028438,-1.109037536105956
Cyprus,D057,1,0.23142163913644292,0.057,10.275886966438957,-0.7806195057681552,-1.109037536105956
Cyprus,D059,1,0.33738317498812403,0.057,10.275886966438957,-0.5868068692846008,-1.109037536105956
Cyprus,D060,1,0.4102306349289214,0.057,10.275886966438957,-0.4535626863008935,-1.109037536105956
Cyprus,D061,1,0.6371379876415786,0.057,10.275886966438957,-0.03852989243594732,-1.109037536105956
Cyprus,D066_01,1,0.24632975627987222,0.057,10.275886966438957,-0.7533512950410278,-1.109037536105956
Cyprus,D078,1,0.3026540373900969,0.057,10.275886966438957,-0.6503294075960062,-1.109037536105956
Cyprus,E015,1,0.48177803679848824,0.057,10.275886966438957,-0.3226964197973665,-1.109037536105956
Cyprus,E016,1,0.8910005879089691,0.057,10.275886966438957,0.4258063354879614,-1.109037536105956
Cyprus,E018,1,0.7835541421992623,0.057,10.275886966438957,0.22927767292748033,-1.109037536105956
Cyprus,E023,1,0.8876503559143497,0.057,10.275886966438957,0.4196784770109229,-1.109037536105956
Cyprus,E025,1,0.03767688893317646,0.057,10.275886966438957,-1.1349950868686718,-1.109037536105956
Cyprus,E026,1,0.11118952841387782,0.057,10.275886966438957,-1.0005342340874999,-1.109037536105956
Cyprus,E027,0,0.07564989802363535,0.057,10.275886966438957,-1.0655392324599795,-1.109037536105956
Cyprus,E028,1,1.5214473498242695,0.057,10.275886966438957,1.5789469360579325,-1.109037536105956
Cyprus,E034,1,0.63767968259432,0.057,10.275886966438957,-0.037539086422078344,-1.109037536105956
Cyprus,E035,1,1.1064226198943423,0.057,10.275886966438957,0.819831503584535,-1.109037536105956
Cyprus,E036,1,0.9845841085275736,0.057,10.275886966438957,0.5969785322357783,-1.109037536105956
Cyprus,E037,1,0.6694710524623126,0.057,10.275886966438957,0.02061002553647332,-1.109037536105956
Cyprus,E039,1,0.07487348633050919,0.057,10.275886966438957,-1.0669593553001397,-1.109037536105956
Cyprus,E040,1,1.181296786105546,0.057,10.275886966438957,0.9567827042373236,-1.109037536105956
Cyprus,E069_01,0,1.0007173742504973,0.057,10.275886966438957,0.6264876436290518,-1.109037536105956
Cyprus,E069_04,1,0.42867733356108906,0.057,10.275886966438957,-0.4198221098966184,-1.109037536105956
Cyprus,E069_05,1,0.24417641518207797,0.057,10.275886966438957,-0.757289938550273,-1.109037536105956
Cyprus,E069_07,1,0.6935923396291425,0.057,10.275886966438957,0.06472990567603665,-1.109037536105956
Cyprus,E069_08,1,0.24765198658341617,0.057,10.275886966438957,-0.7509328236673493,-1.109037536105956
Cyprus,E069_10,1,0.5178098672366414,0.057,10.275886966438957,-0.25679114578999623,-1.109037536105956
Cyprus,E069_12,1,0.05147778212093103,0.057,10.275886966438957,-1.1097520826686322,-1.109037536105956
Cyprus,E069_13,1,0.37942933149250724,0.057,10.275886966438957,-0.5099008827809579,-1.109037536105956
Cyprus,E069_14,1,0.05954846355929161,0.057,10.275886966438957,-1.0949901217814568,-1.109037536105956
Cyprus,E069_15,1,0.465729060143038,0.057,10.275886966438957,-0.3520513593370286,-1.109037536105956
Cyprus,E069_40,0,0.19648518111789193,0.057,10.275886966438957,-0.8445212507131342,-1.109037536105956
Cyprus,E069_41,0,2.110877090866132,0.057,10.275886966438957,2.6570639264821483,-1.109037536105956
Cyprus,E069_54,0,0.06351764240539699,0.057,10.275886966438957,-1.0877301570154192,-1.109037536105956
Cyprus,E114,1,0.4747935929051122,0.057,10.275886966438957,-0.335471560082625,-1.109037536105956
Cyprus,E115,1,0.20803291454646922,0.057,10.275886966438957,-0.823399466820396,-1.109037536105956
Cyprus,E117,1,0.6044257369028768,0.057,10.275886966438957,-0.09836337361399784,-1.109037536105956
Cyprus,E117B,1,1.2391228198459965,0.057,10.275886966438957,1.0625514246181909,-1.109037536105956
Cyprus,E124,1,1.2046179478721406,0.057,10.275886966438957,0.9994390871550829,-1.109037536105956
Cyprus,E224,1,1.0760040306876966,0.057,10.275886966438957,0.7641933238916473,-1.109037536105956
Cyprus,E225,1,0.7145332473236745,0.057,10.275886966438957,0.10303260200838332,-1.109037536105956
Cyprus,E226,1,0.7719757363091058,0.057,10.275886966438957,0.20809978650094685,-1.109037536105956
Cyprus,E227,1,1.4537183013316515,0.057,10.275886966438957,1.4550647617446903,-1.109037536105956
Cyprus,E229,1,0.4926817375549663,0.057,10.275886966438957,-0.30275262628724997,-1.109037536105956
Cyprus,E233,1,0.20594300140663047,0.057,10.275886966438957,-0.827222095214729,-1.109037536105956
Cyprus,E233A,0,0.15748813251632043,0.057,10.275886966438957,-0.9158501602442994,-1.109037536105956
Cyprus,E233B,1,0.4652214674515595,0.057,10.275886966438957,-0.3529797894225733,-1.109037536105956
Cyprus,E235,1,0.0490897003991552,0.057,10.275886966438957,-1.1141200866892933,-1.109037536105956
Cyprus,E236,1,0.2606982555651757,0.057,10.275886966438957,-0.7270700911455432,-1.109037536105956
Cyprus,E248B,1,0.8408345407494835,0.057,10.275886966438957,0.33404838026591116,-1.109037536105956
Cyprus,E254B,1,0.11936836814462166,0.057,10.275886966438957,-0.985574442509821,-1.109037536105956
Cyprus,E258B,1,0.01619381787507813,0.057,10.275886966438957,-1.1742894459780158,-1.109037536105956
Cyprus,E259B,1,0.06491581277607682,0.057,10.275886966438957,-1.0851727848178894,-1.109037536105956
Cyprus,E260B,1,0.55232724520475,0.057,10.275886966438957,-0.19365593380267068,-1.109037536105956
Cyprus,E261B,1,0.45443987455784934,0.057,10.275886966438957,-0.3727002372947827,-1.109037536105956
Cyprus,E262B,1,0.007498593700987655,0.057,10.275886966438957,-1.1901937485011025,-1.109037536105956
Cyprus,E268,1,1.2532045753715688,0.057,10.275886966438957,1.0883081498561888,-1.109037536105956
Cyprus,E277,1,0.19787129325384453,0.057,10.275886966438957,-0.8419859340496719,-1.109037536105956
Cyprus,E286,1,0.7583003051230698,0.057,10.275886966438957,0.18308626294344543,-1.109037536105956
Cyprus,E287,1,0.41766172531714163,0.057,10.275886966438957,-0.43997059169304903,-1.109037536105956
Cyprus,E289,0,0.9734330928836037,0.057,10.275886966438957,0.576582378819766,-1.109037536105956
Cyprus,F028,1,0.9722575882328378,0.057,10.275886966438957,0.5744322811099469,-1.109037536105956
Cyprus,F028B,0,0.874195594355962,0.057,10.275886966438957,0.3950685769190743,-1.109037536105956
Cyprus,F114A,1,0.6910857359726458,0.057,10.275886966438957,0.06014511498401656,-1.109037536105956
Cyprus,F114B,1,1.124641345010598,0.057,10.275886966438957,0.8531550970920244,-1.109037536105956
Cyprus,F114C,0,2.471906594761049,0.057,10.275886966438957,3.317417510788122,-1.109037536105956
Cyprus,F114D,1,1.4513794768593509,0.057,10.275886966438957,1.4507868534112047,-1.109037536105956
Cyprus,F116,0,0.5825530094334253,0.057,10.275886966438957,-0.1383704473494567,-1.109037536105956
Cyprus,F117,0,1.2900536804866412,0.057,10.275886966438957,1.1557082885669803,-1.109037536105956
Cyprus,F120,1,0.18209656486496376,0.057,10.275886966438957,-0.8708392502486788,-1.109037536105956
Cyprus,F121,1,0.6298279229766864,0.057,10.275886966438957,-0.051900620730704665,-1.109037536105956
Cyprus,F122,1,0.5810653753880085,0.057,10.275886966438957,-0.14109145619618094,-1.109037536105956
Cyprus,F123,1,1.0470905154756522,0.057,10.275886966438957,0.7113080521917584,-1.109037536105956
Cyprus,F144_02,1,1.0557754677556217,0.057,10.275886966438957,0.7271935665492595,-1.109037536105956
Cyprus,F202,1,0.43311904763025794,0.057,10.275886966438957,-0.41169783812825994,-1.109037536105956
Cyprus,F206,1,0.3268553313043093,0.057,10.275886966438957,-0.606063188329494,-1.109037536105956
Cyprus,G007_18_B,1,0.5906460039696755,0.057,10.275886966438957,-0.1235676739136961,-1.109037536105956
Cyprus,G007_33_B,1,0.5169365194177197,0.057,10.275886966438957,-0.2583885730261331,-1.109037536105956
Cyprus,G007_34_B,1,1.5177896631799526,0.057,10.275886966438957,1.5722567169490094,-1.109037536105956
Cyprus,G007_35_B,1,0.6557901615895574,0.057,10.275886966438957,-0.004413484251115552,-1.109037536105956
Cyprus,G007_36_B,1,0.2141123881360431,0.057,10.275886966438957,-0.8122795939782664,-1.109037536105956
Cyprus,G052,1,1.3195733810587875,0.057,10.275886966438957,1.209702324705727,-1.109037536105956
Cyprus,G058,1,0.43921427692257986,0.057,10.275886966438957,-0.40054914676944214,-1.109037536105956
Cyprus,G062,1,1.0729328950603865,0.057,10.275886966438957,0.7585759563427217,-1.109037536105956
Cyprus,G063,1,0.1362942782035248,0.057,10.275886966438957,-0.9546155173957935,-1.109037536105956
Cyprus,H001,1,0.7447799327743254,0.057,10.275886966438957,0.15835635515108007,-1.109037536105956
Cyprus,H006_01,1,1.410316671822469,0.057,10.275886966438957,1.3756795001472042,-1.109037536105956
Cyprus,H006_02,1,1.1368755521377825,0.057,10.275886966438957,0.8755324996046162,-1.109037536105956
Cyprus,H008_01,1,0.49153576197427384,0.057,10.275886966438957,-0.3048487128233178,-1.109037536105956
Cyprus,H008_02,1,0.445561028997116,0.057,10.275886966438957,-0.38894039890837756,-1.109037536105956
Cyprus,H008_03,1,0.015652384395392405,0.057,10.275886966438957,-1.1752797737354885,-1.109037536105956
Cyprus,H008_04,1,0.29074288189267283,0.057,10.275886966438957,-0.6721159212772791,-1.109037536105956
Cyprus,H008_07,1,0.2882170208312365,0.057,10.275886966438957,-0.6767359353963021,-1.109037536105956
Cyprus,H008_08,1,0.0020296951300388636,0.057,10.275886966438957,-1.2001968278466149,-1.109037536105956
Cyprus,H008_09,1,0.7839143111346549,0.057,10.275886966438957,0.22993645245900415,-1.109037536105956
Ecuador,A001,1,0.9721015969872587,0.109,8.713133096131324,0.5741469598909684,0.02843685990015231
Ecuador,A002,1,0.820903085543038,0.109,8.713133096131324,0.2975920581536853,0.02843685990015231
Ecuador,A003,1,0.35130774281974664,0.109,8.713133096131324,-0.5613376536711311,0.02843685990015231
Ecuador,A004,1,0.5409147698227383,0.109,8.713133096131324,-0.21453031925596758,0.02843685990015231
Ecuador,A005,0,0.7463913496308786,0.109,8.713133096131324,0.1613037732583428,0.02843685990015231
Ecuador,A006,1,0.8110040213041824,0.109,8.713133096131324,0.27948583004523103,0.02843685990015231
Ecuador,A008,1,1.2958196092495236,0.109,8.713133096131324,1.1662546613269489,0.02843685990015231
Ecuador,A009,1,0.29050011561459055,0.109,8.713133096131324,-0.6725599613907622,0.02843685990015231
Ecuador,A062,1,0.9402625025374175,0.109,8.713133096131324,0.5159105556243279,0.02843685990015231
Ecuador,A165,1,0.4116910456788954,0.109,8.713133096131324,-0.4508914711705506,0.02843685990015231
Ecuador,A170,1,0.522999214969551,0.109,8.713133096131324,-0.24729938863810869,0.02843685990015231
Ecuador,A173,1,0.4035210844011375,0.109,8.713133096131324,-0.46583502330466864,0.02843685990015231
Ecuador,B008,1,0.14090585462743244,0.109,8.713133096131324,-0.9461805529732884,0.02843685990015231
Ecuador,C001_01,1,0.4621719261267063,0.109,8.713133096131324,-0.3585576591607267,0.02843685990015231
Ecuador,C002_01,1,0.8872553182700494,0.109,8.713133096131324,0.4189559196533243,0.02843685990015231
Ecuador,C006,1,0.11443116140977831,0.109,8.713133096131324,-0.9946050123902327,0.02843685990015231
Ecuador,C038,1,0.08814312497916159,0.109,8.713133096131324,-1.0426880607118914,0.02843685990015231
Ecuador,C039,1,1.070028270483868,0.109,8.713133096131324,0.7532631516287737,0.02843685990015231
Ecuador,C041,1,0.22093856362383046,0.109,8.713133096131324,-0.7997939400307874,0.02843685990015231
Ecuador,D001_B,1,1.1223793340798114,0.109,8.713133096131324,0.8490176872411136,0.02843685990015231
Ecuador,D026_03,0,0.4661467480420207,0.109,8.713133096131324,-0.3512873727424738,0.02843685990015231
Ecuador,D026_05,1,0.1872170974631989,0.109,8.713133096131324,-0.8614733618148505,0.02843685990015231
Ecuador,D054,1,1.239753260603957,0.109,8.713133096131324,1.0637045542370183,0.02843685990015231
Ecuador,D057,1,0.473319215016539,0.109,8.713133096131324,-0.3381683222941261,0.02843685990015231
Ecuador,D059,1,0.8675221637134024,0.109,8.713133096131324,0.3828623062489792,0.02843685990015231
Ecuador,D060,0,0.6669600756973799,0.109,8.713133096131324,0.01601723605820684,0.02843685990015231
Ecuador,D061,1,0.5872029032708187,0.109,8.713133096131324,-0.1298653971276921,0.02843685990015231
Ecuador,D066_01,1,0.40524645787070396,0.109,8.713133096131324,-0.46267916888666993,0.02843685990015231
Ecuador,D078,1,0.5870983539214861,0.109,8.713133096131324,-0.13005662675525384,0.02843685990015231
Ecuador,E015,1,0.30038022122876756,0.109,8.713133096131324,-0.6544884102148717,0.02843685990015231
Ecuador,E016,1,1.016146268906541,0.109,8.713133096131324,0.6547084005978874,0.02843685990015231
Ecuador,E018,1,1.401964187213052,0.109,8.713133096131324,1.3604020973582778,0.02843685990015231
Ecuador,E023,1,0.5533093822328844,0.109,8.713133096131324,-0.19185952187563615,0.02843685990015231
Ecuador,E025,0,0.23256710843334633,0.109,8.713133096131324,-0.7785243452680793,0.02843685990015231
Ecuador,E026,0,1.53228064891018,0.109,8.713133096131324,1.598761958941275,0.02843685990015231
Ecuador,E027,0,0.32749370573848946,0.109,8.713133096131324,-0.604895547343945,0.02843685990015231
Ecuador,E028,0,0.20309081857319855,0.109,8.713133096131324,-0.832438979532585,0.02843685990015231
Ecuador,E034,1,0.010583704075759749,0.109,8.713133096131324,-1.1845508199537633,0.02843685990015231
Ecuador,E035,1,0.3310962613411751,0.109,8.713133096131324,-0.5983061675862522,0.02843685990015231
Ecuador,E036,1,0.3288989003978441,0.109,8.713133096131324,-0.6023253271266451,0.02843685990015231
Ecuador,E037,1,0.4075005246719346,0.109,8.713133096131324,-0.4585562895225197,0.02843685990015231
Ecuador,E039,1,0.3524300629308625,0.109,8.713133096131324,-0.5592848349953208,0.02843685990015231
Ecuador,E040,1,0.42985248305505386,0.109,8.713133096131324,-0.41767266179871204,0.02843685990015231
Ecuador,E069_01,1,1.121904038514701,0.109,8.713133096131324,0.8481483313390631,0.02843685990015231
Ecuador,E069_04,1,0.0810046408432014,0.109,8.713133096131324,-1.0557449536661712,0.02843685990015231
Ecuador,E069_05,1,0.25211788949783226,0.109,8.713133096131324,-0.742764308449392,0.02843685990015231
Ecuador,E069_07,1,0.14340128812591396,0.109,8.713133096131324,-0.9416161934477048,0.02843685990015231
Ecuador,E069_08,0,3.384988807420806,0.109,8.713133096131324,4.98752232325076,0.02843685990015231
Ecuador,E069_10,1,0.23993109117707018,0.109,8.713133096131324,-0.7650549962339328,0.02843685990015231
Ecuador,E069_12,1,0.3892543660305391,0.109,8.713133096131324,-0.4919300612743374,0.02843685990015231
Ecuador,E069_13,1,1.3924254050170624,0.109,8.713133096131324,1.34295485566451,0.02843685990015231
Ecuador,E069_14,1,0.3312471151623749,0.109,8.713133096131324,-0.5980302431522078,0.02843685990015231
Ecuador,E069_15,1,0.5176963424924995,0.109,8.713133096131324,-0.2569987921759362,0.02843685990015231
Ecuador,E069_40,1,0.20812211770071531,0.109,8.713133096131324,-0.823236306685276,0.02843685990015231
Ecuador,E069_41,1,0.8002352731955441,0.109,8.713133096131324,0.25978887637438297,0.02843685990015231
Ecuador,E069_54,1,0.49827980871547234,0.109,8.713133096131324,-0.292513279319319,0.02843685990015231
Ecuador,E114,0,0.9304802586256258,0.109,8.713133096131324,0.49801800180250183,0.02843685990015231
Ecuador,E115,1,0.19863720593911327,0.109,8.713133096131324,-0.8405850147853842,0.02843685990015231
Ecuador,E117,1,0.0542162698180621,0.109,8.713133096131324,-1.1047431563984274,0.02843685990015231
Ecuador,E117B,1,0.35071747150972304,0.109,8.713133096131324,-0.5624173099626029,0.02843685990015231
Ecuador,E124,1,0.6105267115262795,0.109,8.713133096131324,-0.08720417355732779,0.02843685990015231
Ecuador,E224,1,0.2141931669644261,0.109,8.713133096131324,-0.8121318426496816,0.02843685990015231
Ecuador,E225,1,0.23701804580432348,0.109,8.713133096131324,-0.7703832032984145,0.02843685990015231
Ecuador,E226,1,0.16725938830957074,0.109,8.713133096131324,-0.8979777046232722,0.02843685990015231
Ecuador,E227,1,1.0191742135117368,0.109,8.713133096131324,0.6602467681040038,0.02843685990015231
Ecuador,E229,1,0.7898204680456458,0.109,8.713133096131324,0.2407393143956881,0.02843685990015231
Ecuador,E233,1,0.0702169669861943,0.109,8.713133096131324,-1.0754765241360238,0.02843685990015231
Ecuador,E233A,1,0.5089575326894203,0.109,8.713133096131324,-0.2729828165112746,0.02843685990015231
Ecuador,E233B,1,0.33281476048227476,0.109,8.713133096131324,-0.5951628868980838,0.02843685990015231
Ecuador,E235,1,0.2543894888695581,0.109,8.713133096131324,-0.7386093605267343,0.02843685990015231
Ecuador,E236,1,0.866869409801688,0.109,8.713133096131324,0.38166836397938625,0.02843685990015231
Ecuador,E248B,1,0.5656392535166875,0.109,8.713133096131324,-0.16930714150657752,0.02843685990015231
Ecuador,E254B,1,0.0006828671608758389,0.109,8.713133096131324,-1.2026602904370274,0.02843685990015231
Ecuador,E258B,1,0.1041070320630937,0.109,8.713133096131324,-1.0134887206339391,0.02843685990015231
Ecuador,E259B,1,0.1253059250587005,0.109,8.713133096131324,-0.9747141473042139,0.02843685990015231
Ecuador,E260B,1,0.29148341838265796,0.109,8.713133096131324,-0.6707614172265149,0.02843685990015231
Ecuador,E261B,1,0.6347195078636659,0.109,8.713133096131324,-0.04295349707957495,0.02843685990015231
Ecuador,E262B,1,0.5419469129672673,0.109,8.713133096131324,-0.21264244190064513,0.02843685990015231
Ecuador,E268,0,1.052815921838346,0.109,8.713133096131324,0.7217803060447662,0.02843685990015231
Ecuador,E277,1,1.2894061911543977,0.109,8.713133096131324,1.154523975659769,0.02843685990015231
Ecuador,E286,1,1.3116678879570711,0.109,8.713133096131324,1.195242507297164,0.02843685990015231
Ecuador,E287,1,0.1143395976847789,0.109,8.713133096131324,-0.9947724902094787,0.02843685990015231
Ecuador,E289,0,0.6813171066336173,0.109,8.713133096131324,0.04227746337053094,0.02843685990015231
Ecuador,F028,1,0.42330875362965237,0.109,8.713133096131324,-0.42964169794166973,0.02843685990015231
Ecuador,F028B,1,0.6658246973103253,0.109,8.713133096131324,0.013940532688131993,0.02843685990015231
Ecuador,F114A,1,0.9180677493424252,0.109,8.713133096131324,0.4753144695233825,0.02843685990015231
Ecuador,F114B,1,0.5067040872307133,0.109,8.713133096131324,-0.27710455938724843,0.02843685990015231
Ecuador,F114C,1,0.6919580321740932,0.109,8.713133096131324,0.061740618722597375,0.02843685990015231
Ecuador,F114D,1,0.17789898268870463,0.109,8.713133096131324,-0.8785169840782064,0.02843685990015231
Ecuador,F116,0,0.12501278943185365,0.109,8.713133096131324,-0.9752503172287983,0.02843685990015231
Ecuador,F117,1,0.35018644562940315,0.109,8.713133096131324,-0.563388601338087,0.02843685990015231
Ecuador,F120,1,0.4627532478883358,0.109,8.713133096131324,-0.3574943723523477,0.02843685990015231
Ecuador,F121,1,0.4531924787173709,0.109,8.713133096131324,-0.37498183008822944,0.02843685990015231
Ecuador,F122,1,0.3309650971854641,0.109,8.713133096131324,-0.598546077952086,0.02843685990015231
Ecuador,F123,1,0.5514007740172441,0.109,8.713133096131324,-0.19535052818574855,0.02843685990015231
Ecuador,F144_02,1,0.2923949868395785,0.109,8.713133096131324,-0.6690940812016927,0.02843685990015231
Ecuador,F202,1,0.14124876179439777,0.109,8.713133096131324,-0.9455533466803211,0.02843685990015231
Ecuador,F206,1,0.2957783253608022,0.109,8.713133096131324,-0.6629056680794764,0.02843685990015231
Ecuador,G007_18_B,1,0.4824900427065733,0.109,8.713133096131324,-0.32139410060079515,0.02843685990015231
Ecuador,G007_33_B,1,1.1635777978098005,0.109,8.713133096131324,0.9243731717610617,0.02843685990015231
Ecuador,G007_34_B,1,0.6232190619464432,0.109,8.713133096131324,-0.06398878810322908,0.02843685990015231
Ecuador,G007_35_B,1,0.5957042551515307,0.109,8.713133096131324,-0.11431570347299151,0.02843685990015231
Ecuador,G007_36_B,1,0.05042686113541923,0.109,8.713133096131324,-1.111674306287805,0.02843685990015231
Ecuador,G052,1,0.4625067823301499,0.109,8.713133096131324,-0.3579451787629046,0.02843685990015231
Ecuador,G058,1,0.020260610225109277,0.109,8.713133096131324,-1.1668509378339478,0.02843685990015231
Ecuador,G062,1,0.21522034255170816,0.109,8.713133096131324,-0.8102530513779004,0.02843685990015231
Ecuador,G063,1,0.4177725759519702,0.109,8.713133096131324,-0.43976783647985473,0.02843685990015231
Ecuador,H001,1,0.18396786897954928,0.109,8.713133096131324,-0.8674164763034425,0.02843685990015231
Ecuador,H006_01,1,0.23164099389701093,0.109,8.713133096131324,-0.780218287305916,0.02843685990015231
Ecuador,H006_02,1,0.20678164633464963,0.109,8.713133096131324,-0.8256881425094713,0.02843685990015231
Ecuador,H008_01,1,1.4320083242537105,0.109,8.713133096131324,1.4153553722794137,0.02843685990015231
Ecuador,H008_02,0,0.3126004037898804,0.109,8.713133096131324,-0.6321366598231558,0.02843685990015231
Ecuador,H008_03,1,0.0913864890514133,0.109,8.713133096131324,-1.0367556727291518,0.02843685990015231
Ecuador,H008_04,1,0.8453306435320073,0.109,8.713133096131324,0.3422721336041198,0.02843685990015231
Ecuador,H008_07,1,0.04503551618336573,0.109,8.713133096131324,-1.1215355334864405,0.02843685990015231
Ecuador,H008_08,1,0.14462410228380587,0.109,8.713133096131324,-0.93937956263667,0.02843685990015231
Ecuador,H008_09,0,0.8806537824298388,0.109,8.713133096131324,0.4068811506746752,0.02843685990015231
Egypt,A001,1,0.6174230707953204,0.234,,-0.07459014752111096,2.762750311837913
Egypt,A002,1,0.10654460101533601,0.234,,-1.0090302002713631,2.762750311837913
Egypt,A003,1,1.1594198679191423,0.234,,0.9167679653251126,2.762750311837913
Egypt,A004,1,0.13576715027692038,0.234,,-0.955579679083317,2.762750311837913
Egypt,A005,1,0.7392598065533635,0.234,,0.14825957608868365,2.762750311837913
Egypt,A006,1,1.3390847142039843,0.234,,1.245390207934154,2.762750311837913
Egypt,A008,1,0.8864008006960067,0.234,,0.4173929345322085,2.762750311837913
Egypt,A009,1,0.017312185260085666,0.234,,-1.1722438571735185,2.762750311837913
Egypt,A062,1,0.8277699218088059,0.234,,0.31015208411284323,2.762750311837913
Egypt,A165,1,0.1746224893269828,0.234,,-0.8845099683413361,2.762750311837913
Egypt,A170,1,0.5300251626691072,0.234,,-0.2344483343710906,2.762750311837913
Egypt,A173,1,0.5989143167777989,0.234,,-0.10844422848859164,2.762750311837913
Egypt,B008,1,1.0072736226266754,0.234,,0.6384795779948081,2.762750311837913
Egypt,C001_01,1,1.0899998087971687,0.234,,0.7897927891431938,2.762750311837913
Egypt,C002_01,0,0.18150679130791494,0.234,,-0.8719179961077415,2.762750311837913
Egypt,C006,1,0.10797959820217172,0.234,,-1.0064054687035193,2.762750311837913
Egypt,C038,1,0.022359372557689397,0.234,,-1.1630121235155229,2.762750311837913
Egypt,C039,1,0.5486255881234152,0.234,,-0.20042657857036938,2.762750311837913
Egypt,C041,1,1.244141061949708,0.234,,1.0717302150614936,2.762750311837913
Egypt,D001_B,1,0.9710606162282076,0.234,,0.572242917789099,2.762750311837913
Egypt,D026_03,1,1.0058910990590595,0.234,,0.6359508251272077,2.762750311837913
Egypt,D026_05,1,1.3773791798557782,0.234,,1.3154340336587251,2.762750311837913
Egypt,D054,1,0.4344865013126274,0.234,,-0.4091966493589678,2.762750311837913
Egypt,D057,1,0.3278653222175019,0.234,,-0.6042158292841864,2.762750311837913
Egypt,D059,1,0.7943787519025238,0.234,,0.24907680219294473,2.762750311837913
Egypt,D060,1,0.754656719906696,0.234,,0.17642183654228077,2.762750311837913
Egypt,D061,1,0.26812136944085546,0.234,,-0.7134925862556843,2.762750311837913
Egypt,D066_01,1,0.1914494130452847,0.234,,-0.8537320976400592,2.762750311837913
Egypt,D078,1,0.6290962093294435,0.234,,-0.0532389870537603,2.762750311837913
Egypt,E015,1,0.9406899645709879,0.234,,0.5166924199400628,2.762750311837913
Egypt,E016,1,1.2154383860902152,0.234,,1.0192305864203246,2.762750311837913
Egypt,E018,1,0.6119480361960276,0.234,,-0.08460445018290838,2.762750311837913
Egypt,E023,1,0.39581931308149,0.234,,-0.47992221629462023,2.762750311837913
Egypt,E025,0,0.5184149984207562,0.234,,-0.25568430952843163,2.762750311837913
Egypt,E026,0,0.2456955731008631,0.234,,-0.7545112698653765,2.762750311837913
Egypt,E027,1,1.1732912872372974,0.234,,0.942139967799517,2.762750311837913
Egypt,E028,1,1.1739049375062187,0.234,,0.9432623861897617,2.762750311837913
Egypt,E034,1,0.6977657655908368,0.234,,0.0723634557402514,2.762750311837913
Egypt,E035,1,0.26633834767244624,0.234,,-0.7167538843018609,2.762750311837913
Egypt,E036,1,0.19878004971799515,0.234,,-0.8403237413981325,2.762750311837913
Egypt,E037,1,1.4012287288672336,0.234,,1.359056881663911,2.762750311837913
Egypt,E039,1,0.46167200197772995,0.234,,-0.35947206283160715,2.762750311837913
Egypt,E040,0,0.7518755326395825,0.234,,0.1713348091368998,2.762750311837913
Egypt,E069_01,1,0.6518809058801738,0.234,,-0.011563844517548062,2.762750311837913
Egypt,E069_04,1,0.6928214253576145,0.234,,0.06331983808625788,2.762750311837913
Egypt,E069_05,1,2.2177544334136106,0.234,,2.8525516510889086,2.762750311837913
Egypt,E069_07,1,0.6959673034643183,0.234,,0.06907391596947775,2.762750311837913
Egypt,E069_08,1,0.3914613784925621,0.234,,-0.48789324828763747,2.762750311837913
Egypt,E069_10,0,0.5813586558363968,0.234,,-0.1405550213807138,2.762750311837913
Egypt,E069_12,1,1.071174035256051,0.234,,0.7553588525781976,2.762750311837913
Egypt,E069_13,1,0.629200117557686,0.234,,-0.05304893009105077,2.762750311837913
Egypt,E069_14,0,2.7633459716802338,0.234,,3.8504848503828923,2.762750311837913
Egypt,E069_15,0,1.7463019958540609,0.234,,1.9902251552941144,2.762750311837913
Egypt,E069_40,1,1.2550963489022662,0.234,,1.0917683640996618,2.762750311837913
Egypt,E069_41,1,2.38568780054325,0.234,,3.1597160232863284,2.762750311837913
Egypt,E069_54,0,1.682490063993735,0.234,,1.8735077195420495,2.762750311837913
Egypt,E114,1,1.54489824483503,0.234,,1.6218406120829425,2.762750311837913
Egypt,E115,1,0.5933880082651115,0.234,,-0.11855231548692169,2.762750311837913
Egypt,E117,1,1.23327469527503,0.234,,1.0518547087535794,2.762750311837913
Egypt,E117B,1,0.09888220484302707,0.234,,-1.0230453727771243,2.762750311837913
Egypt,E124,1,0.046014927687865276,0.234,,-1.119744106773307,2.762750311837913
Egypt,E224,1,0.3708234335471469,0.234,,-0.5256418000552542,2.762750311837913
Egypt,E225,1,0.02228817771480901,0.234,,-1.1631423449217317,2.762750311837913
Egypt,E226,1,1.5552691406444963,0.234,,1.6408098601536993,2.762750311837913
Egypt,E227,1,1.1302413766053858,0.234,,0.8633980298605362,2.762750311837913
Egypt,E229,1,0.06359799497719008,0.234,,-1.0875831853462916,2.762750311837913
Egypt,E233,1,1.2269007670583563,0.234,,1.040196253423528,2.762750311837913
Egypt,E233A,1,1.1734730969601144,0.234,,0.9424725132032268,2.762750311837913
Egypt,E233B,1,0.7215364377761981,0.234,,0.11584203134036224,2.762750311837913
Egypt,E235,1,1.0162002743995748,0.234,,0.6548071812252665,2.762750311837913
Egypt,E236,1,0.8161019122164328,0.234,,0.28881030491497817,2.762750311837913
Egypt,E248B,0,0.507648449278136,0.234,,-0.2753772411039215,2.762750311837913
Egypt,E254B,0,0.7696914178733565,0.234,,0.20392157433138877,2.762750311837913
Egypt,E258B,1,0.15550236332951006,0.234,,-0.9194823005152958,2.762750311837913
Egypt,E259B,0,0.7315660509274601,0.234,,0.13418704448246238,2.762750311837913
Egypt,E260B,0,1.469288824069573,0.234,,1.4835445684878446,2.762750311837913
Egypt,E261B,0,0.9727864556688834,0.234,,0.5753996245077794,2.762750311837913
Egypt,E262B,0,0.24581418384152512,0.234,,-0.7542943207604188,2.762750311837913
Egypt,E268,1,0.26943945195969576,0.234,,-0.7110817015320342,2.762750311837913
Egypt,E277,1,0.1715873424085098,0.234,,-0.89006150948932,2.762750311837913
Egypt,E286,0,0.06251739216156227,0.234,,-1.0895596995502903,2.762750311837913
Egypt,E287,0,0.5453971827212216,0.234,,-0.2063316058768131,2.762750311837913
Egypt,E289,0,0.16667736499604438,0.234,,-0.8990422746295748,2.762750311837913
Egypt,F028,1,0.9670203479918463,0.234,,0.5648529244986468,2.762750311837913
Egypt,F028B,1,1.650850455739685,0.234,,1.815636192447466,2.762750311837913
Egypt,F114A,1,0.6826839424255927,0.234,,0.04477752196588428,2.762750311837913
Egypt,F114B,1,0.5183807786965813,0.234,,-0.2557469003063849,2.762750311837913
Egypt,F114C,1,0.4085062381089745,0.234,,-0.4567167543439009,2.762750311837913
Egypt,F114D,1,0.2445891123649817,0.234,,-0.7565350803987277,2.762750311837913
Egypt,F116,1,0.03743055591816004,0.234,,-1.1354456508465298,2.762750311837913
Egypt,F117,1,1.023938911857396,0.234,,0.6689618055088378,2.762750311837913
Egypt,F120,1,0.4899789439280179,0.234,,-0.30769626507560294,2.762750311837913
Egypt,F121,1,0.6477104310637918,0.234,,-0.019191996686677256,2.762750311837913
Egypt,F122,1,0.21624487045201807,0.234,,-0.8083791029501618,2.762750311837913
Egypt,F123,1,0.24248218807930874,0.234,,-0.7603888236216373,2.762750311837913
Egypt,F144_02,1,1.413646885023433,0.234,,1.3817707425526997,2.762750311837913
Egypt,F202,1,1.4764868951799575,0.234,,1.496710451072375,2.762750311837913
Egypt,F206,0,0.160198165179911,0.234,,-0.9108932806439297,2.762750311837913
Egypt,G007_18_B,1,0.2514240862183492,0.234,,-0.7440333334943457,2.762750311837913
Egypt,G007_33_B,1,0.8129179675619211,0.234,,0.28298660008710186,2.762750311837913
Egypt,G007_34_B,1,0.6324514082743441,0.234,,-0.04710204360337242,2.762750311837913
Egypt,G007_35_B,1,1.1789181590510744,0.234,,0.9524319936050851,2.762750311837913
Egypt,G007_36_B,1,0.880852251183789,0.234,,0.4072441668593077,2.762750311837913
Egypt,G052,1,0.49383348153260076,0.234,,-0.30064598886391325,2.762750311837913
Egypt,G058,1,0.07783979217517101,0.234,,-1.061533730315096,2.762750311837913
Egypt,G062,0,1.8183667055847126,0.234,,2.122037621752414,2.762750311837913
Egypt,G063,1,0.7686526742535478,0.234,,0.20202162414694264,2.762750311837913
Egypt,H001,0,0.4174498028706136,0.234,,-0.4403582158225174,2.762750311837913
Egypt,H006_01,1,0.45595299732802175,0.234,,-0.369932607408586,2.762750311837913
Egypt,H006_02,1,0.4799068196380376,0.234,,-0.32611903469611475,2.762750311837913
Egypt,H008_01,1,0.38204716986006027,0.234,,-0.5051126343677466,2.762750311837913
Egypt,H008_02,1,0.5273913588493484,0.234,,-0.2392657849505388,2.762750311837913
Egypt,H008_03,1,0.49513663926029616,0.234,,-0.2982624028491532,2.762750311837913
Egypt,H008_04,1,0.16188752271421028,0.234,,-0.9078033024263226,2.762750311837913
Egypt,H008_07,1,0.6159353619483251,0.234,,-0.07731129318626696,2.762750311837913
Egypt,H008_08,1,0.5945087661699001,0.234,,-0.11650235421898658,2.762750311837913
Egypt,H008_09,0,0.16354404143455029,0.234,,-0.9047733891847587,2.762750311837913
Ethiopia,A001,1,0.371916688628681,0.13,6.732980374439953,-0.523642143783777,0.48780151982569614
Ethiopia,A002,1,1.1861403494431844,0.13,6.732980374439953,0.9656419924016325,0.48780151982569614
Ethiopia,A003,0,0.37595058026386297,0.13,6.732980374439953,-0.5162638138377302,0.48780151982569614
Ethiopia,A004,1,0.5490684357165821,0.13,6.732980374439953,-0.199616572761165,0.48780151982569614
Ethiopia,A005,0,0.7905277178438915,0.13,6.732980374439953,0.24203293426396127,0.48780151982569614
Ethiopia,A006,1,0.4880225372105485,0.13,6.732980374439953,-0.31127469889971837,0.48780151982569614
Ethiopia,A008,1,0.5610670642700236,0.13,6.732980374439953,-0.17767006344117528,0.48780151982569614
Ethiopia,A009,1,2.1475120329569592,0.13,6.732980374439953,2.724072342856786,0.48780151982569614
Ethiopia,A062,1,0.11508371755311564,0.13,6.732980374439953,-0.9934114318557755,0.48780151982569614
Ethiopia,A165,1,0.5456792786287221,0.13,6.732980374439953,-0.20581562853527643,0.48780151982569614
Ethiopia,A170,1,1.8793325962548553,0.13,6.732980374439953,2.233549406773044,0.48780151982569614
Ethiopia,A173,1,0.06394629648623854,0.13,6.732980374439953,-1.0869461123441186,0.48780151982569614
Ethiopia,B008,1,0.6846234929417913,0.13,6.732980374439953,0.0483251243681716,0.48780151982569614
Ethiopia,C001_01,1,0.4345832443718548,0.13,6.732980374439953,-0.4090196980981198,0.48780151982569614
Ethiopia,C002_01,1,0.9295536867256409,0.13,6.732980374439953,0.4963232232077576,0.48780151982569614
Ethiopia,C006,1,0.09301825100981097,0.13,6.732980374439953,-1.0337710417049912,0.48780151982569614
Ethiopia,C038,1,0.23847231517836248,0.13,6.732980374439953,-0.7677232212655539,0.48780151982569614
Ethiopia,C039,1,1.247498251712685,0.13,6.732980374439953,1.0778707998869999,0.48780151982569614
Ethiopia,C041,1,2.222006740487839,0.13,6.732980374439953,2.8603294813984603,0.48780151982569614
Ethiopia,D001_B,1,0.35113734040019917,0.13,6.732980374439953,-0.56164933414962,0.48780151982569614
Ethiopia,D026_03,1,0.2061083239326176,0.13,6.732980374439953,-0.8269197062924267,0.48780151982569614
Ethiopia,D026_05,1,0.6568613910685693,0.13,6.732980374439953,-0.0024541146748117354,0.48780151982569614
Ethiopia,D054,1,0.4742305246656907,0.13,6.732980374439953,-0.33650145965066436,0.48780151982569614
Ethiopia,D057,1,0.13747267881193892,0.13,6.732980374439953,-0.9524601227338074,0.48780151982569614
Ethiopia,D059,1,0.6818924305860343,0.13,6.732980374439953,0.04332977967714012,0.48780151982569614
Ethiopia,D060,0,0.5410718073495306,0.13,6.732980374439953,-0.21424308429990696,0.48780151982569614
Ethiopia,D061,1,0.7442684567853948,0.13,6.732980374439953,0.15742082218512307,0.48780151982569614
Ethiopia,D066_01,0,0.5468935347557836,0.13,6.732980374439953,-0.20359465108850264,0.48780151982569614
Ethiopia,D078,1,0.4788764936994227,0.13,6.732980374439953,-0.3280035882276893,0.48780151982569614
Ethiopia,E015,1,0.034611227107294404,0.13,6.732980374439953,-1.1406024423705106,0.48780151982569614
Ethiopia,E016,1,0.5467939942353286,0.13,6.732980374439953,-0.2037767191432101,0.48780151982569614
Ethiopia,E018,1,0.949707916723312,0.13,6.732980374439953,0.5331870193083745,0.48780151982569614
Ethiopia,E023,1,0.22450306495098174,0.13,6.732980374439953,-0.7932741647707221,0.48780151982569614
Ethiopia,E025,1,0.2727889479982299,0.13,6.732980374439953,-0.7049551891810978,0.48780151982569614
Ethiopia,E026,0,0.6673023067723787,0.13,6.732980374439953,0.01664320572162275,0.48780151982569614
Ethiopia,E027,1,0.9881705882630069,0.13,6.732980374439953,0.6035385078687489,0.48780151982569614
Ethiopia,E028,0,0.9613576086476294,0.13,6.732980374439953,0.5544952939377037,0.48780151982569614
Ethiopia,E034,1,0.7896216095169564,0.13,6.732980374439953,0.24037558527999767,0.48780151982569614
Ethiopia,E035,1,0.7021954550048866,0.13,6.732980374439953,0.08046573339449373,0.48780151982569614
Ethiopia,E036,1,0.02112732528688434,0.13,6.732980374439953,-1.165265642473207,0.48780151982569614
Ethiopia,E037,1,0.06853330271315214,0.13,6.732980374439953,-1.0785560888959025,0.48780151982569614
Ethiopia,E039,0,1.3829264174329445,0.13,6.732980374439953,1.3255804016911417,0.48780151982569614
Ethiopia,E040,0,1.0191784992506239,0.13,6.732980374439953,0.6602546070839348,0.48780151982569614
Ethiopia,E069_01,1,0.06135519275759024,0.13,6.732980374439953,-1.0916854608352033,0.48780151982569614
Ethiopia,E069_04,1,0.635472024899731,0.13,6.732980374439953,-0.041577079593868575,0.48780151982569614
Ethiopia,E069_05,1,0.7437210358153951,0.13,6.732980374439953,0.15641954280002113,0.48780151982569614
Ethiopia,E069_07,1,0.650868351531706,0.13,6.732980374439953,-0.01341589230339865,0.48780151982569614
Ethiopia,E069_08,1,0.3916865436130301,0.13,6.732980374439953,-0.48748140218432,0.48780151982569614
Ethiopia,E069_10,1,0.69344723295312,0.13,6.732980374439953,0.06446449325798116,0.48780151982569614
Ethiopia,E069_12,1,0.4872662925737269,0.13,6.732980374439953,-0.3126579344833749,0.48780151982569614
Ethiopia,E069_13,1,0.1039984037449174,0.13,6.732980374439953,-1.0136874110414846,0.48780151982569614
Ethiopia,E069_14,1,0.8747377490445031,0.13,6.732980374439953,0.3960602238287148,0.48780151982569614
Ethiopia,E069_15,1,0.21956343893837704,0.13,6.732980374439953,-0.8023091597153568,0.48780151982569614
Ethiopia,E069_40,1,0.10213137206331732,0.13,6.732980374439953,-1.0171023703444126,0.48780151982569614
Ethiopia,E069_41,1,3.0728751762625395,0.13,6.732980374439953,4.416640019110586,0.48780151982569614
Ethiopia,E069_54,1,1.1242033676297396,0.13,6.732980374439953,0.8523539993142123,0.48780151982569614
Ethiopia,E114,1,0.2718728597009761,0.13,6.732980374439953,-0.706630792377252,0.48780151982569614
Ethiopia,E115,1,0.001651734484721717,0.13,6.732980374439953,-1.200888149924642,0.48780151982569614
Ethiopia,E117,1,0.4872437790606551,0.13,6.732980374439953,-0.31269911360832703,0.48780151982569614
Ethiopia,E117B,1,0.426001141889685,0.13,6.732980374439953,-0.42471709145196473,0.48780151982569614
Ethiopia,E124,1,0.3183807615577274,0.13,6.732980374439953,-0.6215638951892725,0.48780151982569614
Ethiopia,E224,1,0.08287130098331573,0.13,6.732980374439953,-1.0523306739441338,0.48780151982569614
Ethiopia,E225,1,0.699329715912624,0.13,6.732980374439953,0.07522405352942624,0.48780151982569614
Ethiopia,E226,1,0.37926368665851323,0.13,6.732980374439953,-0.5102038612319422,0.48780151982569614
Ethiopia,E227,1,0.09368021485572425,0.13,6.732980374439953,-1.0325602536845835,0.48780151982569614
Ethiopia,E229,1,0.05040412372828918,0.13,6.732980374439953,-1.11171589493398,0.48780151982569614
Ethiopia,E233,0,0.46792176083037534,0.13,6.732980374439953,-0.3480407238001201,0.48780151982569614
Ethiopia,E233A,1,0.3958121975512078,0.13,6.732980374439953,-0.4799352312030291,0.48780151982569614
Ethiopia,E233B,0,1.1257981209091141,0.13,6.732980374439953,0.8552709383254494,0.48780151982569614
Ethiopia,E235,0,0.6138736112276588,0.13,6.732980374439953,-0.08108241012726268,0.48780151982569614
Ethiopia,E236,1,0.49898496592375047,0.13,6.732980374439953,-0.29122348697558526,0.48780151982569614
Ethiopia,E248B,0,1.2586698676006873,0.13,6.732980374439953,1.0983046328966122,0.48780151982569614
Ethiopia,E254B,1,0.1550728695570281,0.13,6.732980374439953,-0.9202678810538273,0.48780151982569614
Ethiopia,E258B,1,1.048035367104357,0.13,6.732980374439953,0.7130362659607753,0.48780151982569614
Ethiopia,E259B,1,1.318010479382263,0.13,6.732980374439953,1.2068436449776812,0.48780151982569614
Ethiopia,E260B,1,0.9136433659308455,0.13,6.732980374439953,0.4672218969977007,0.48780151982569614
Ethiopia,E261B,0,0.024094261084284394,0.13,6.732980374439953,-1.159838865251174,0.48780151982569614
Ethiopia,E262B,0,1.195411385662931,0.13,6.732980374439953,0.9825995039952614,0.48780151982569614
Ethiopia,E268,1,0.5953517788860381,0.13,6.732980374439953,-0.1149604124587939,0.48780151982569614
Ethiopia,E277,1,0.3204645950641748,0.13,6.732980374439953,-0.6177523869600726,0.48780151982569614
Ethiopia,E286,0,0.42215413721198475,0.13,6.732980374439953,-0.4317535893014608,0.48780151982569614
Ethiopia,E287,1,0.20241884743729477,0.13,6.732980374439953,-0.8336680717351808,0.48780151982569614
Ethiopia,E289,0,0.9518265424387959,0.13,6.732980374439953,0.5370621654388964,0.48780151982569614
Ethiopia,F028,1,2.6537897956470773,0.13,6.732980374439953,3.6500973121184064,0.48780151982569614
Ethiopia,F028B,1,0.20583388288090065,0.13,6.732980374439953,-0.8274216822534682,0.48780151982569614
Ethiopia,F114A,0,1.5034356189816835,0.13,6.732980374439953,1.5460019526337576,0.48780151982569614
Ethiopia,F114B,1,0.9426621654887385,0.13,6.732980374439953,0.5202997426961199,0.48780151982569614
Ethiopia,F114C,1,0.39674683019178414,0.13,6.732980374439953,-0.4782257088300499,0.48780151982569614
Ethiopia,F114D,1,0.7691038638456065,0.13,6.732980374439953,0.202846888179669,0.48780151982569614
Ethiopia,F116,0,0.18200443004641098,0.13,6.732980374439953,-0.8710077726464727,0.48780151982569614
Ethiopia,F117,0,0.42970134056142295,0.13,6.732980374439953,-0.41794911423911746,0.48780151982569614
Ethiopia,F120,0,0.011381604849134223,0.13,6.732980374439953,-1.183091391763175,0.48780151982569614
Ethiopia,F121,0,0.9164052607990162,0.13,6.732980374439953,0.4722736369690789,0.48780151982569614
Ethiopia,F122,1,0.20577149301277117,0.13,6.732980374439953,-0.8275357986140404,0.48780151982569614
Ethiopia,F123,1,0.5065987526955723,0.13,6.732980374439953,-0.27729722518625133,0.48780151982569614
Ethiopia,F144_02,0,1.331497930193754,0.13,6.732980374439953,1.231513336486082,0.48780151982569614
Ethiopia,F202,1,1.9102684934792822,0.13,6.732980374439953,2.290133786707316,0.48780151982569614
Ethiopia,F206,1,0.20327518298837707,0.13,6.732980374439953,-0.8321017613798629,0.48780151982569614
Ethiopia,G007_18_B,1,0.9632509877477212,0.13,6.732980374439953,0.5579584449037798,0.48780151982569614
Ethiopia,G007_33_B,1,2.0590169461730365,0.13,6.732980374439953,2.562207323181716,0.48780151982569614
Ethiopia,G007_34_B,1,2.2169729139587937,0.13,6.732980374439953,2.8511221857193876,0.48780151982569614
Ethiopia,G007_35_B,1,0.6591029515735265,0.13,6.732980374439953,0.0016458896126993786,0.48780151982569614
Ethiopia,G007_36_B,1,1.154989624009086,0.13,6.732980374439953,0.9086646734506433,0.48780151982569614
Ethiopia,G052,1,0.5530181317859968,0.13,6.732980374439953,-0.19239224364617855,0.48780151982569614
Ethiopia,G058,1,0.6871400644447535,0.13,6.732980374439953,0.05292814709682674,0.48780151982569614
Ethiopia,G062,1,0.6186313470284581,0.13,6.732980374439953,-0.07238010780752448,0.48780151982569614
Ethiopia,G063,1,0.47410308578629756,0.13,6.732980374439953,-0.33673455617014353,0.48780151982569614
Ethiopia,H001,1,1.017722219264592,0.13,6.732980374439953,0.6575909474712038,0.48780151982569614
Ethiopia,H006_01,1,0.48929052087901515,0.13,6.732980374439953,-0.30895544922266954,0.48780151982569614
Ethiopia,H006_02,1,0.9268419112260124,0.13,6.732980374439953,0.49136315581245144,0.48780151982569614
Ethiopia,H008_01,0,0.4029272303272471,0.13,6.732980374439953,-0.4669212327751345,0.48780151982569614
Ethiopia,H008_02,0,1.5287330927060767,0.13,6.732980374439953,1.5922731777485104,0.48780151982569614
Ethiopia,H008_03,0,1.003833929887745,0.13,6.732980374439953,0.6321880882285728,0.48780151982569614
Ethiopia,H008_04,0,0.29970128534489865,0.13,6.732980374439953,-0.6557302415322294,0.48780151982569614
Ethiopia,H008_07,1,0.0730492133409313,0.13,6.732980374439953,-1.0702961053286664,0.48780151982569614
Ethiopia,H008_08,1,0.7177561499361899,0.13,6.732980374439953,0.1089275642457717,0.48780151982569614
Ethiopia,H008_09,0,0.3465955019964311,0.13,6.732980374439953,-0.5699567418182734,0.48780151982569614
Germany,A001,1,0.5042709679698271,0.08,10.767903494671287,-0.28155494088692157,-0.6059238609494081
Germany,A002,1,1.0033191910157728,0.08,10.767903494671287,0.6312465871727826,-0.6059238609494081
Germany,A003,1,0.45919441517382786,0.08,10.767903494671287,-0.36400377923908983,-0.6059238609494081
Germany,A004,1,0.21140136415928593,0.08,10.767903494671287,-0.8172382867744987,-0.6059238609494081
Germany,A005,1,0.9537208146182752,0.08,10.767903494671287,0.540526949922921,-0.6059238609494081
Germany,A006,1,0.07114148147736776,0.08,10.767903494671287,-1.0737855087165002,-0.6059238609494081
Germany,A008,1,0.46951279334810947,0.08,10.767903494671287,-0.3451305903775096,-0.6059238609494081
Germany,A009,1,0.8427113919592654,0.08,10.767903494671287,0.3374813003187532,-0.6059238609494081
Germany,A062,1,0.013647132822325174,0.08,10.767903494671287,-1.1789475489433994,-0.6059238609494081
Germany,A165,1,0.23815706706622689,0.08,10.767903494671287,-0.768299836801261,-0.6059238609494081
Germany,A170,1,0.8928379011206099,0.08,10.767903494671287,0.42916693718868243,-0.6059238609494081
Germany,A173,1,0.8072864454821022,0.08,10.767903494671287,0.27268606855051836,-0.6059238609494081
Germany,B008,1,0.44172006293723304,0.08,10.767903494671287,-0.3959658516137043,-0.6059238609494081
Germany,C001_01,1,0.3304258089969889,0.08,10.767903494671287,-0.599532481789976,-0.6059238609494081
Germany,C002_01,1,2.3368827594389012,0.08,10.767903494671287,3.07044746357649,-0.6059238609494081
Germany,C006,1,0.8511917572083751,0.08,10.767903494671287,0.3529926076442161,-0.6059238609494081
Germany,C038,1,0.2630835011299506,0.08,10.767903494671287,-0.722707274696593,-0.6059238609494081
Germany,C039,1,1.2923579327944952,0.08,10.767903494671287,1.1599229614793625,-0.6059238609494081
Germany,C041,1,0.2583044035256006,0.08,10.767903494671287,-0.7314486495668839,-0.6059238609494081
Germany,D001_B,1,0.24778221016296623,0.08,10.767903494671287,-0.7506946336950913,-0.6059238609494081
Germany,D026_03,1,0.3364719006659418,0.08,10.767903494671287,-0.588473667312039,-0.6059238609494081
Germany,D026_05,1,0.16123516066012497,0.08,10.767903494671287,-0.9089965279550755,-0.6059238609494081
Germany,D054,1,0.9439648530655402,0.08,10.767903494671287,0.5226824687650183,-0.6059238609494081
Germany,D057,1,0.344933311870479,0.08,10.767903494671287,-0.5729970285417373,-0.6059238609494081
Germany,D059,1,0.8079295372704876,0.08,10.767903494671287,0.2738623379770238,-0.6059238609494081
Germany,D060,1,0.11840199241438093,0.08,10.767903494671287,-0.9873420256861712,-0.6059238609494081
Germany,D061,1,0.7174197383448125,0.08,10.767903494671287,0.10831223891149445,-0.6059238609494081
Germany,D066_01,0,0.46074597084614527,0.08,10.767903494671287,-0.36116585231508064,-0.6059238609494081
Germany,D078,1,0.11974709013250037,0.08,10.767903494671287,-0.9848817278716733,-0.6059238609494081
Germany,E015,1,0.0322961363622084,0.08,10.767903494671287,-1.144836939703881,-0.6059238609494081
Germany,E016,1,0.12096160532851874,0.08,10.767903494671287,-0.9826602765658038,-0.6059238609494081
Germany,E018,1,0.3788221049683166,0.08,10.767903494671287,-0.511011551597243,-0.6059238609494081
Germany,E023,1,0.9580082108382036,0.08,10.767903494671287,0.548368961256138,-0.6059238609494081
Germany,E025,1,0.6466730515649174,0.08,10.767903494671287,-0.021089451778232956,-0.6059238609494081
Germany,E026,1,0.7486251010606544,0.08,10.767903494671287,0.1653894940849996,-0.6059238609494081
Germany,E027,1,0.8319966376108893,0.08,10.767903494671287,0.31788310581504964,-0.6059238609494081
Germany,E028,1,2.134687704140702,0.08,10.767903494671287,2.7006155577221325,-0.6059238609494081
Germany,E034,1,0.11477138556156023,0.08,10.767903494671287,-0.993982713559603,-0.6059238609494081
Germany,E035,1,0.14022746790799026,0.08,10.767903494671287,-0.9474213798223307,-0.6059238609494081
Germany,E036,1,0.440514554399316,0.08,10.767903494671287,-0.39817082897798267,-0.6059238609494081
Germany,E037,1,0.47628782591108704,0.08,10.767903494671287,-0.3327384811773315,-0.6059238609494081
Germany,E039,1,0.5093744309426655,0.08,10.767903494671287,-0.2722202742457497,-0.6059238609494081
Germany,E040,1,1.5367859841725164,0.08,10.767903494671287,1.6070025992681385,-0.6059238609494081
Germany,E069_01,1,0.20292479555088824,0.08,10.767903494671287,-0.8327426497220769,-0.6059238609494081
Germany,E069_04,1,1.2178154207683125,0.08,10.767903494671287,1.0235783844611133,-0.6059238609494081
Germany,E069_05,1,0.880360958267249,0.08,10.767903494671287,0.40634555044463455,-0.6059238609494081
Germany,E069_07,1,0.16341057639151832,0.08,10.767903494671287,-0.9050175080686583,-0.6059238609494081
Germany,E069_08,1,1.3367127380793846,0.08,10.767903494671287,1.2410516624167671,-0.6059238609494081
Germany,E069_10,1,0.510261593323651,0.08,10.767903494671287,-0.2705975790038792,-0.6059238609494081
Germany,E069_12,1,0.46543504119245865,0.08,10.767903494671287,-0.3525891449356412,-0.6059238609494081
Germany,E069_13,1,0.9371834358391028,0.08,10.767903494671287,0.5102786814738399,-0.6059238609494081
Germany,E069_14,1,0.11315167108164578,0.08,10.767903494671287,-0.9969453087237784,-0.6059238609494081
Germany,E069_15,1,0.41390961675927335,0.08,10.767903494671287,-0.4468335164905044,-0.6059238609494081
Germany,E069_40,1,0.4282181213217852,0.08,10.767903494671287,-0.4206620480316184,-0.6059238609494081
Germany,E069_41,1,0.6553808328475876,0.08,10.767903494671287,-0.005162181238489345,-0.6059238609494081
Germany,E069_54,1,0.4731182705350506,0.08,10.767903494671287,-0.3385358667944115,-0.6059238609494081
Germany,E114,1,0.33780304503133,0.08,10.767903494671287,-0.5860388913631773,-0.6059238609494081
Germany,E115,1,0.5296200514198834,0.08,10.767903494671287,-0.23518931720651398,-0.6059238609494081
Germany,E117,1,0.5643490462685081,0.08,10.767903494671287,-0.1716670399958733,-0.6059238609494081
Germany,E117B,1,0.5363509222020365,0.08,10.767903494671287,-0.2228779836491634,-0.6059238609494081
Germany,E124,1,2.065255046891882,0.08,10.767903494671287,2.5736173384976673,-0.6059238609494081
Germany,E224,1,0.8829576750034484,0.08,10.767903494671287,0.41109516560261244,-0.6059238609494081
Germany,E225,1,1.1835106169106047,0.08,10.767903494671287,0.9608319885517519,-0.6059238609494081
Germany,E226,1,0.17602657396690993,0.08,10.767903494671287,-0.8819417784437185,-0.6059238609494081
Germany,E227,1,1.11956945637891,0.08,10.767903494671287,0.8438781825988788,-0.6059238609494081
Germany,E229,1,0.24489427508317752,0.08,10.767903494671287,-0.7559769119039562,-0.6059238609494081
Germany,E233,1,0.6826640072230571,0.08,10.767903494671287,0.044741058789589144,-0.6059238609494081
Germany,E233A,1,0.5198285770111701,0.08,10.767903494671287,-0.25309875439011886,-0.6059238609494081
Germany,E233B,1,2.7757659407691113,0.08,10.767903494671287,3.873202027279318,-0.6059238609494081
Germany,E235,1,0.9665391525918852,0.08,10.767903494671287,0.563972777298244,-0.6059238609494081
Germany,E236,1,0.7343530373929589,0.08,10.767903494671287,0.13928467911356457,-0.6059238609494081
Germany,E248B,1,0.17971839604824447,0.08,10.767903494671287,-0.8751891227252019,-0.6059238609494081
Germany,E254B,1,0.14568476100721814,0.08,10.767903494671287,-0.9374395278689448,-0.6059238609494081
Germany,E258B,1,0.20644406792208309,0.08,10.767903494671287,-0.8263056020586707,-0.6059238609494081
Germany,E259B,1,0.8828014711737746,0.08,10.767903494671287,0.4108094555492939,-0.6059238609494081
Germany,E260B,1,0.8664209222360151,0.08,10.767903494671287,0.380848042182099,-0.6059238609494081
Germany,E261B,1,0.04991906517302736,0.08,10.767903494671287,-1.1126031081730914,-0.6059238609494081
Germany,E262B,1,0.30422304276717643,0.08,10.767903494671287,-0.6474595636819438,-0.6059238609494081
Germany,E268,0,2.4829415183216335,0.08,10.767903494671287,3.337601321936962,-0.6059238609494081
Germany,E277,1,0.049375888063782195,0.08,10.767903494671287,-1.1135966251769187,-0.6059238609494081
Germany,E286,1,1.4578283395168574,0.08,10.767903494671287,1.4625823701893041,-0.6059238609494081
Germany,E287,1,0.5497999532289798,0.08,10.767903494671287,-0.19827856518537706,-0.6059238609494081
Germany,E289,1,0.8985381772676145,0.08,10.767903494671287,0.43959322574570847,-0.6059238609494081
Germany,F028,1,0.050218788262816214,0.08,10.767903494671287,-1.1120548892200528,-0.6059238609494081
Germany,F028B,1,0.5429633404564472,0.08,10.767903494671287,-0.21078330981192123,-0.6059238609494081
Germany,F114A,1,0.45664798160427067,0.08,10.767903494671287,-0.36866142222037807,-0.6059238609494081
Germany,F114B,1,2.008483527459809,0.08,10.767903494671287,2.4697774142282722,-0.6059238609494081
Germany,F114C,1,1.1189927717775547,0.08,10.767903494671287,0.8428233775499544,-0.6059238609494081
Germany,F114D,1,0.5257855320871058,0.08,10.767903494671287,-0.24220297830116874,-0.6059238609494081
Germany,F116,1,0.500877982430891,0.08,10.767903494671287,-0.2877609992227714,-0.6059238609494081
Germany,F117,1,0.6715172784484561,0.08,10.767903494671287,0.024352746421254953,-0.6059238609494081
Germany,F120,0,1.1653925583199274,0.08,10.767903494671287,0.9276925226578461,-0.6059238609494081
Germany,F121,1,0.2553031835203619,0.08,10.767903494671287,-0.7369381355129605,-0.6059238609494081
Germany,F122,1,1.465494237214303,0.08,10.767903494671287,1.476603947281531,-0.6059238609494081
Germany,F123,0,0.34842514557907395,0.08,10.767903494671287,-0.5666101685195097,-0.6059238609494081
Germany,F144_02,1,1.0730643740954973,0.08,10.767903494671287,0.7588164426496851,-0.6059238609494081
Germany,F202,1,0.2841744259385891,0.08,10.767903494671287,-0.6841301843384432,-0.6059238609494081
Germany,F206,1,0.0403060228466781,0.08,10.767903494671287,-1.1301861779438587,-0.6059238609494081
Germany,G007_18_B,1,0.9865482785222863,0.08,10.767903494671287,0.600571165752435,-0.6059238609494081
Germany,G007_33_B,1,0.48435460493793475,0.08,10.767903494671287,-0.3179836581318066,-0.6059238609494081
Germany,G007_34_B,1,0.6008377514178482,0.08,10.767903494671287,-0.1049261033906924,-0.6059238609494081
Germany,G007_35_B,1,0.15279746621197113,0.08,10.767903494671287,-0.924429786766352,-0.6059238609494081
Germany,G007_36_B,1,0.662390542149579,0.08,10.767903494671287,0.007659171622079787,-0.6059238609494081
Germany,G052,1,2.338594686026205,0.08,10.767903494671287,3.073578722506296,-0.6059238609494081
Germany,G058,1,1.247705428679568,0.08,10.767903494671287,1.078249744131697,-0.6059238609494081
Germany,G062,1,1.6578130176330093,0.08,10.767903494671287,1.8283713086986495,-0.6059238609494081
Germany,G063,1,0.365482707936266,0.08,10.767903494671287,-0.5354104401854702,-0.6059238609494081
Germany,H001,1,0.22728883998806204,0.08,10.767903494671287,-0.7881787459449479,-0.6059238609494081
Germany,H006_01,1,0.8687039532889775,0.08,10.767903494671287,0.38502389961934713,-0.6059238609494081
Germany,H006_02,1,1.2001483764109666,0.08,10.767903494671287,0.9912638618539479,-0.6059238609494081
Germany,H008_01,1,0.1722678342182033,0.08,10.767903494671287,-0.8888168322516593,-0.6059238609494081
Germany,H008_02,1,0.12985838029633465,0.08,10.767903494671287,-0.9663873205459242,-0.6059238609494081
Germany,H008_03,1,1.045853438207142,0.08,10.767903494671287,0.7090453329416389,-0.6059238609494081
Germany,H008_04,1,0.9252628459130098,0.08,10.767903494671287,0.4884749114223252,-0.6059238609494081
Germany,H008_07,1,0.06327067508675792,0.08,10.767903494671287,-1.0881818811884032,-0.6059238609494081
Germany,H008_08,1,0.059121346870705964,0.08,10.767903494671287,-1.0957713544319234,-0.6059238609494081
Germany,H008_09,1,0.3609071873090505,0.08,10.767903494671287,-0.5437794554976568,-0.6059238609494081
Guatemala,A001,1,1.385663691246667,0.134,8.443227547594896,1.330587107665634,0.5752995502877045
Guatemala,A002,1,0.38540403998515554,0.134,8.443227547594896,-0.49897263418703686,0.5752995502877045
Guatemala,A003,1,0.29378146695666796,0.134,8.443227547594896,-0.6665580914695197,0.5752995502877045
Guatemala,A004,0,1.1126964045729777,0.134,8.443227547594896,0.8313067878895725,0.5752995502877045
Guatemala,A005,1,0.17505283172628372,0.134,8.443227547594896,-0.8837228355923741,0.5752995502877045
Guatemala,A006,1,0.13153989724447185,0.134,8.443227547594896,-0.963311683425428,0.5752995502877045
Guatemala,A008,1,1.047385450286507,0.134,8.443227547594896,0.711847512976496,0.5752995502877045
Guatemala,A009,1,0.8776722721336137,0.134,8.443227547594896,0.4014277154581159,0.5752995502877045
Guatemala,A062,1,0.6118969480831017,0.134,8.443227547594896,-0.08469789467462462,0.5752995502877045
Guatemala,A165,1,0.35743595212377705,0.134,8.443227547594896,-0.5501286390736106,0.5752995502877045
Guatemala,A170,1,0.7536855390342327,0.134,8.443227547594896,0.1746454643532444,0.5752995502877045
Guatemala,A173,1,0.46244346502656825,0.134,8.443227547594896,-0.3580609914815818,0.5752995502877045
Guatemala,B008,1,0.8487422151694455,0.134,8.443227547594896,0.3485121874905597,0.5752995502877045
Guatemala,C001_01,0,0.39031807357940396,0.134,8.443227547594896,-0.4899844499462652,0.5752995502877045
Guatemala,C002_01,1,0.010949143120826635,0.134,8.443227547594896,-1.1838824009446467,0.5752995502877045
Guatemala,C006,1,0.9362763020914109,0.134,8.443227547594896,0.5086194569083384,0.5752995502877045
Guatemala,C038,1,0.35262196550357366,0.134,8.443227547594896,-0.5589338289131025,0.5752995502877045
Guatemala,C039,1,0.38831305029494656,0.134,8.443227547594896,-0.49365180759494576,0.5752995502877045
Guatemala,C041,1,0.14736365124289136,0.134,8.443227547594896,-0.9343686952283364,0.5752995502877045
Guatemala,D001_B,1,0.07044381205585912,0.134,8.443227547594896,-1.0750616052631359,0.5752995502877045
Guatemala,D026_03,0,1.9247939840013926,0.134,8.443227547594896,2.316702140890552,0.5752995502877045
Guatemala,D026_05,1,0.22713844633301614,0.134,8.443227547594896,-0.7884538286960665,0.5752995502877045
Guatemala,D054,1,0.36936521151308593,0.134,8.443227547594896,-0.5283090118385504,0.5752995502877045
Guatemala,D057,1,0.4361071450864532,0.134,8.443227547594896,-0.4062323544374078,0.5752995502877045
Guatemala,D059,0,0.9736962782715749,0.134,8.443227547594896,0.5770637672171374,0.5752995502877045
Guatemala,D060,1,0.31309453015407335,0.134,8.443227547594896,-0.6312328607923988,0.5752995502877045
Guatemala,D061,1,1.150635302295298,0.134,8.443227547594896,0.9007002497126926,0.5752995502877045
Guatemala,D066_01,1,1.0967469988068097,0.134,8.443227547594896,0.8021339719517787,0.5752995502877045
Guatemala,D078,0,0.26899334773591027,0.134,8.443227547594896,-0.7118976639948598,0.5752995502877045
Guatemala,E015,1,0.3792694028656693,0.134,8.443227547594896,-0.5101934058042185,0.5752995502877045
Guatemala,E016,1,0.2816980717835506,0.134,8.443227547594896,-0.688659646126604,0.5752995502877045
Guatemala,E018,1,0.2934618071924659,0.134,8.443227547594896,-0.6671427762910423,0.5752995502877045
Guatemala,E023,1,0.11450299217228146,0.134,8.443227547594896,-0.9944736278330963,0.5752995502877045
Guatemala,E025,1,0.28612583187111973,0.134,8.443227547594896,-0.6805608973741357,0.5752995502877045
Guatemala,E026,1,1.474280291597824,0.134,8.443227547594896,1.4926743859616731,0.5752995502877045
Guatemala,E027,1,0.08772627553624857,0.134,8.443227547594896,-1.0434505136991787,0.5752995502877045
Guatemala,E028,1,0.22030658394016572,0.134,8.443227547594896,-0.800949884475256,0.5752995502877045
Guatemala,E034,1,0.6970663135806352,0.134,8.443227547594896,0.07108409868770124,0.5752995502877045
Guatemala,E035,1,0.7088885688932803,0.134,8.443227547594896,0.09270800639070674,0.5752995502877045
Guatemala,E036,0,0.2599141598063021,0.134,8.443227547594896,-0.7285042687937001,0.5752995502877045
Guatemala,E037,1,0.5572173731604233,0.134,8.443227547594896,-0.18471147500247345,0.5752995502877045
Guatemala,E039,1,0.5411233175665824,0.134,8.443227547594896,-0.21414886774394262,0.5752995502877045
Guatemala,E040,1,0.4537423226965748,0.134,8.443227547594896,-0.37397611881377907,0.5752995502877045
Guatemala,E069_01,1,1.1057107984110501,0.134,8.443227547594896,0.8185295217165522,0.5752995502877045
Guatemala,E069_04,1,0.04083372746617317,0.134,8.443227547594896,-1.1292209614361244,0.5752995502877045
Guatemala,E069_05,1,0.9318097137254301,0.134,8.443227547594896,0.5004496879413309,0.5752995502877045
Guatemala,E069_07,1,0.04146641274828865,0.134,8.443227547594896,-1.1280637263922424,0.5752995502877045
Guatemala,E069_08,1,2.511640992604738,0.134,8.443227547594896,3.390095094623366,0.5752995502877045
Guatemala,E069_10,1,0.06088960780375201,0.134,8.443227547594896,-1.0925370552056057,0.5752995502877045
Guatemala,E069_12,1,0.6981659535074558,0.134,8.443227547594896,0.07309543338275513,0.5752995502877045
Guatemala,E069_13,1,0.147696158959337,0.134,8.443227547594896,-0.933760510412427,0.5752995502877045
Guatemala,E069_14,1,0.2778992206224116,0.134,8.443227547594896,-0.6956080671100403,0.5752995502877045
Guatemala,E069_15,1,0.3920301162683803,0.134,8.443227547594896,-0.4868529786566516,0.5752995502877045
Guatemala,E069_40,1,1.0838398504836968,0.134,8.443227547594896,0.7785257029145277,0.5752995502877045
Guatemala,E069_41,1,0.8519164654102754,0.134,8.443227547594896,0.3543181604135545,0.5752995502877045
Guatemala,E069_54,1,0.21548354933581762,0.134,8.443227547594896,-0.8097716238451775,0.5752995502877045
Guatemala,E114,1,0.8331524036312082,0.134,8.443227547594896,0.31999709989559666,0.5752995502877045
Guatemala,E115,0,1.3551503788294412,0.134,8.443227547594896,1.2747756711863927,0.5752995502877045
Guatemala,E117,1,0.014199884708765152,0.134,8.443227547594896,-1.1779365188599724,0.5752995502877045
Guatemala,E117B,1,0.1108581333784279,0.134,8.443227547594896,-1.0011403837154935,0.5752995502877045
Guatemala,E124,1,0.6233925500928023,0.134,8.443227547594896,-0.06367146356867755,0.5752995502877045
Guatemala,E224,1,0.5230049176077085,0.134,8.443227547594896,-0.24728895802923417,0.5752995502877045
Guatemala,E225,1,0.33731277302143453,0.134,8.443227547594896,-0.5869356404530068,0.5752995502877045
Guatemala,E226,1,0.7315900508325587,0.134,8.443227547594896,0.13423094234450383,0.5752995502877045
Guatemala,E227,1,0.996666094265547,0.134,8.443227547594896,0.6190775089164393,0.5752995502877045
Guatemala,E229,1,0.5335827613917411,0.134,8.443227547594896,-0.2279411845601503,0.5752995502877045
Guatemala,E233,1,0.5983528269559553,0.134,8.443227547594896,-0.10947124099700346,0.5752995502877045
Guatemala,E233A,1,0.2042429196260549,0.134,8.443227547594896,-0.8303316889883812,0.5752995502877045
Guatemala,E233B,1,0.06067991467037265,0.134,8.443227547594896,-1.0929206017322401,0.5752995502877045
Guatemala,E235,1,2.3049797479989493,0.134,8.443227547594896,3.012094149713646,0.5752995502877045
Guatemala,E236,1,0.7176033463870004,0.134,8.443227547594896,0.10864807359386282,0.5752995502877045
Guatemala,E248B,1,1.8328577887409965,0.134,8.443227547594896,2.1485430419452003,0.5752995502877045
Guatemala,E254B,1,0.405247580387433,0.134,8.443227547594896,-0.46267711570836323,0.5752995502877045
Guatemala,E258B,1,1.4659372577354635,0.134,8.443227547594896,1.4774142693907033,0.5752995502877045
Guatemala,E259B,1,0.05570469172262778,0.134,8.443227547594896,-1.1020207064904952,0.5752995502877045
Guatemala,E260B,1,0.37114704461093034,0.134,8.443227547594896,-0.5250498879716571,0.5752995502877045
Guatemala,E261B,1,0.30972061277052715,0.134,8.443227547594896,-0.637404041854724,0.5752995502877045
Guatemala,E262B,1,0.5750585785559817,0.134,8.443227547594896,-0.15207839708448345,0.5752995502877045
Guatemala,E268,0,2.2606622830269476,0.134,8.443227547594896,2.931033747375632,0.5752995502877045
Guatemala,E277,1,0.255241911363954,0.134,8.443227547594896,-0.7370502074839923,0.5752995502877045
Guatemala,E286,1,1.14585056416291,0.134,8.443227547594896,0.8919485578382037,0.5752995502877045
Guatemala,E287,1,0.22812986123942625,0.134,8.443227547594896,-0.7866404467427378,0.5752995502877045
Guatemala,E289,1,0.9538527081336484,0.134,8.443227547594896,0.5407681943494397,0.5752995502877045
Guatemala,F028,1,1.514560311540837,0.134,8.443227547594896,1.5663499588949779,0.5752995502877045
Guatemala,F028B,1,0.35320976265466786,0.134,8.443227547594896,-0.557858698068165,0.5752995502877045
Guatemala,F114A,1,0.6262767885694089,0.134,8.443227547594896,-0.05839594676056984,0.5752995502877045
Guatemala,F114B,1,0.7455827322227907,0.134,8.443227547594896,0.15982474343390365,0.5752995502877045
Guatemala,F114C,1,1.0092269148926531,0.134,8.443227547594896,0.6420523152229849,0.5752995502877045
Guatemala,F114D,1,0.3211310765898704,0.134,8.443227547594896,-0.6165333357201637,0.5752995502877045
Guatemala,F116,1,0.19264370394144265,0.134,8.443227547594896,-0.8515476382940125,0.5752995502877045
Guatemala,F117,1,0.23208341382485678,0.134,8.443227547594896,-0.7794090637328576,0.5752995502877045
Guatemala,F120,1,0.5676533297152981,0.134,8.443227547594896,-0.16562322531006363,0.5752995502877045
Guatemala,F121,1,0.14919141669069227,0.134,8.443227547594896,-0.9310255571974978,0.5752995502877045
Guatemala,F122,1,0.008022125288293784,0.134,8.443227547594896,-1.1892361648231886,0.5752995502877045
Guatemala,F123,1,0.41556567978410686,0.134,8.443227547594896,-0.4438044367546729,0.5752995502877045
Guatemala,F144_02,1,0.7321741977792893,0.134,8.443227547594896,0.13529939665605842,0.5752995502877045
Guatemala,F202,1,1.0249741643762755,0.134,8.443227547594896,0.6708553701735773,0.5752995502877045
Guatemala,F206,1,0.5946315127959769,0.134,8.443227547594896,-0.11627784022880898,0.5752995502877045
Guatemala,G007_18_B,1,0.6822057091645547,0.134,8.443227547594896,0.0439027927688137,0.5752995502877045
Guatemala,G007_33_B,1,0.294950669141841,0.134,8.443227547594896,-0.6644195215038303,0.5752995502877045
Guatemala,G007_34_B,1,0.2923264842629617,0.134,8.443227547594896,-0.6692193782245538,0.5752995502877045
Guatemala,G007_35_B,1,0.5162382174797204,0.134,8.443227547594896,-0.2596658264990787,0.5752995502877045
Guatemala,G007_36_B,1,0.5153850202456985,0.134,8.443227547594896,-0.2612263966063082,0.5752995502877045
Guatemala,G052,1,1.2605225703652971,0.134,8.443227547594896,1.1016933833950198,0.5752995502877045
Guatemala,G058,1,0.6479638262877702,0.134,8.443227547594896,-0.018728515329627715,0.5752995502877045
Guatemala,G062,1,0.002895655178313295,0.134,8.443227547594896,-1.1986129134696053,0.5752995502877045
Guatemala,G063,1,0.7033325156967387,0.134,8.443227547594896,0.08254551384273252,0.5752995502877045
Guatemala,H001,1,0.5701841603711938,0.134,8.443227547594896,-0.16099412138126512,0.5752995502877045
Guatemala,H006_01,1,0.8070798765025937,0.134,8.443227547594896,0.27230823636629736,0.5752995502877045
Guatemala,H006_02,1,0.5767405017255446,0.134,8.443227547594896,-0.1490020169505447,0.5752995502877045
Guatemala,H008_01,1,0.395394508526296,0.134,8.443227547594896,-0.48069921985700365,0.5752995502877045
Guatemala,H008_02,1,0.1640725057148587,0.134,8.443227547594896,-0.9038067831929644,0.5752995502877045
Guatemala,H008_03,1,0.23104964774352538,0.134,8.443227547594896,-0.7812999095772454,0.5752995502877045
Guatemala,H008_04,1,0.6009611179082053,0.134,8.443227547594896,-0.1047004556161708,0.5752995502877045
Guatemala,H008_07,1,0.4510747268510358,0.134,8.443227547594896,-0.37885537787454027,0.5752995502877045
Guatemala,H008_08,1,0.27170550118440456,0.134,8.443227547594896,-0.7069369052990211,0.5752995502877045
Guatemala,H008_09,1,1.8462929362544436,0.134,8.443227547594896,2.173117066285235,0.5752995502877045
Hong Kong,A001,1,1.2008867861176211,0.09,,0.9926144758376115,-0.38717878479438733
Hong Kong,A002,1,0.24687541516283298,0.09,,-0.7523532386625762,-0.38717878479438733
Hong Kong,A003,0,0.07223117505078056,0.09,,-1.0717923667454556,-0.38717878479438733
Hong Kong,A004,1,0.3458971853068547,0.09,,-0.5712340222731048,-0.38717878479438733
Hong Kong,A005,1,0.47951882555042924,0.09,,-0.32682870879110587,-0.38717878479438733
Hong Kong,A006,1,1.0033978321978465,0.09,,0.6313904285649574,-0.38717878479438733
Hong Kong,A008,1,1.2441191771284668,0.09,,1.0716901858672239,-0.38717878479438733
Hong Kong,A009,1,1.9026600735853811,0.09,,2.276217341392905,-0.38717878479438733
Hong Kong,A062,1,0.038465244641422126,0.09,,-1.1335531174117945,-0.38717878479438733
Hong Kong,A165,1,0.4782359339882302,0.09,,-0.32917522627024404,-0.38717878479438733
Hong Kong,A170,1,0.3393267593887853,0.09,,-0.5832518885654864,-0.38717878479438733
Hong Kong,A173,1,0.4617601362273057,0.09,,-0.3593108578137912,-0.38717878479438733
Hong Kong,B008,1,0.17467926911796788,0.09,,-0.8844061132876946,-0.38717878479438733
Hong Kong,C001_01,1,0.08577973238239582,0.09,,-1.0470109062288349,-0.38717878479438733
Hong Kong,C002_01,0,1.7016033968488202,0.09,,1.9084676264824039,-0.38717878479438733
Hong Kong,C006,1,0.3950709970766142,0.09,,-0.4812909497379598,-0.38717878479438733
Hong Kong,C038,1,0.4921943774226268,0.09,,-0.303644049306051,-0.38717878479438733
Hong Kong,C039,1,0.3399062053383325,0.09,,-0.582192032776508,-0.38717878479438733
Hong Kong,C041,1,0.2365426976198617,0.09,,-0.7712526554457217,-0.38717878479438733
Hong Kong,D001_B,1,0.09693117495337325,0.09,,-1.026613971927115,-0.38717878479438733
Hong Kong,D026_03,1,0.014891624012561642,0.09,,-1.1766712690016108,-0.38717878479438733
Hong Kong,D026_05,1,0.27367596181488696,0.09,,-0.7033327656759847,-0.38717878479438733
Hong Kong,D054,0,1.4232399878082262,0.09,,1.3993173412107354,-0.38717878479438733
Hong Kong,D057,0,1.896947244025564,0.09,,2.2657680915790936,-0.38717878479438733
Hong Kong,D059,1,0.19434645256999458,0.09,,-0.8484331666292156,-0.38717878479438733
Hong Kong,D060,0,0.40539264483513326,0.09,,-0.4624117805294907,-0.38717878479438733
Hong Kong,D061,1,0.7327092930631008,0.09,,0.13627813131568622,-0.38717878479438733
Hong Kong,D066_01,1,0.08808395583132791,0.09,,-1.0427962861018687,-0.38717878479438733
Hong Kong,D078,1,0.06828329785354259,0.09,,-1.0790133689889585,-0.38717878479438733
Hong Kong,E015,1,0.31195821614334657,0.09,,-0.6333112754975276,-0.38717878479438733
Hong Kong,E016,1,0.5953638797274553,0.09,,-0.1149382789934766,-0.38717878479438733
Hong Kong,E018,1,1.2303034162433237,0.09,,1.0464199873876172,-0.38717878479438733
Hong Kong,E023,1,1.1054497301979906,0.09,,0.8180520058116684,-0.38717878479438733
Hong Kong,E025,0,0.9860321176623081,0.09,,0.5996270637599721,-0.38717878479438733
Hong Kong,E026,0,0.6651271286363631,0.09,,0.012664620417303898,-0.38717878479438733
Hong Kong,E027,0,0.8438809623933826,0.09,,0.3396205438429955,-0.38717878479438733
Hong Kong,E028,1,0.5682056627672306,0.09,,-0.16461296131047531,-0.38717878479438733
Hong Kong,E034,1,0.019178300691493726,0.09,,-1.168830573769906,-0.38717878479438733
Hong Kong,E035,1,0.7256531914449634,0.09,,0.12337192297399778,-0.38717878479438733
Hong Kong,E036,0,0.7065341305615541,0.09,,0.0884015389840005,-0.38717878479438733
Hong Kong,E037,0,0.5413355763300542,0.09,,-0.21376062846225832,-0.38717878479438733
Hong Kong,E039,0,0.3900701920507459,0.09,,-0.49043784628691506,-0.38717878479438733
Hong Kong,E040,0,0.24873992083271135,0.09,,-0.7489428996493376,-0.38717878479438733
Hong Kong,E069_01,1,0.40725775362834055,0.09,,-0.45900033835252807,-0.38717878479438733
Hong Kong,E069_04,1,1.3357362760188447,0.09,,1.2392656304868006,-0.38717878479438733
Hong Kong,E069_05,1,0.23294160355363705,0.09,,-0.7778393619292632,-0.38717878479438733
Hong Kong,E069_07,1,0.892547368677658,0.09,,0.42863552870823796,-0.38717878479438733
Hong Kong,E069_08,1,0.7339613168713097,0.09,,0.1385681890546454,-0.38717878479438733
Hong Kong,E069_10,1,0.38671603627770734,0.09,,-0.496572881687488,-0.38717878479438733
Hong Kong,E069_12,1,0.3190126047099472,0.09,,-0.620408200472397,-0.38717878479438733
Hong Kong,E069_13,1,0.30089911645109696,0.09,,-0.6535393068417463,-0.38717878479438733
Hong Kong,E069_14,1,0.12746523314820452,0.09,,-0.970764589661025,-0.38717878479438733
Hong Kong,E069_15,1,0.14497504304985823,0.09,,-0.9387376622095813,-0.38717878479438733
Hong Kong,E069_40,1,0.6153091369343686,0.09,,-0.07845671185174143,-0.38717878479438733
Hong Kong,E069_41,0,2.2696967724613226,0.09,,2.9475585948354683,-0.38717878479438733
Hong Kong,E069_54,0,0.40954322177430463,0.09,,-0.4548200232654714,-0.38717878479438733
Hong Kong,E114,1,0.6318768121308053,0.09,,-0.04815302868581237,-0.38717878479438733
Hong Kong,E115,1,0.6718495064590855,0.09,,0.024960419631502632,-0.38717878479438733
Hong Kong,E117,0,1.6345455778540814,0.09,,1.7858131878529067,-0.38717878479438733
Hong Kong,E117B,1,0.6108603827211123,0.09,,-0.08659386064076442,-0.38717878479438733
Hong Kong,E124,1,0.087918599926104,0.09,,-1.0430987360776263,-0.38717878479438733
Hong Kong,E224,1,0.2957616131835577,0.09,,-0.6629362360691444,-0.38717878479438733
Hong Kong,E225,1,0.3933840009712768,0.09,,-0.4843766087017048,-0.38717878479438733
Hong Kong,E226,1,0.8385374285735633,0.09,,0.3298467672604452,-0.38717878479438733
Hong Kong,E227,1,0.1882706274423876,0.09,,-0.8595463661249538,-0.38717878479438733
Hong Kong,E229,1,0.816216976392675,0.09,,0.2890207670528007,-0.38717878479438733
Hong Kong,E233,1,0.10248867761340139,0.09,,-1.0164488281874837,-0.38717878479438733
Hong Kong,E233A,0,0.5635360726774765,0.09,,-0.1731540376483978,-0.38717878479438733
Hong Kong,E233B,1,1.395006676117386,0.09,,1.3476762194444083,-0.38717878479438733
Hong Kong,E235,1,0.9795254242705319,0.09,,0.5877257696638252,-0.38717878479438733
Hong Kong,E236,0,1.5129967561125566,0.09,,1.563490083399521,-0.38717878479438733
Hong Kong,E248B,1,0.6857963036014197,0.09,,0.050470294539702365,-0.38717878479438733
Hong Kong,E254B,1,0.38723988963680406,0.09,,-0.4956147094616775,-0.38717878479438733
Hong Kong,E258B,1,0.03645103060631972,0.09,,-1.1372372857229427,-0.38717878479438733
Hong Kong,E259B,0,0.5349627344588964,0.09,,-0.22541709677421978,-0.38717878479438733
Hong Kong,E260B,1,0.2887765291891447,0.09,,-0.6757125471534914,-0.38717878479438733
Hong Kong,E261B,1,0.8606301599883739,0.09,,0.3702562468721883,-0.38717878479438733
Hong Kong,E262B,1,0.4904263177234688,0.09,,-0.3068779804585192,-0.38717878479438733
Hong Kong,E268,0,3.2370410228006716,0.09,,4.716913276593813,-0.38717878479438733
Hong Kong,E277,1,0.5741369669782894,0.09,,-0.15376410282903155,-0.38717878479438733
Hong Kong,E286,1,0.6522842597184106,0.09,,-0.010826076135879145,-0.38717878479438733
Hong Kong,E287,1,0.8454725025863091,0.09,,0.3425316058465927,-0.38717878479438733
Hong Kong,E289,1,0.8607758008136497,0.09,,0.3705226362945335,-0.38717878479438733
Hong Kong,F028,1,0.04714539492929918,0.09,,-1.1176763863051242,-0.38717878479438733
Hong Kong,F028B,0,1.9232422367233326,0.09,,2.313863863503388,-0.38717878479438733
Hong Kong,F114A,1,0.2366215284605234,0.09,,-0.771108467151903,-0.38717878479438733
Hong Kong,F114B,1,1.2435930932764323,0.09,,1.070727933880645,-0.38717878479438733
Hong Kong,F114C,1,1.7498081693855796,0.09,,1.99663824406874,-0.38717878479438733
Hong Kong,F114D,1,0.048682650517301855,0.09,,-1.1148646154482267,-0.38717878479438733
Hong Kong,F116,1,0.6202036751040501,0.09,,-0.06950418639605929,-0.38717878479438733
Hong Kong,F117,1,0.07004791670139827,0.09,,-1.0757857314453672,-0.38717878479438733
Hong Kong,F120,0,1.4838927327202323,0.09,,1.5102563560794395,-0.38717878479438733
Hong Kong,F121,0,0.5879808024907706,0.09,,-0.128442553474799,-0.38717878479438733
Hong Kong,F122,0,1.796306587327985,0.09,,2.0816877943729772,-0.38717878479438733
Hong Kong,F123,1,0.08824473788770892,0.09,,-1.042502202083588,-0.38717878479438733
Hong Kong,F144_02,1,0.4591126655034429,0.09,,-0.3641533063200407,-0.38717878479438733
Hong Kong,F202,1,0.19418751144677773,0.09,,-0.8487238834245955,-0.38717878479438733
Hong Kong,F206,1,0.0508527664059865,0.09,,-1.110895289423644,-0.38717878479438733
Hong Kong,G007_18_B,1,1.2686334611657841,0.09,,1.1165288906159887,-0.38717878479438733
Hong Kong,G007_33_B,1,0.0645483059244227,0.09,,-1.0858449860206405,-0.38717878479438733
Hong Kong,G007_34_B,1,0.13917279335109334,0.09,,-0.9493504690419361,-0.38717878479438733
Hong Kong,G007_35_B,1,0.8301082818224532,0.09,,0.3144291429120576,-0.38717878479438733
Hong Kong,G007_36_B,1,0.7879452087583422,0.09,,0.23730930610408205,-0.38717878479438733
Hong Kong,G052,0,0.9823711892675969,0.09,,0.5929309152146203,-0.38717878479438733
Hong Kong,G058,1,0.033796352950301395,0.09,,-1.14209291631938,-0.38717878479438733
Hong Kong,G062,1,0.5943882926606074,0.09,,-0.11672271048576552,-0.38717878479438733
Hong Kong,G063,1,0.16374143204993796,0.09,,-0.904412345007002,-0.38717878479438733
Hong Kong,H001,1,0.1056786056162831,0.09,,-1.010614179307945,-0.38717878479438733
Hong Kong,H006_01,1,0.6905422891624706,0.09,,0.05915110467431272,-0.38717878479438733
Hong Kong,H006_02,1,0.1823761065479391,0.09,,-0.870327944800442,-0.38717878479438733
Hong Kong,H008_01,1,0.18437020647523747,0.09,,-0.8666805668984989,-0.38717878479438733
Hong Kong,H008_02,1,1.07623549127715,0.09,,0.7646166849417059,-0.38717878479438733
Hong Kong,H008_03,1,0.22335935554951872,0.09,,-0.7953661062727673,-0.38717878479438733
Hong Kong,H008_04,1,0.37223999044346895,0.09,,-0.5230507973428224,-0.38717878479438733
Hong Kong,H008_07,1,0.1355511085279805,0.09,,-0.9559748377662862,-0.38717878479438733
Hong Kong,H008_08,1,0.5281705969069366,0.09,,-0.23784049245005176,-0.38717878479438733
Hong Kong,H008_09,1,1.0510235726730557,0.09,,0.7185019473985661,-0.38717878479438733
India,A001,1,1.1220803278556273,0.093,7.615455054997297,0.8484707794960689,-0.32155526194788103
India,A002,1,0.3075024579953533,0.093,7.615455054997297,-0.641461235077242,-0.32155526194788103
India,A003,0,0.34140988605588524,0.093,7.615455054997297,-0.5794416732054055,-0.32155526194788103
India,A004,1,0.27066257358258455,0.093,7.615455054997297,-0.7088445083414415,-0.32155526194788103
India,A005,1,0.5490385639293016,0.093,7.615455054997297,-0.19967121079375658,-0.32155526194788103
India,A006,1,0.21865460407697077,0.093,7.615455054997297,-0.8039714957621262,-0.32155526194788103
India,A008,1,0.7687864250728238,0.093,7.615455054997297,0.20226626573983167,-0.32155526194788103
India,A009,1,0.2796011878035259,0.093,7.615455054997297,-0.6924950247788876,-0.32155526194788103
India,A062,1,0.3874289195132823,0.093,7.615455054997297,-0.4952689577845247,-0.32155526194788103
India,A165,1,0.744431756663073,0.093,7.615455054997297,0.15771951151211214,-0.32155526194788103
India,A170,1,0.3711995309411507,0.093,7.615455054997297,-0.5249538860219157,-0.32155526194788103
India,A173,1,0.6918036573119988,0.093,7.615455054997297,0.06145825400611013,-0.32155526194788103
India,B008,1,0.08532816319895989,0.093,7.615455054997297,-1.0478368645663863,-0.32155526194788103
India,C001_01,1,0.0962936018755017,0.093,7.615455054997297,-1.0277801471640065,-0.32155526194788103
India,C002_01,1,0.26659897565661006,0.093,7.615455054997297,-0.7162771736129664,-0.32155526194788103
India,C006,1,0.5291552338987555,0.093,7.615455054997297,-0.23603950787739716,-0.32155526194788103
India,C038,1,0.6844949182687916,0.093,7.615455054997297,0.04808995038585076,-0.32155526194788103
India,C039,1,0.35603661069019593,0.093,7.615455054997297,-0.5526881532445137,-0.32155526194788103
India,C041,0,1.260651976935485,0.093,7.615455054997297,1.1019300789878572,-0.32155526194788103
India,D001_B,1,0.31336021789240914,0.093,7.615455054997297,-0.6307468953839671,-0.32155526194788103
India,D026_03,1,0.08262912154689118,0.093,7.615455054997297,-1.0527736406744503,-0.32155526194788103
India,D026_05,1,0.4533206339512696,0.093,7.615455054997297,-0.37474742329560007,-0.32155526194788103
India,D054,1,0.7443134126248264,0.093,7.615455054997297,0.1575030502284932,-0.32155526194788103
India,D057,1,0.8887298201891982,0.093,7.615455054997297,0.42165290872726807,-0.32155526194788103
India,D059,1,0.011396200038175408,0.093,7.615455054997297,-1.1830646959244886,-0.32155526194788103
India,D060,1,0.4599017306382474,0.093,7.615455054997297,-0.36271003926181516,-0.32155526194788103
India,D061,1,1.552192238949914,0.093,7.615455054997297,1.6351819459786687,-0.32155526194788103
India,D066_01,1,0.2682647842962118,0.093,7.615455054997297,-0.7132302683211234,-0.32155526194788103
India,D078,1,0.13136371727163565,0.093,7.615455054997297,-0.9636339315389204,-0.32155526194788103
India,E015,1,0.17293963311247684,0.093,7.615455054997297,-0.8875880550936145,-0.32155526194788103
India,E016,1,1.074165876904943,0.093,7.615455054997297,0.7608311847150656,-0.32155526194788103
India,E018,1,0.6159478970967244,0.093,7.615455054997297,-0.07728836533664259,-0.32155526194788103
India,E023,1,0.24747394319265084,0.093,7.615455054997297,-0.7512584801302851,-0.32155526194788103
India,E025,0,1.125432528364333,0.093,7.615455054997297,0.8546022385523359,-0.32155526194788103
India,E026,1,0.39278142190194576,0.093,7.615455054997297,-0.4854787769288653,-0.32155526194788103
India,E027,1,0.7743822884073922,0.093,7.615455054997297,0.2125015744068601,-0.32155526194788103
India,E028,1,1.007592383452712,0.093,7.615455054997297,0.6390626185821805,-0.32155526194788103
India,E034,1,0.010619567112180336,0.093,7.615455054997297,-1.1844852234183305,-0.32155526194788103
India,E035,1,0.08247325321170175,0.093,7.615455054997297,-1.0530587370799014,-0.32155526194788103
India,E036,1,0.4537371404743082,0.093,7.615455054997297,-0.3739855975378487,-0.32155526194788103
India,E037,1,0.016817698599329026,0.093,7.615455054997297,-1.1731483152172502,-0.32155526194788103
India,E039,1,0.7125607544865915,0.093,7.615455054997297,0.09942474530710733,-0.32155526194788103
India,E040,1,0.36011809725565724,0.093,7.615455054997297,-0.5452227681340948,-0.32155526194788103
India,E069_01,1,1.6751339872652018,0.093,7.615455054997297,1.860052831280257,-0.32155526194788103
India,E069_04,1,0.03429589144707129,0.093,7.615455054997297,-1.1411792180390952,-0.32155526194788103
India,E069_05,1,0.11634691050175303,0.093,7.615455054997297,-0.991100944811632,-0.32155526194788103
India,E069_07,0,1.5320454739504625,0.093,7.615455054997297,1.598331803992959,-0.32155526194788103
India,E069_08,1,1.4706395437250184,0.093,7.615455054997297,1.4860151493025515,-0.32155526194788103
India,E069_10,1,0.01480784915798113,0.093,7.615455054997297,-1.1768245003162268,-0.32155526194788103
India,E069_12,1,1.3187839646717847,0.093,7.615455054997297,1.2082584151774385,-0.32155526194788103
India,E069_13,1,1.4099145398871595,0.093,7.615455054997297,1.3749439667296286,-0.32155526194788103
India,E069_14,1,0.5507722826428071,0.093,7.615455054997297,-0.19650009221676928,-0.32155526194788103
India,E069_15,1,0.6351161042764697,0.093,7.615455054997297,-0.042228088602172274,-0.32155526194788103
India,E069_40,1,0.7483573648784303,0.093,7.615455054997297,0.16489978189895196,-0.32155526194788103
India,E069_41,1,2.198809460138347,0.093,7.615455054997297,2.817899688099916,-0.32155526194788103
India,E069_54,1,0.8359127333539824,0.093,7.615455054997297,0.32504597708329264,-0.32155526194788103
India,E114,1,0.7299325741973457,0.093,7.615455054997297,0.1311992769953891,-0.32155526194788103
India,E115,1,0.8952825052920788,0.093,7.615455054997297,0.4336383255639346,-0.32155526194788103
India,E117,1,0.10565943119673972,0.093,7.615455054997297,-1.0106492509476195,-0.32155526194788103
India,E117B,1,1.1242476892759765,0.093,7.615455054997297,0.8524350673644384,-0.32155526194788103
India,E124,1,1.6602064153064415,0.093,7.615455054997297,1.8327490360457765,-0.32155526194788103
India,E224,1,1.0173829645916355,0.093,7.615455054997297,0.6569704218995746,-0.32155526194788103
India,E225,1,0.5047446384490065,0.093,7.615455054997297,-0.2806885574048748,-0.32155526194788103
India,E226,1,0.06333336799728702,0.093,7.615455054997297,-1.0880672105375786,-0.32155526194788103
India,E227,1,0.19275255511757675,0.093,7.615455054997297,-0.8513485402603599,-0.32155526194788103
India,E229,1,0.033877143666367515,0.093,7.615455054997297,-1.1419451432472145,-0.32155526194788103
India,E233,1,0.1972973637605483,0.093,7.615455054997297,-0.8430356997722744,-0.32155526194788103
India,E233A,0,0.3337461435434283,0.093,7.615455054997297,-0.5934593082814907,-0.32155526194788103
India,E233B,1,0.2906263917360103,0.093,7.615455054997297,-0.6723289916542389,-0.32155526194788103
India,E235,1,0.39540572478295266,0.093,7.615455054997297,-0.4806787043722418,-0.32155526194788103
India,E236,1,0.3157375726207461,0.093,7.615455054997297,-0.6263985119441445,-0.32155526194788103
India,E248B,1,1.492093518784193,0.093,7.615455054997297,1.5252562893620092,-0.32155526194788103
India,E254B,1,0.10263810994167495,0.093,7.615455054997297,-1.016175503784569,-0.32155526194788103
India,E258B,1,1.4782395845845413,0.093,7.615455054997297,1.4999162686523944,-0.32155526194788103
India,E259B,0,2.67506524726498,0.093,7.615455054997297,3.689011917661835,-0.32155526194788103
India,E260B,1,0.6628061904413503,0.093,7.615455054997297,0.008419427602049953,-0.32155526194788103
India,E261B,1,0.7352716474623924,0.093,7.615455054997297,0.14096489484492633,-0.32155526194788103
India,E262B,1,0.12615108567991173,0.093,7.615455054997297,-0.973168276843462,-0.32155526194788103
India,E268,1,0.6565922001949241,0.093,7.615455054997297,-0.002946487614852102,-0.32155526194788103
India,E277,1,0.5587544045025971,0.093,7.615455054997297,-0.18190011431021685,-0.32155526194788103
India,E286,1,0.45701037628570695,0.093,7.615455054997297,-0.36799857161055777,-0.32155526194788103
India,E287,1,0.5001344168452125,0.093,7.615455054997297,-0.28912104374647946,-0.32155526194788103
India,E289,1,0.009878730471265064,0.093,7.615455054997297,-1.1858402764706042,-0.32155526194788103
India,F028,1,1.445708641795481,0.093,7.615455054997297,1.4404144150923563,-0.32155526194788103
India,F028B,0,0.3464145640582198,0.093,7.615455054997297,-0.5702876926539966,-0.32155526194788103
India,F114A,1,0.7263637802043906,0.093,7.615455054997297,0.1246716500854747,-0.32155526194788103
India,F114B,1,0.06784369777940222,0.093,7.615455054997297,-1.0798174348104164,-0.32155526194788103
India,F114C,1,1.3734668425538572,0.093,7.615455054997297,1.3082780368981684,-0.32155526194788103
India,F114D,1,0.5582816927597245,0.093,7.615455054997297,-0.1827647441822405,-0.32155526194788103
India,F116,1,0.043720272884343866,0.093,7.615455054997297,-1.1239412250362268,-0.32155526194788103
India,F117,1,0.4917105198190471,0.093,7.615455054997297,-0.30452906590267387,-0.32155526194788103
India,F120,0,0.6509151864955526,0.093,7.615455054997297,-0.013330227182090584,-0.32155526194788103
India,F121,0,1.6053672060632667,0.093,7.615455054997297,1.7324434710059284,-0.32155526194788103
India,F122,1,0.6268910650552495,0.093,7.615455054997297,-0.05727238296646575,-0.32155526194788103
India,F123,1,0.5543669218185149,0.093,7.615455054997297,-0.18992519227547192,-0.32155526194788103
India,F144_02,0,0.15742325463808532,0.093,7.615455054997297,-0.9159688273863822,-0.32155526194788103
India,F202,1,1.4925088599487095,0.093,7.615455054997297,1.5260159835801805,-0.32155526194788103
India,F206,0,1.7619571830833265,0.093,7.615455054997297,2.0188598205729824,-0.32155526194788103
India,G007_18_B,1,0.25020422195040215,0.093,7.615455054997297,-0.7462645687064687,-0.32155526194788103
India,G007_33_B,1,0.42438421452670866,0.093,7.615455054997297,-0.4276745887428638,-0.32155526194788103
India,G007_34_B,1,0.7809400394920412,0.093,7.615455054997297,0.22449625735386589,-0.32155526194788103
India,G007_35_B,1,1.2029585361201922,0.093,7.615455054997297,0.996403882313327,-0.32155526194788103
India,G007_36_B,1,0.4304096791022886,0.093,7.615455054997297,-0.41665350296824794,-0.32155526194788103
India,G052,1,1.066776770275507,0.093,7.615455054997297,0.7473158819630024,-0.32155526194788103
India,G058,1,1.2138587185865202,0.093,7.615455054997297,1.0163412405723458,-0.32155526194788103
India,G062,1,0.2875785166302652,0.093,7.615455054997297,-0.6779038137363188,-0.32155526194788103
India,G063,1,0.5732513686139586,0.093,7.615455054997297,-0.15538393735178446,-0.32155526194788103
India,H001,1,0.6005119678233164,0.093,7.615455054997297,-0.10552198921729732,-0.32155526194788103
India,H006_01,1,0.12742412051445157,0.093,7.615455054997297,-0.970839788155237,-0.32155526194788103
India,H006_02,1,1.2523405113723922,0.093,7.615455054997297,1.0867277035137977,-0.32155526194788103
India,H008_01,1,0.0599634702559593,0.093,7.615455054997297,-1.0942310393333496,-0.32155526194788103
India,H008_02,0,0.24397440094499823,0.093,7.615455054997297,-0.7576594397242693,-0.32155526194788103
India,H008_03,1,0.5011841129971082,0.093,7.615455054997297,-0.28720106045187804,-0.32155526194788103
India,H008_04,1,0.017301642310056264,0.093,7.615455054997297,-1.1722631411233508,-0.32155526194788103
India,H008_07,1,0.058030996231560154,0.093,7.615455054997297,-1.0977656982319242,-0.32155526194788103
India,H008_08,1,0.17863520546766626,0.093,7.615455054997297,-0.8771703701707831,-0.32155526194788103
India,H008_09,1,2.1323667595447264,0.093,7.615455054997297,2.6963703531989744,-0.32155526194788103
Indonesia,A001,1,0.4788955321703004,0.178,8.300064265921652,-0.32796876524965524,1.5377778853697959
Indonesia,A002,1,0.7434952168670749,0.178,8.300064265921652,0.15600650079010595,1.5377778853697959
Indonesia,A003,0,0.43355352917817835,0.178,8.300064265921652,-0.41090313452539995,1.5377778853697959
Indonesia,A004,1,0.20081675690814754,0.178,8.300064265921652,-0.8365984311985806,1.5377778853697959
Indonesia,A005,0,2.626531663295312,0.178,8.300064265921652,3.6002398760756886,1.5377778853697959
Indonesia,A006,1,3.213829581207457,0.178,8.300064265921652,4.674457581179375,1.5377778853697959
Indonesia,A008,1,0.21353246953979288,0.178,8.300064265921652,-0.8133403142781536,1.5377778853697959
Indonesia,A009,1,0.01869866917831926,0.178,8.300064265921652,-1.1697078604887305,1.5377778853697959
Indonesia,A062,1,0.027424823721210675,0.178,8.300064265921652,-1.1537469836976653,1.5377778853697959
Indonesia,A165,0,0.4351527366434512,0.178,8.300064265921652,-0.40797804843036106,1.5377778853697959
Indonesia,A170,1,0.16790159109183517,0.178,8.300064265921652,-0.8968030612643655,1.5377778853697959
Indonesia,A173,1,0.20054116775465836,0.178,8.300064265921652,-0.8371025071351428,1.5377778853697959
Indonesia,B008,1,0.8993280098800188,0.178,8.300064265921652,0.44103789658555964,1.5377778853697959
Indonesia,C001_01,1,1.193373807101395,0.178,8.300064265921652,0.9788725999835415,1.5377778853697959
Indonesia,C002_01,1,0.17773867300482735,0.178,8.300064265921652,-0.8788102040871122,1.5377778853697959
Indonesia,C006,1,0.39076322461617585,0.178,8.300064265921652,-0.4891702309433346,1.5377778853697959
Indonesia,C038,1,2.1755942634581062,0.178,8.300064265921652,2.7754371243128095,1.5377778853697959
Indonesia,C039,1,1.8191872654480907,0.178,8.300064265921652,2.1235384953405103,1.5377778853697959
Indonesia,C041,0,0.3010350924967193,0.178,8.300064265921652,-0.6532905951211314,1.5377778853697959
Indonesia,D001_B,1,1.3741801776300164,0.178,8.300064265921652,1.3095827872558843,1.5377778853697959
Indonesia,D026_03,1,0.16690890776963066,0.178,8.300064265921652,-0.8986187632577664,1.5377778853697959
Indonesia,D026_05,1,0.8604594840108634,0.178,8.300064265921652,0.3699440660329824,1.5377778853697959
Indonesia,D054,1,0.28348586820893923,0.178,8.300064265921652,-0.6853896148278368,1.5377778853697959
Indonesia,D057,1,0.564424280620375,0.178,8.300064265921652,-0.17152942998510623,1.5377778853697959
Indonesia,D059,1,0.27426464596720584,0.178,8.300064265921652,-0.7022560124305739,1.5377778853697959
Indonesia,D060,1,1.3469125000494435,0.178,8.300064265921652,1.2597078921800737,1.5377778853697959
Indonesia,D061,0,2.7245598161733904,0.178,8.300064265921652,3.7795416822094463,1.5377778853697959
Indonesia,D066_01,1,0.756769299128095,0.178,8.300064265921652,0.18028592312227168,1.5377778853697959
Indonesia,D078,1,0.0015178402331718866,0.178,8.300064265921652,-1.2011330538673253,1.5377778853697959
Indonesia,E015,1,0.6066854556313179,0.178,8.300064265921652,-0.09423015639559636,1.5377778853697959
Indonesia,E016,1,0.7033553007771665,0.178,8.300064265921652,0.08258718968741235,1.5377778853697959
Indonesia,E018,1,1.8159119743192862,0.178,8.300064265921652,2.117547710063357,1.5377778853697959
Indonesia,E023,1,0.554853635562265,0.178,8.300064265921652,-0.18903495155622616,1.5377778853697959
Indonesia,E025,1,0.24651113851307926,0.178,8.300064265921652,-0.7530195315520732,1.5377778853697959
Indonesia,E026,1,0.4569076918720518,0.178,8.300064265921652,-0.36818639011258597,1.5377778853697959
Indonesia,E027,0,0.6979086029044625,0.178,8.300064265921652,0.07262471730200135,1.5377778853697959
Indonesia,E028,1,0.19904407021333845,0.178,8.300064265921652,-0.8398408255185457,1.5377778853697959
Indonesia,E034,1,1.039359533925919,0.178,8.300064265921652,0.6971674312134363,1.5377778853697959
Indonesia,E035,0,0.2556404379122141,0.178,8.300064265921652,-0.7363212686251305,1.5377778853697959
Indonesia,E036,1,0.2588302380019176,0.178,8.300064265921652,-0.7304868537096437,1.5377778853697959
Indonesia,E037,1,0.0032048496455636985,0.178,8.300064265921652,-1.1980473705638492,1.5377778853697959
Indonesia,E039,1,0.12179828546193111,0.178,8.300064265921652,-0.9811299176365311,1.5377778853697959
Indonesia,E040,1,0.28725720079512557,0.178,8.300064265921652,-0.6784915276520503,1.5377778853697959
Indonesia,E069_01,1,3.050932588050419,0.178,8.300064265921652,4.376505164151361,1.5377778853697959
Indonesia,E069_04,1,0.2201146106661493,0.178,8.300064265921652,-0.8013010198761583,1.5377778853697959
Indonesia,E069_05,1,0.17593563759049036,0.178,8.300064265921652,-0.8821081087892015,1.5377778853697959
Indonesia,E069_07,1,0.552901290209053,0.178,8.300064265921652,-0.19260595680063936,1.5377778853697959
Indonesia,E069_08,1,1.4443711324706812,0.178,8.300064265921652,1.4379679970928698,1.5377778853697959
Indonesia,E069_10,1,0.8089511751809261,0.178,8.300064265921652,0.27573100036816545,1.5377778853697959
Indonesia,E069_12,1,0.07986440433225846,0.178,8.300064265921652,-1.0578305429568924,1.5377778853697959
Indonesia,E069_13,1,0.14519498779526419,0.178,8.300064265921652,-0.9383353646150324,1.5377778853697959
Indonesia,E069_14,1,0.7722050145045374,0.178,8.300064265921652,0.20851915576723412,1.5377778853697959
Indonesia,E069_15,1,0.01313418807285508,0.178,8.300064265921652,-1.17988576839696,1.5377778853697959
Indonesia,E069_40,1,0.9516964111340532,0.178,8.300064265921652,0.5368241442450876,1.5377778853697959
Indonesia,E069_41,1,0.8451671590982729,0.178,8.300064265921652,0.3419731067084505,1.5377778853697959
Indonesia,E069_54,1,0.029483534757179335,0.178,8.300064265921652,-1.1499814265978006,1.5377778853697959
Indonesia,E114,1,0.029189303590582975,0.178,8.300064265921652,-1.150519600357508,1.5377778853697959
Indonesia,E115,1,0.017986671827579567,0.178,8.300064265921652,-1.1710101640331916,1.5377778853697959
Indonesia,E117,1,0.2176659646483161,0.178,8.300064265921652,-0.8057798011312308,1.5377778853697959
Indonesia,E117B,1,0.26487079111564243,0.178,8.300064265921652,-0.7194381697189863,1.5377778853697959
Indonesia,E124,1,0.5724586117714222,0.178,8.300064265921652,-0.15683395685657373,1.5377778853697959
Indonesia,E224,1,0.8314834982595896,0.178,8.300064265921652,0.3169445304182371,1.5377778853697959
Indonesia,E225,1,0.6969780699305943,0.178,8.300064265921652,0.07092269356715544,1.5377778853697959
Indonesia,E226,1,0.02335122388157901,0.178,8.300064265921652,-1.161197943317608,1.5377778853697959
Indonesia,E227,1,2.2070809395908486,0.178,8.300064265921652,2.833028925586175,1.5377778853697959
Indonesia,E229,1,1.3046373148941628,0.178,8.300064265921652,1.1823829928482623,1.5377778853697959
Indonesia,E233,1,0.588638163266746,0.178,8.300064265921652,-0.127240184859729,1.5377778853697959
Indonesia,E233A,0,0.5116062698010528,0.178,8.300064265921652,-0.2681380516743823,1.5377778853697959
Indonesia,E233B,0,1.6885149702299251,0.178,8.300064265921652,1.8845277840665642,1.5377778853697959
Indonesia,E235,1,0.9644507472886341,0.178,8.300064265921652,0.5601529068649211,1.5377778853697959
Indonesia,E236,1,1.094893106830049,0.178,8.300064265921652,0.798743046283481,1.5377778853697959
Indonesia,E248B,0,0.6736989648270167,0.178,8.300064265921652,0.028343235853202798,1.5377778853697959
Indonesia,E254B,1,0.3430343795685621,0.178,8.300064265921652,-0.5764703367849611,1.5377778853697959
Indonesia,E258B,1,0.6776172736382065,0.178,8.300064265921652,0.03551015501070169,1.5377778853697959
Indonesia,E259B,1,0.8762708218078747,0.178,8.300064265921652,0.3988643439445849,1.5377778853697959
Indonesia,E260B,1,0.3517791821744406,0.178,8.300064265921652,-0.5604753511050071,1.5377778853697959
Indonesia,E261B,1,0.041998894719401485,0.178,8.300064265921652,-1.1270897717031958,1.5377778853697959
Indonesia,E262B,1,0.10773467940733665,0.178,8.300064265921652,-1.006853445952715,1.5377778853697959
Indonesia,E268,0,0.4514698348343781,0.178,8.300064265921652,-0.37813269186086773,1.5377778853697959
Indonesia,E277,1,0.23386750121852246,0.178,8.300064265921652,-0.776145816567703,1.5377778853697959
Indonesia,E286,0,0.435697213686123,0.178,8.300064265921652,-0.4069821537380389,1.5377778853697959
Indonesia,E287,1,0.14350252246425252,0.178,8.300064265921652,-0.9414310272564226,1.5377778853697959
Indonesia,E289,0,0.14209377714416802,0.178,8.300064265921652,-0.9440077419333561,1.5377778853697959
Indonesia,F028,0,1.2926112461814756,0.178,8.300064265921652,1.1603862931496016,1.5377778853697959
Indonesia,F028B,1,2.427246721767386,0.178,8.300064265921652,3.2357308151362374,1.5377778853697959
Indonesia,F114A,1,0.07618588984667195,0.178,8.300064265921652,-1.0645588579540666,1.5377778853697959
Indonesia,F114B,1,0.619963839755154,0.178,8.300064265921652,-0.06994286559146619,1.5377778853697959
Indonesia,F114C,1,0.6794791719499369,0.178,8.300064265921652,0.038915724944737634,1.5377778853697959
Indonesia,F114D,1,1.2227419233917416,0.178,8.300064265921652,1.0325893756138504,1.5377778853697959
Indonesia,F116,1,1.6256690149513537,0.178,8.300064265921652,1.769577201414414,1.5377778853697959
Indonesia,F117,1,0.7125412955724086,0.178,8.300064265921652,0.09938915330260706,1.5377778853697959
Indonesia,F120,1,1.2044506808804123,0.178,8.300064265921652,0.9991331416400149,1.5377778853697959
Indonesia,F121,0,0.8753395579331292,0.178,8.300064265921652,0.39716098333004113,1.5377778853697959
Indonesia,F122,1,0.02726548103718432,0.178,8.300064265921652,-1.1540384349818251,1.5377778853697959
Indonesia,F123,1,1.1099119385477494,0.178,8.300064265921652,0.8262137633575029,1.5377778853697959
Indonesia,F144_02,0,0.10808960601002725,0.178,8.300064265921652,-1.0062042550923453,1.5377778853697959
Indonesia,F202,1,0.029380634508432365,0.178,8.300064265921652,-1.1501696398805183,1.5377778853697959
Indonesia,F206,1,0.3826276999783429,0.178,8.300064265921652,-0.5040507955421942,1.5377778853697959
Indonesia,G007_18_B,1,0.673400220544557,0.178,8.300064265921652,0.027796807221789167,1.5377778853697959
Indonesia,G007_33_B,1,1.5730358962846918,0.178,8.300064265921652,1.6733067631544754,1.5377778853697959
Indonesia,G007_34_B,1,0.9114895864647425,0.178,8.300064265921652,0.46328245167563736,1.5377778853697959
Indonesia,G007_35_B,1,0.4425819330251616,0.178,8.300064265921652,-0.39438941812106826,1.5377778853697959
Indonesia,G007_36_B,1,0.17443126444922957,0.178,8.300064265921652,-0.8848597348619958,1.5377778853697959
Indonesia,G052,1,0.870802158881686,0.178,8.300064265921652,0.3888616956133254,1.5377778853697959
Indonesia,G058,1,0.12062325876244544,0.178,8.300064265921652,-0.9832791411329201,1.5377778853697959
Indonesia,G062,0,2.4418505518334297,0.178,8.300064265921652,3.262442458989905,1.5377778853697959
Indonesia,G063,1,0.21900699227326575,0.178,8.300064265921652,-0.8033269478623561,1.5377778853697959
Indonesia,H001,1,1.5033981729159327,0.178,8.300064265921652,1.5459334606034112,1.5377778853697959
Indonesia,H006_01,1,0.26568363628798847,0.178,8.300064265921652,-0.7179514069551299,1.5377778853697959
Indonesia,H006_02,0,1.3318810253479683,0.178,8.300064265921652,1.2322140500163794,1.5377778853697959
Indonesia,H008_01,1,1.5579910011671756,0.178,8.300064265921652,1.6457883739115537,1.5377778853697959
Indonesia,H008_02,1,0.4887595478273306,0.178,8.300064265921652,-0.3099266439700989,1.5377778853697959
Indonesia,H008_03,1,0.7526276916497233,0.178,8.300064265921652,0.1727105717628238,1.5377778853697959
Indonesia,H008_04,1,0.8996510774103751,0.178,8.300064265921652,0.4416288145004172,1.5377778853697959
Indonesia,H008_07,1,0.6402208463344807,0.178,8.300064265921652,-0.03289108240573078,1.5377778853697959
Indonesia,H008_08,1,1.7293126191240924,0.178,8.300064265921652,1.9591501442556127,1.5377778853697959
Indonesia,H008_09,0,0.08433791672462344,0.178,8.300064265921652,-1.0496481093583485,1.5377778853697959
Iran,A001,1,0.8068250193096067,0.15,,0.27184208094393025,0.9252916721357376
Iran,A002,1,0.9417708774608393,0.15,,0.5186695012961164,0.9252916721357376
Iran,A003,0,0.8081412567045506,0.15,,0.27424959077947475,0.9252916721357376
Iran,A004,0,0.10466332382041918,0.15,,-1.0124712158264186,0.9252916721357376
Iran,A005,0,1.3059767826137787,0.15,,1.184832992917974,0.9252916721357376
Iran,A006,1,0.9923798300807413,0.15,,0.6112375681714783,0.9252916721357376
Iran,A008,1,1.5741822731626143,0.15,,1.675403583697214,0.9252916721357376
Iran,A009,1,1.2903908231486094,0.15,,1.156324951091376,0.9252916721357376
Iran,A062,1,0.04361058742889833,0.15,,-1.1241418490375017,0.9252916721357376
Iran,A165,1,0.15160443974047746,0.15,,-0.9266119333724423,0.9252916721357376
Iran,A170,1,0.8313268538508247,0.15,,0.3166580145083921,0.9252916721357376
Iran,A173,1,0.20816040104953515,0.15,,-0.82316628319318,0.9252916721357376
Iran,B008,1,0.5551269658054514,0.15,,-0.18853500735820317,0.9252916721357376
Iran,C001_01,1,1.7085447395475883,0.15,,1.921163931026982,0.9252916721357376
Iran,C002_01,1,1.5555750993478163,0.15,,1.6413694845727766,0.9252916721357376
Iran,C006,1,0.10070113671048123,0.15,,-1.0197183921139834,0.9252916721357376
Iran,C038,1,0.264687766449933,0.15,,-0.7197729373562949,0.9252916721357376
Iran,C039,1,0.33814940007807526,0.15,,-0.5854053786056513,0.9252916721357376
Iran,C041,1,1.33543843291872,0.15,,1.238720850194314,0.9252916721357376
Iran,D001_B,1,0.9704349623827567,0.15,,0.5710985438392665,0.9252916721357376
Iran,D026_03,0,0.1759297169676606,0.15,,-0.8821189381105307,0.9252916721357376
Iran,D026_05,0,3.2081475062282108,0.15,,4.66406458410196,0.9252916721357376
Iran,D054,1,0.12344549035054958,0.15,,-0.9781170401831634,0.9252916721357376
Iran,D057,1,0.4854971395990749,0.15,,-0.31589386532945074,0.9252916721357376
Iran,D059,1,0.7882136426732851,0.15,,0.23780029450245246,0.9252916721357376
Iran,D060,1,1.253260419551967,0.15,,1.0884102935987106,0.9252916721357376
Iran,D061,1,0.09438046672852428,0.15,,-1.0312794336154982,0.9252916721357376
Iran,D066_01,1,0.13708225037712454,0.15,,-0.953174249456314,0.9252916721357376
Iran,D078,1,0.06894377111620173,0.15,,-1.0778053073717502,0.9252916721357376
Iran,E015,1,0.989335812217862,0.15,,0.6056698013137626,0.9252916721357376
Iran,E016,1,0.7072200055606706,0.15,,0.0896560625317054,0.9252916721357376
Iran,E018,1,1.1239395929977143,0.15,,0.8518715331394876,0.9252916721357376
Iran,E023,1,0.27345593535029783,0.15,,-0.7037352127418508,0.9252916721357376
Iran,E025,1,0.9722413100890792,0.15,,0.5744025070043383,0.9252916721357376
Iran,E026,1,1.416794983329153,0.15,,1.3875288813682325,0.9252916721357376
Iran,E027,1,0.2927745180056524,0.15,,-0.6683998865079933,0.9252916721357376
Iran,E028,1,1.3370872032613281,0.15,,1.241736590995807,0.9252916721357376
Iran,E034,1,1.5202697319966687,0.15,,1.5767929731684474,0.9252916721357376
Iran,E035,1,0.8677455870927456,0.15,,0.38327096656004894,0.9252916721357376
Iran,E036,1,0.2582935626076851,0.15,,-0.7314684785252528,0.9252916721357376
Iran,E037,1,0.46172186698666573,0.15,,-0.3593808555008296,0.9252916721357376
Iran,E039,1,0.40099708746734014,0.15,,-0.4704516277761289,0.9252916721357376
Iran,E040,1,0.12700770469845873,0.15,,-0.9716014480021083,0.9252916721357376
Iran,E069_01,1,1.017981253532336,0.15,,0.6580647431175912,0.9252916721357376
Iran,E069_04,1,0.5597376107214211,0.15,,-0.1801017467427247,0.9252916721357376
Iran,E069_05,1,0.23134364327592485,0.15,,-0.7807621668124701,0.9252916721357376
Iran,E069_07,1,0.5876911599038628,0.15,,-0.12897233433306335,0.9252916721357376
Iran,E069_08,1,0.5736983808210293,0.15,,-0.1545663141105173,0.9252916721357376
Iran,E069_10,0,1.7826400367585895,0.15,,2.056690514216544,0.9252916721357376
Iran,E069_12,1,0.5279711105466423,0.15,,-0.23820536992299882,0.9252916721357376
Iran,E069_13,1,0.16197109006623567,0.15,,-0.9076504506514799,0.9252916721357376
Iran,E069_14,0,1.2175444913938145,0.15,,1.0230828316555574,0.9252916721357376
Iran,E069_15,1,0.2666383797233856,0.15,,-0.7162051002326726,0.9252916721357376
Iran,E069_40,1,0.6858271369213207,0.15,,0.05052669129701162,0.9252916721357376
Iran,E069_41,1,0.7942978220764328,0.15,,0.24892877467674487,0.9252916721357376
Iran,E069_54,1,0.19141037554723309,0.15,,-0.8538035005350655,0.9252916721357376
Iran,E114,1,0.3805037910178797,0.15,,-0.5079356051758958,0.9252916721357376
Iran,E115,1,1.2187569229528934,0.15,,1.0253004718127354,0.9252916721357376
Iran,E117,1,1.6735514923224288,0.15,,1.8571583138063876,0.9252916721357376
Iran,E117B,0,2.556743623543469,0.15,,3.472591632110478,0.9252916721357376
Iran,E124,1,1.1747920150951856,0.15,,0.9448849263398383,0.9252916721357376
Iran,E224,1,0.6041142454322472,0.15,,-0.09893311793376086,0.9252916721357376
Iran,E225,1,0.6750874148379514,0.15,,0.030882828688300435,0.9252916721357376
Iran,E226,1,0.7074072812115269,0.15,,0.08999860558140636,0.9252916721357376
Iran,E227,1,0.42075976065663945,0.15,,-0.43430402228896114,0.9252916721357376
Iran,E229,1,1.0170786017884506,0.15,,0.6564137165172048,0.9252916721357376
Iran,E233,1,1.0320439262851206,0.15,,0.6837865643456043,0.9252916721357376
Iran,E233A,0,0.751749737331442,0.15,,0.1711047188486456,0.9252916721357376
Iran,E233B,0,0.5201770414504497,0.15,,-0.2524613833747338,0.9252916721357376
Iran,E235,1,0.3194159874450646,0.15,,-0.6196703792358825,0.9252916721357376
Iran,E236,1,0.08611586705841741,0.15,,-1.0463960873962306,0.9252916721357376
Iran,E248B,1,1.3238868821337209,0.15,,1.2175920840329009,0.9252916721357376
Iran,E254B,1,0.5275844429704176,0.15,,-0.23891261771615746,0.9252916721357376
Iran,E258B,1,0.3659615519274195,0.15,,-0.5345345939112178,0.9252916721357376
Iran,E259B,1,0.08979497509722384,0.15,,-1.0396666867398734,0.9252916721357376
Iran,E260B,1,0.6211680516276692,0.15,,-0.06774025993818789,0.9252916721357376
Iran,E261B,0,1.6023177274657747,0.15,,1.7268657160014391,0.9252916721357376
Iran,E262B,1,1.5537738130890142,0.15,,1.6380747792245198,0.9252916721357376
Iran,E268,1,0.9458449837793377,0.15,,0.5261213873088647,0.9252916721357376
Iran,E277,1,0.06417206873186007,0.15,,-1.0865331557574005,0.9252916721357376
Iran,E286,1,0.2197127397642705,0.15,,-0.802036075841449,0.9252916721357376
Iran,E287,1,1.6149406848271355,0.15,,1.7499541756652295,0.9252916721357376
Iran,E289,1,1.2810205521254368,0.15,,1.1391859306254157,0.9252916721357376
Iran,F028,1,1.4179543888155297,0.15,,1.38964953234089,0.9252916721357376
Iran,F028B,1,1.1463954701738819,0.15,,0.8929452371499308,0.9252916721357376
Iran,F114A,1,0.5560998597342818,0.15,,-0.1867555018437739,0.9252916721357376
Iran,F114B,1,0.31016397845508353,0.15,,-0.636593088412425,0.9252916721357376
Iran,F114C,0,0.7685759116209465,0.15,,0.20188121878108714,0.9252916721357376
Iran,F114D,0,0.3627136376955065,0.15,,-0.5404753045219118,0.9252916721357376
Iran,F116,1,1.4247480765743687,0.15,,1.4020757634765888,0.9252916721357376
Iran,F117,1,1.4673796959103818,0.15,,1.4800526111568773,0.9252916721357376
Iran,F120,1,0.8557701529046248,0.15,,0.3613668817015227,0.9252916721357376
Iran,F121,1,1.02714123675783,0.15,,0.6748191293654758,0.9252916721357376
Iran,F122,1,0.017237303171240233,0.15,,-1.1723808228653412,0.9252916721357376
Iran,F123,1,1.2734671177897035,0.15,,1.125370058560641,0.9252916721357376
Iran,F144_02,1,1.4383634248236563,0.15,,1.4269793902466825,0.9252916721357376
Iran,F202,1,1.3928389801327719,0.15,,1.343711319629621,0.9252916721357376
Iran,F206,1,1.069751592533021,0.15,,0.7527570841894948,0.9252916721357376
Iran,G007_18_B,1,0.21315358248856692,0.15,,-0.8140333308311636,0.9252916721357376
Iran,G007_33_B,1,0.15405520269639866,0.15,,-0.922129280058053,0.9252916721357376
Iran,G007_34_B,1,0.5886289176358576,0.15,,-0.12725709590281684,0.9252916721357376
Iran,G007_35_B,1,1.7769512142938175,0.15,,2.0462851754157962,0.9252916721357376
Iran,G007_36_B,1,0.9535038979819228,0.15,,0.5401301909966684,0.9252916721357376
Iran,G052,1,0.18458485042590841,0.15,,-0.8662879649071216,0.9252916721357376
Iran,G058,1,0.5392587468650322,0.15,,-0.2175593257056248,0.9252916721357376
Iran,G062,1,1.3187213039876917,0.15,,1.2081438034714989,0.9252916721357376
Iran,G063,0,2.148691156133913,0.15,,2.7262290591579177,0.9252916721357376
Iran,H001,0,0.054910693644826265,0.15,,-1.103472996319863,0.9252916721357376
Iran,H006_01,0,0.872425456021811,0.15,,0.391830843766899,0.9252916721357376
Iran,H006_02,0,1.7801797246126398,0.15,,2.052190394623653,0.9252916721357376
Iran,H008_01,0,0.46560770581809047,0.15,,-0.35227332669034894,0.9252916721357376
Iran,H008_02,1,0.4497123930319924,0.15,,-0.38134720197955413,0.9252916721357376
Iran,H008_03,1,0.3045449683305658,0.15,,-0.6468707345215277,0.9252916721357376
Iran,H008_04,1,0.6101619939606934,0.15,,-0.08787127291927972,0.9252916721357376
Iran,H008_07,1,0.9229065410640672,0.15,,0.48416502999731664,0.9252916721357376
Iran,H008_08,1,0.3329985168694004,0.15,,-0.594826780880242,0.9252916721357376
Iran,H008_09,0,0.7204204268067275,0.15,,0.11380075261974763,0.9252916721357376
Iraq,A001,1,0.2160947485122388,0.162,8.519411728641611,-0.8086536887110116,1.1877857635217628
Iraq,A002,1,0.7953363635187919,0.162,8.519411728641611,0.2508283550614873,1.1877857635217628
Iraq,A003,0,0.4120454168982211,0.162,8.519411728641611,-0.450243296153462,1.1877857635217628
Iraq,A004,1,0.21192589258286915,0.162,8.519411728641611,-0.816278879798485,1.1877857635217628
Iraq,A005,0,0.3634026926800848,0.162,8.519411728641611,-0.5392149645110782,1.1877857635217628
Iraq,A006,1,1.6222274022751093,0.162,8.519411728641611,1.7632821999199866,1.1877857635217628
Iraq,A008,1,1.3367852600394021,0.162,8.519411728641611,1.241184311232783,1.1877857635217628
Iraq,A009,1,0.48085899698690704,0.162,8.519411728641611,-0.3243774215635662,1.1877857635217628
Iraq,A062,1,0.6182164447220424,0.162,8.519411728641611,-0.07313899931700671,1.1877857635217628
Iraq,A165,1,0.06703007845401293,0.162,8.519411728641611,-1.0813056135658508,1.1877857635217628
Iraq,A170,1,4.040159231320401,0.162,8.519411728641611,6.185884598593467,1.1877857635217628
Iraq,A173,1,0.9795134690053776,0.162,8.519411728641611,0.5877039024698403,1.1877857635217628
Iraq,B008,1,0.6810483269535256,0.162,8.519411728641611,0.04178584253837628,1.1877857635217628
Iraq,C001_01,1,0.9571491634505552,0.162,8.519411728641611,0.5467976907217292,1.1877857635217628
Iraq,C002_01,1,0.9015099698818086,0.162,8.519411728641611,0.44502888649760175,1.1877857635217628
Iraq,C006,1,0.3226104121717419,0.162,8.519411728641611,-0.61382750546712,1.1877857635217628
Iraq,C038,1,0.4217431234101375,0.162,8.519411728641611,-0.43250536840627346,1.1877857635217628
Iraq,C039,1,0.9207052136855663,0.162,8.519411728641611,0.4801386155105742,1.1877857635217628
Iraq,C041,1,1.0213422171350979,0.162,8.519411728641611,0.6642122306161523,1.1877857635217628
Iraq,D001_B,1,1.7633467825464717,0.162,8.519411728641611,2.0214015158536665,1.1877857635217628
Iraq,D026_03,1,0.5572457878740188,0.162,8.519411728641611,-0.1846595020812374,1.1877857635217628
Iraq,D026_05,1,0.7201656189508787,0.162,8.519411728641611,0.11333468743919105,1.1877857635217628
Iraq,D054,1,1.99029251565924,0.162,8.519411728641611,2.436504510725752,1.1877857635217628
Iraq,D057,1,0.04810137354733461,0.162,8.519411728641611,-1.1159278203288563,1.1877857635217628
Iraq,D059,1,0.3706127684885176,0.162,8.519411728641611,-0.5260271243156072,1.1877857635217628
Iraq,D060,1,0.45670765613354025,0.162,8.519411728641611,-0.36855227244488936,1.1877857635217628
Iraq,D061,1,0.17149428589486612,0.162,8.519411728641611,-0.8902317177456112,1.1877857635217628
Iraq,D066_01,1,0.6190976725879934,0.162,8.519411728641611,-0.0715271588064859,1.1877857635217628
Iraq,D078,1,0.02272327326580729,0.162,8.519411728641611,-1.1623465182551642,1.1877857635217628
Iraq,E015,1,0.17570537553417434,0.162,8.519411728641611,-0.8825292776204953,1.1877857635217628
Iraq,E016,1,0.23896241341502686,0.162,8.519411728641611,-0.7668267900217031,1.1877857635217628
Iraq,E018,1,0.30160841812785905,0.162,8.519411728641611,-0.6522419339136313,1.1877857635217628
Iraq,E023,1,1.0586424506988275,0.162,8.519411728641611,0.7324375215232026,1.1877857635217628
Iraq,E025,1,0.15144898694995743,0.162,8.519411728641611,-0.9268962697114472,1.1877857635217628
Iraq,E026,0,0.3806609384148888,0.162,8.519411728641611,-0.5076481692578897,1.1877857635217628
Iraq,E027,0,0.018819620129151195,0.162,8.519411728641611,-1.169486630940881,1.1877857635217628
Iraq,E028,0,0.02514078884944051,0.162,8.519411728641611,-1.1579246772046543,1.1877857635217628
Iraq,E034,1,0.20289158292461526,0.162,8.519411728641611,-0.8328033984325478,1.1877857635217628
Iraq,E035,1,1.5825189822320607,0.162,8.519411728641611,1.69065213168549,1.1877857635217628
Iraq,E036,1,1.2254967939129924,0.162,8.519411728641611,1.0376282674589232,1.1877857635217628
Iraq,E037,0,2.225109262032878,0.162,8.519411728641611,2.8660042564529924,1.1877857635217628
Iraq,E039,0,2.231646420529975,0.162,8.519411728641611,2.8779612738107505,1.1877857635217628
Iraq,E040,0,1.143990045331864,0.162,8.519411728641611,0.8885455110913442,1.1877857635217628
Iraq,E069_01,1,0.8798407140750153,0.162,8.519411728641611,0.4053939796911376,1.1877857635217628
Iraq,E069_04,1,1.0182098702560323,0.162,8.519411728641611,0.65848290249597,1.1877857635217628
Iraq,E069_05,1,0.0811649004433558,0.162,8.519411728641611,-1.0554518252646425,1.1877857635217628
Iraq,E069_07,1,1.1300763983160413,0.162,8.519411728641611,0.8630962705762506,1.1877857635217628
Iraq,E069_08,1,0.24639658511385024,0.162,8.519411728641611,-0.7532290594354158,1.1877857635217628
Iraq,E069_10,1,0.8134257003049026,0.162,8.519411728641611,0.2839152863387243,1.1877857635217628
Iraq,E069_12,1,0.5118681636652103,0.162,8.519411728641611,-0.2676590255836104,1.1877857635217628
Iraq,E069_13,1,0.19124010568080285,0.162,8.519411728641611,-0.8541149385626601,1.1877857635217628
Iraq,E069_14,1,0.7033891248713249,0.162,8.519411728641611,0.08264905682450904,1.1877857635217628
Iraq,E069_15,1,0.15690875822238085,0.162,8.519411728641611,-0.916909884969094,1.1877857635217628
Iraq,E069_40,1,0.1680540076368775,0.162,8.519411728641611,-0.8965242784758665,1.1877857635217628
Iraq,E069_41,0,1.242714823893028,0.162,8.519411728641611,1.0691215046856337,1.1877857635217628
Iraq,E069_54,1,0.7618421873663264,0.162,8.519411728641611,0.18956466598056934,1.1877857635217628
Iraq,E114,1,0.45353113886971497,0.162,8.519411728641611,-0.3743623919452263,1.1877857635217628
Iraq,E115,1,0.6922608515351514,0.162,8.519411728641611,0.06229450101840606,1.1877857635217628
Iraq,E117,1,1.5246738273539238,0.162,8.519411728641611,1.584848437121984,1.1877857635217628
Iraq,E117B,1,0.08418940295955295,0.162,8.519411728641611,-1.0499197536312546,1.1877857635217628
Iraq,E124,1,0.6770283892846809,0.162,8.519411728641611,0.0344330355803033,1.1877857635217628
Iraq,E224,1,0.39204730958979844,0.162,8.519411728641611,-0.4868215306134803,1.1877857635217628
Iraq,E225,1,0.20155481724954266,0.162,8.519411728641611,-0.8352484562336087,1.1877857635217628
Iraq,E226,1,0.4352100534866272,0.162,8.519411728641611,-0.4078732110627109,1.1877857635217628
Iraq,E227,1,0.37463929122035716,0.162,8.519411728641611,-0.5186622727187867,1.1877857635217628
Iraq,E229,1,0.5108264815660027,0.162,8.519411728641611,-0.26956435049611194,1.1877857635217628
Iraq,E233,1,0.003512906540707979,0.162,8.519411728641611,-1.1974839083739615,1.1877857635217628
Iraq,E233A,0,0.023784586383625708,0.162,8.519411728641611,-1.160405286544566,1.1877857635217628
Iraq,E233B,1,0.5876685682322335,0.162,8.519411728641611,-0.1290136564166464,1.1877857635217628
Iraq,E235,1,0.9730340273088064,0.162,8.519411728641611,0.5758524540356487,1.1877857635217628
Iraq,E236,1,0.4665118311045716,0.162,8.519411728641611,-0.35061960485557264,1.1877857635217628
Iraq,E248B,0,0.2294206437746892,0.162,8.519411728641611,-0.7842794960045717,1.1877857635217628
Iraq,E254B,1,0.14903268457086313,0.162,8.519411728641611,-0.9313158917079541,1.1877857635217628
Iraq,E258B,1,0.8001212683926753,0.162,8.519411728641611,0.25958035192031387,1.1877857635217628
Iraq,E259B,0,0.7263248774241554,0.162,8.519411728641611,0.12460049360078122,1.1877857635217628
Iraq,E260B,1,0.7211383817048994,0.162,8.519411728641611,0.11511395302376744,1.1877857635217628
Iraq,E261B,1,0.18082711654051434,0.162,8.519411728641611,-0.8731611789057488,1.1877857635217628
Iraq,E262B,1,0.7307212147948395,0.162,8.519411728641611,0.13264176753886514,1.1877857635217628
Iraq,E268,1,0.6223812026423529,0.162,8.519411728641611,-0.06552130383568618,1.1877857635217628
Iraq,E277,1,0.7197074220311301,0.162,8.519411728641611,0.11249660640977469,1.1877857635217628
Iraq,E286,1,1.2142262896135525,0.162,8.519411728641611,1.0170135591573068,1.1877857635217628
Iraq,E287,1,0.19322217818735363,0.162,8.519411728641611,-0.8504895598334021,1.1877857635217628
Iraq,E289,1,0.2872694687208012,0.162,8.519411728641611,-0.6784690885754526,1.1877857635217628
Iraq,F028,1,0.7119561156875794,0.162,8.519411728641611,0.09831880965965872,1.1877857635217628
Iraq,F028B,1,0.7387320428692193,0.162,8.519411728641611,0.14729425154669668,1.1877857635217628
Iraq,F114A,1,0.170081609982086,0.162,8.519411728641611,-0.8928156218099688,1.1877857635217628
Iraq,F114B,1,0.8158927119454277,0.162,8.519411728641611,0.28842765987542973,1.1877857635217628
Iraq,F114C,1,0.051342286946590994,0.162,8.519411728641611,-1.1099999148348854,1.1877857635217628
Iraq,F114D,1,0.9226528042156523,0.162,8.519411728641611,0.4837009237801969,1.1877857635217628
Iraq,F116,1,0.4993542960412902,0.162,8.519411728641611,-0.2905479508648841,1.1877857635217628
Iraq,F117,1,1.3204774904427627,0.162,8.519411728641611,1.2113560174534712,1.1877857635217628
Iraq,F120,1,0.171346701877456,0.162,8.519411728641611,-0.8905016614311871,1.1877857635217628
Iraq,F121,1,0.2614079745356402,0.162,8.519411728641611,-0.7257719549518525,1.1877857635217628
Iraq,F122,1,0.7853006691606749,0.162,8.519411728641611,0.23247221887625544,1.1877857635217628
Iraq,F123,1,0.62963883930241,0.162,8.519411728641611,-0.052246470808593314,1.1877857635217628
Iraq,F144_02,0,0.3708027972948015,0.162,8.519411728641611,-0.5256795455111128,1.1877857635217628
Iraq,F202,1,1.655225396866549,0.162,8.519411728641611,1.823638330840823,1.1877857635217628
Iraq,F206,0,2.0468580339976232,0.162,8.519411728641611,2.539967641522256,1.1877857635217628
Iraq,G007_18_B,1,0.11074545572380402,0.162,8.519411728641611,-1.001346480702857,1.1877857635217628
Iraq,G007_33_B,1,0.08581320822878113,0.162,8.519411728641611,-1.0469496760664527,1.1877857635217628
Iraq,G007_34_B,1,0.8093389191730853,0.162,8.519411728641611,0.27644021701736754,1.1877857635217628
Iraq,G007_35_B,1,0.2412635659523826,0.162,8.519411728641611,-0.7626177868524775,1.1877857635217628
Iraq,G007_36_B,1,0.3182073572622146,0.162,8.519411728641611,-0.621881066353514,1.1877857635217628
Iraq,G052,1,1.0860355966814894,0.162,8.519411728641611,0.7825419089483721,1.1877857635217628
Iraq,G058,0,1.4053599193267556,0.162,8.519411728641611,1.3666131794123355,1.1877857635217628
Iraq,G062,1,0.28400166286627937,0.162,8.519411728641611,-0.6844461826510594,1.1877857635217628
Iraq,G063,0,0.3793448762853865,0.162,8.519411728641611,-0.5100553585180758,1.1877857635217628
Iraq,H001,0,2.2942879191716283,0.162,8.519411728641611,2.992537887932442,1.1877857635217628
Iraq,H006_01,1,0.3097526815832744,0.162,8.519411728641611,-0.6373453852762072,1.1877857635217628
Iraq,H006_02,1,0.8959952734849436,0.162,8.519411728641611,0.4349420390440234,1.1877857635217628
Iraq,H008_01,0,1.175111822268778,0.162,8.519411728641611,0.9454698807856389,1.1877857635217628
Iraq,H008_02,1,1.1848356948938654,0.162,8.519411728641611,0.9632556685731661,1.1877857635217628
Iraq,H008_03,1,0.9638432438518431,0.162,8.519411728641611,0.5590417315520028,1.1877857635217628
Iraq,H008_04,1,0.3906545897738346,0.162,8.519411728641611,-0.4893689332841312,1.1877857635217628
Iraq,H008_07,1,0.13955110571260723,0.162,8.519411728641611,-0.9486585036451533,1.1877857635217628
Iraq,H008_08,1,0.8523677234628999,0.162,8.519411728641611,0.35514354966646233,1.1877857635217628
Iraq,H008_09,1,1.1355173673904204,0.162,8.519411728641611,0.8730482645036222,1.1877857635217628
Japan,A001,1,0.5834125647876168,0.115,10.587846227062993,-0.1367982477011559,0.15968390559316492
Japan,A002,1,0.7609276834435058,0.115,10.587846227062993,0.18789196073963646,0.15968390559316492
Japan,A003,1,1.066445566882895,0.115,10.587846227062993,0.7467100828660139,0.15968390559316492
Japan,A004,0,1.664105185899062,0.115,10.587846227062993,1.8398802181443266,0.15968390559316492
Japan,A005,1,0.24489881155209464,0.115,10.587846227062993,-0.755968614317534,0.15968390559316492
Japan,A006,1,2.0476200731878804,0.115,10.587846227062993,2.541361475835627,0.15968390559316492
Japan,A008,1,1.1302420359454493,0.115,10.587846227062993,0.8633992358494358,0.15968390559316492
Japan,A009,1,0.6602296376761874,0.115,10.587846227062993,0.003706694057358803,0.15968390559316492
Japan,A062,1,2.283442571524176,0.115,10.587846227062993,2.9727008272081084,0.15968390559316492
Japan,A165,1,0.06358817769556101,0.115,10.587846227062993,-1.0876011419870701,0.15968390559316492
Japan,A170,1,0.12350608219360798,0.115,10.587846227062993,-0.9780062125629506,0.15968390559316492
Japan,A173,1,0.6753847629686601,0.115,10.587846227062993,0.03142670363974297,0.15968390559316492
Japan,B008,1,0.8623603917300883,0.115,10.587846227062993,0.37342098748201286,0.15968390559316492
Japan,C001_01,1,2.2669577993844396,0.115,10.587846227062993,2.9425487807645285,0.15968390559316492
Japan,C002_01,1,0.49913181741824425,0.115,10.587846227062993,-0.29095488313655415,0.15968390559316492
Japan,C006,1,0.05756317051455297,0.115,10.587846227062993,-1.0986213911482188,0.15968390559316492
Japan,C038,1,0.6364672573236254,0.115,10.587846227062993,-0.039756715077268016,0.15968390559316492
Japan,C039,1,0.47215163096095575,0.115,10.587846227062993,-0.34030393256354974,0.15968390559316492
Japan,C041,0,1.7058486919112703,0.115,10.587846227062993,1.9162326312276707,0.15968390559316492
Japan,D001_B,1,0.48307550031483476,0.115,10.587846227062993,-0.32032324897813336,0.15968390559316492
Japan,D026_03,1,1.6029674704552572,0.115,10.587846227062993,1.7280541510388905,0.15968390559316492
Japan,D026_05,0,1.5910813303981446,0.115,10.587846227062993,1.7063133927196987,0.15968390559316492
Japan,D054,1,0.5864200342404432,0.115,10.587846227062993,-0.1312973309853778,0.15968390559316492
Japan,D057,1,1.2588572298400005,0.115,10.587846227062993,1.0986473343239451,0.15968390559316492
Japan,D059,1,0.04529376045255752,0.115,10.587846227062993,-1.121063182814411,0.15968390559316492
Japan,D060,1,0.0689553690152289,0.115,10.587846227062993,-1.0777840938307226,0.15968390559316492
Japan,D061,0,1.1856927428776,0.115,10.587846227062993,0.9648232820282319,0.15968390559316492
Japan,D066_01,0,0.6183356934258853,0.115,10.587846227062993,-0.07292088332328048,0.15968390559316492
Japan,D078,1,0.12651804473401573,0.115,10.587846227062993,-0.9724970776088929,0.15968390559316492
Japan,E015,1,0.5870704496508949,0.115,10.587846227062993,-0.13010766603294038,0.15968390559316492
Japan,E016,1,0.6303378181076357,0.115,10.587846227062993,-0.05096797928808036,0.15968390559316492
Japan,E018,0,3.1142144862349763,0.115,10.587846227062993,4.492253123354222,0.15968390559316492
Japan,E023,1,1.254366984817567,0.115,10.587846227062993,1.090434295325783,0.15968390559316492
Japan,E025,1,1.2299936385889771,0.115,10.587846227062993,1.0458533777831978,0.15968390559316492
Japan,E026,1,0.48405516563451034,0.115,10.587846227062993,-0.31853135801551463,0.15968390559316492
Japan,E027,1,0.9929303178355487,0.115,10.587846227062993,0.6122444569661113,0.15968390559316492
Japan,E028,1,0.0191286235514339,0.115,10.587846227062993,-1.168921437472575,0.15968390559316492
Japan,E034,1,0.15193072171442526,0.115,10.587846227062993,-0.9260151359676142,0.15968390559316492
Japan,E035,1,0.45141558152668404,0.115,10.587846227062993,-0.37823192576227943,0.15968390559316492
Japan,E036,1,1.5550177737465072,0.115,10.587846227062993,1.640350088776922,0.15968390559316492
Japan,E037,1,0.8268771998795569,0.115,10.587846227062993,0.30851921998565063,0.15968390559316492
Japan,E039,1,1.4830270769614453,0.115,10.587846227062993,1.5086729982737117,0.15968390559316492
Japan,E040,1,0.176963097007926,0.115,10.587846227062993,-0.8802287983679955,0.15968390559316492
Japan,E069_01,1,1.6985913296979278,0.115,10.587846227062993,1.902958300186897,0.15968390559316492
Japan,E069_04,1,1.1787100166333597,0.115,10.587846227062993,0.9520512834689295,0.15968390559316492
Japan,E069_05,1,1.0605432399059112,0.115,10.587846227062993,0.7359142262034749,0.15968390559316492
Japan,E069_07,1,0.04702705716571016,0.115,10.587846227062993,-1.117892836111862,0.15968390559316492
Japan,E069_08,1,0.279445550654027,0.115,10.587846227062993,-0.6927796983261019,0.15968390559316492
Japan,E069_10,1,0.7777323077473975,0.115,10.587846227062993,0.2186290439205726,0.15968390559316492
Japan,E069_12,0,0.7258747837966769,0.115,10.587846227062993,0.12377723418022923,0.15968390559316492
Japan,E069_13,1,0.8115071326116097,0.115,10.587846227062993,0.2804060632992456,0.15968390559316492
Japan,E069_14,1,0.1713414877094606,0.115,10.587846227062993,-0.8905111985867044,0.15968390559316492
Japan,E069_15,1,1.3915657984823349,0.115,10.587846227062993,1.3413825624026678,0.15968390559316492
Japan,E069_40,1,0.9400409784909187,0.115,10.587846227062993,0.5155053693541276,0.15968390559316492
Japan,E069_41,1,0.6036081813968212,0.115,10.587846227062993,-0.0998587519777287,0.15968390559316492
Japan,E069_54,1,1.0118319632341093,0.115,10.587846227062993,0.6468171695936448,0.15968390559316492
Japan,E114,1,0.31158762310347293,0.115,10.587846227062993,-0.6339891216002955,0.15968390559316492
Japan,E115,1,0.7825843663576844,0.115,10.587846227062993,0.22750387065910463,0.15968390559316492
Japan,E117,1,0.3293016021577981,0.115,10.587846227062993,-0.6015887514514634,0.15968390559316492
Japan,E117B,1,1.7405565361417503,0.115,10.587846227062993,1.979716222163779,0.15968390559316492
Japan,E124,1,0.6605621738774808,0.115,10.587846227062993,0.004314930974471137,0.15968390559316492
Japan,E224,1,1.2541826328380525,0.115,10.587846227062993,1.0900970999189454,0.15968390559316492
Japan,E225,1,0.8937754854679728,0.115,10.587846227062993,0.4308818584837312,0.15968390559316492
Japan,E226,1,0.10942770868742535,0.115,10.587846227062993,-1.0037567518006298,0.15968390559316492
Japan,E227,1,0.14584455898222284,0.115,10.587846227062993,-0.937147243818969,0.15968390559316492
Japan,E229,1,0.5522065558681396,0.115,10.587846227062993,-0.19387668483591963,0.15968390559316492
Japan,E233,1,0.11602327838664021,0.115,10.587846227062993,-0.9916928953998962,0.15968390559316492
Japan,E233A,1,1.2800222969160844,0.115,10.587846227062993,1.137360037177827,0.15968390559316492
Japan,E233B,0,1.602199567145762,0.115,10.587846227062993,1.7266495907540527,0.15968390559316492
Japan,E235,1,1.4557207863888886,0.115,10.587846227062993,1.4587274767604985,0.15968390559316492
Japan,E236,1,1.15784035791257,0.115,10.587846227062993,0.9138789075527297,0.15968390559316492
Japan,E248B,1,1.5331126921658813,0.115,10.587846227062993,1.600283836627925,0.15968390559316492
Japan,E254B,1,0.22557929227165893,0.115,10.587846227062993,-0.7913056537181071,0.15968390559316492
Japan,E258B,1,1.0915705838639302,0.115,10.587846227062993,0.7926658699697856,0.15968390559316492
Japan,E259B,1,0.6363990160970793,0.115,10.587846227062993,-0.039881534068682896,0.15968390559316492
Japan,E260B,1,1.4436729437921587,0.115,10.587846227062993,1.4366909507811136,0.15968390559316492
Japan,E261B,1,0.015278177323144775,0.115,10.587846227062993,-1.1759642302100024,0.15968390559316492
Japan,E262B,1,0.24119466486051272,0.115,10.587846227062993,-0.7627438127935378,0.15968390559316492
Japan,E268,0,0.14041054224445693,0.115,10.587846227062993,-0.947086521332994,0.15968390559316492
Japan,E277,1,0.2374784513358235,0.115,10.587846227062993,-0.7695410825307756,0.15968390559316492
Japan,E286,1,0.42662450859789847,0.115,10.587846227062993,-0.4235769008701291,0.15968390559316492
Japan,E287,1,0.9201264457342728,0.115,10.587846227062993,0.4790799998379079,0.15968390559316492
Japan,E289,1,0.08907876875712868,0.115,10.587846227062993,-1.040976688882862,0.15968390559316492
Japan,F028,0,0.76241269547195,0.115,10.587846227062993,0.19060817369492455,0.15968390559316492
Japan,F028B,0,0.9195002856917232,0.115,10.587846227062993,0.4779347000106472,0.15968390559316492
Japan,F114A,1,0.7049201037559822,0.115,10.587846227062993,0.08544934705861278,0.15968390559316492
Japan,F114B,1,0.7359800986089766,0.115,10.587846227062993,0.14226071208120614,0.15968390559316492
Japan,F114C,0,2.3030885911658396,0.115,10.587846227062993,3.008635063462368,0.15968390559316492
Japan,F114D,1,0.6593501649091411,0.115,10.587846227062993,0.0020980637715982114,0.15968390559316492
Japan,F116,1,1.3590681306506567,0.115,10.587846227062993,1.2819415715619862,0.15968390559316492
Japan,F117,1,0.039008443277300936,0.115,10.587846227062993,-1.132559561033928,0.15968390559316492
Japan,F120,1,0.31691225202723255,0.115,10.587846227062993,-0.6242499236761078,0.15968390559316492
Japan,F121,1,0.17369459532542514,0.115,10.587846227062993,-0.8862071651719944,0.15968390559316492
Japan,F122,0,0.32649205396241243,0.115,10.587846227062993,-0.606727653400162,0.15968390559316492
Japan,F123,1,0.2145096302858278,0.115,10.587846227062993,-0.8115530043931557,0.15968390559316492
Japan,F144_02,1,1.7885010255458305,0.115,10.587846227062993,2.0674107598238347,0.15968390559316492
Japan,F202,1,0.1534210941689317,0.115,10.587846227062993,-0.9232891183383994,0.15968390559316492
Japan,F206,1,0.7956370174860337,0.115,10.587846227062993,0.2513782766683422,0.15968390559316492
Japan,G007_18_B,1,0.5719114173119915,0.115,10.587846227062993,-0.1578348219346329,0.15968390559316492
Japan,G007_33_B,1,0.07591358108231724,0.115,10.587846227062993,-1.0650569337806668,0.15968390559316492
Japan,G007_34_B,1,0.5932891331826067,0.115,10.587846227062993,-0.11873316639917739,0.15968390559316492
Japan,G007_35_B,1,0.8909093587479584,0.115,10.587846227062993,0.4256394696146278,0.15968390559316492
Japan,G007_36_B,1,0.31202666814057717,0.115,10.587846227062993,-0.6331860709886538,0.15968390559316492
Japan,G052,1,0.7134448201229537,0.115,10.587846227062993,0.10104177634040333,0.15968390559316492
Japan,G058,1,0.6516209963285381,0.115,10.587846227062993,-0.01203924113241292,0.15968390559316492
Japan,G062,1,0.14671580239202006,0.115,10.587846227062993,-0.9355536657256117,0.15968390559316492
Japan,G063,1,0.9737711298897022,0.115,10.587846227062993,0.5772006771754322,0.15968390559316492
Japan,H001,1,1.3922042750880308,0.115,10.587846227062993,1.3425503902685851,0.15968390559316492
Japan,H006_01,1,0.748324298394984,0.115,10.587846227062993,0.1648393004961066,0.15968390559316492
Japan,H006_02,1,0.2392281370468839,0.115,10.587846227062993,-0.7663407589609766,0.15968390559316492
Japan,H008_01,1,0.9013399455023177,0.115,10.587846227062993,0.44471789748644064,0.15968390559316492
Japan,H008_02,1,0.04065685707538481,0.115,10.587846227062993,-1.1295444723826114,0.15968390559316492
Japan,H008_03,1,1.2624107115111385,0.115,10.587846227062993,1.1051469536985006,0.15968390559316492
Japan,H008_04,1,0.3816287113943332,0.115,10.587846227062993,-0.5058780303942344,0.15968390559316492
Japan,H008_07,1,0.24274849847041252,0.115,10.587846227062993,-0.759901719328481,0.15968390559316492
Japan,H008_08,1,0.6368222365212521,0.115,10.587846227062993,-0.03910742801629946,0.15968390559316492
Japan,H008_09,1,1.2286968674092882,0.115,10.587846227062993,1.0434814733064337,0.15968390559316492
Jordan,A001,1,0.1700961830119542,0.195,8.322205273896992,-0.8927889665022893,1.9096445148333316
Jordan,A002,1,0.1401781450506943,0.195,8.322205273896992,-0.9475115955117748,1.9096445148333316
Jordan,A003,1,0.25111282611869373,0.195,8.322205273896992,-0.7446026546169727,1.9096445148333316
Jordan,A004,1,0.28817905908038904,0.195,8.322205273896992,-0.6768053706584295,1.9096445148333316
Jordan,A005,0,0.5029535622593626,0.195,8.322205273896992,-0.2839645876706469,1.9096445148333316
Jordan,A006,1,1.7895325454980984,0.195,8.322205273896992,2.069297497307654,1.9096445148333316
Jordan,A008,1,0.9164922356586774,0.195,8.322205273896992,0.4724327213644045,1.9096445148333316
Jordan,A009,1,1.7540895765146822,0.195,8.322205273896992,2.0044693008468557,1.9096445148333316
Jordan,A062,1,0.1762467088939527,0.195,8.322205273896992,-0.8815391329908251,1.9096445148333316
Jordan,A165,1,0.3401774444640097,0.195,8.322205273896992,-0.581695913409773,1.9096445148333316
Jordan,A170,1,0.16702319626466489,0.195,8.322205273896992,-0.8984097199066645,1.9096445148333316
Jordan,A173,0,0.3873034714930618,0.195,8.322205273896992,-0.495498412853717,1.9096445148333316
Jordan,B008,1,0.3475373782600904,0.195,8.322205273896992,-0.5682339702442882,1.9096445148333316
Jordan,C001_01,1,0.6447282321610649,0.195,8.322205273896992,-0.024646691422934144,1.9096445148333316
Jordan,C002_01,1,0.7365273438128249,0.195,8.322205273896992,0.14326166997510908,1.9096445148333316
Jordan,C006,1,1.028704074180117,0.195,8.322205273896992,0.677677691567071,1.9096445148333316
Jordan,C038,1,0.15219770399279395,0.195,8.322205273896992,-0.9255268027356625,1.9096445148333316
Jordan,C039,1,1.2603992759696334,0.195,8.322205273896992,1.1014678674878071,1.9096445148333316
Jordan,C041,1,0.5373552243815877,0.195,8.322205273896992,-0.2210410297801911,1.9096445148333316
Jordan,D001_B,1,0.2637772409028438,0.195,8.322205273896992,-0.7214383658105786,1.9096445148333316
Jordan,D026_03,1,0.3627591417052011,0.195,8.322205273896992,-0.5403920738286362,1.9096445148333316
Jordan,D026_05,1,0.3227118508016871,0.195,8.322205273896992,-0.6136419656091617,1.9096445148333316
Jordan,D054,1,0.6209692269847255,0.195,8.322205273896992,-0.0681039270739754,1.9096445148333316
Jordan,D057,1,0.307682044226753,0.195,8.322205273896992,-0.6411327566279258,1.9096445148333316
Jordan,D059,1,0.43773142952766314,0.195,8.322205273896992,-0.4032614004264093,1.9096445148333316
Jordan,D060,0,0.8455669363442766,0.195,8.322205273896992,0.3427043331995667,1.9096445148333316
Jordan,D061,1,1.3819278249996487,0.195,8.322205273896992,1.3237538914323579,1.9096445148333316
Jordan,D066_01,1,0.23704423954133386,0.195,8.322205273896992,-0.7703352927317307,1.9096445148333316
Jordan,D078,1,0.009299502099497118,0.195,8.322205273896992,-1.1868997342913699,1.9096445148333316
Jordan,E015,1,0.5148121723390734,0.195,8.322205273896992,-0.2622741840151516,1.9096445148333316
Jordan,E016,1,0.15994366704135418,0.195,8.322205273896992,-0.9113587793252899,1.9096445148333316
Jordan,E018,1,0.625492229878415,0.195,8.322205273896992,-0.05983097115083971,1.9096445148333316
Jordan,E023,1,0.6563504126467679,0.195,8.322205273896992,-0.003388737548286997,1.9096445148333316
Jordan,E025,0,0.3632989106157058,0.195,8.322205273896992,-0.5394047907093805,1.9096445148333316
Jordan,E026,0,0.7107385532324214,0.195,8.322205273896992,0.0960917846583613,1.9096445148333316
Jordan,E027,1,1.2242513266550243,0.195,8.322205273896992,1.035350202206466,1.9096445148333316
Jordan,E028,1,1.0649789247812833,0.195,8.322205273896992,0.744027470064997,1.9096445148333316
Jordan,E034,1,0.03494976348215982,0.195,8.322205273896992,-1.1399832306270143,1.9096445148333316
Jordan,E035,1,1.2524413432299708,0.195,8.322205273896992,1.0869121335336325,1.9096445148333316
Jordan,E036,1,0.15219740574882482,0.195,8.322205273896992,-0.9255273482491784,1.9096445148333316
Jordan,E037,0,1.667259585834934,0.195,8.322205273896992,1.8456498831758965,1.9096445148333316
Jordan,E039,1,0.6643538775694725,0.195,8.322205273896992,0.011250278630605291,1.9096445148333316
Jordan,E040,1,0.6562892492979088,0.195,8.322205273896992,-0.003500610501083144,1.9096445148333316
Jordan,E069_01,1,1.5492304060587454,0.195,8.322205273896992,1.6297645024049494,1.9096445148333316
Jordan,E069_04,1,0.8890772272319599,0.195,8.322205273896992,0.42228834567473594,1.9096445148333316
Jordan,E069_05,1,1.7373579099542693,0.195,8.322205273896992,1.973865663566848,1.9096445148333316
Jordan,E069_07,1,1.7575518784005097,0.195,8.322205273896992,2.010802144660421,1.9096445148333316
Jordan,E069_08,1,0.13605642822164776,0.195,8.322205273896992,-0.9550505651865285,1.9096445148333316
Jordan,E069_10,1,0.21305533736879045,0.195,8.322205273896992,-0.8142130294881571,1.9096445148333316
Jordan,E069_12,0,1.1867296065946904,0.195,8.322205273896992,0.9667197937111571,1.9096445148333316
Jordan,E069_13,1,0.47658034764096613,0.195,8.322205273896992,-0.3322034341223704,1.9096445148333316
Jordan,E069_14,1,0.2539148760115195,0.195,8.322205273896992,-0.7394774676996447,1.9096445148333316
Jordan,E069_15,1,0.5616390811378373,0.195,8.322205273896992,-0.1766237960728047,1.9096445148333316
Jordan,E069_40,1,0.009857473497887178,0.195,8.322205273896992,-1.1858791572778795,1.9096445148333316
Jordan,E069_41,1,0.5396172279432389,0.195,8.322205273896992,-0.21690363340805416,1.9096445148333316
Jordan,E069_54,1,1.5000360711934135,0.195,8.322205273896992,1.5397838913872812,1.9096445148333316
Jordan,E114,1,0.530984199618496,0.195,8.322205273896992,-0.23269417444737672,1.9096445148333316
Jordan,E115,1,0.5606433056905651,0.195,8.322205273896992,-0.17844515382522128,1.9096445148333316
Jordan,E117,1,0.751404018497609,0.195,8.322205273896992,0.17047236977849817,1.9096445148333316
Jordan,E117B,1,0.8360264550317917,0.195,8.322205273896992,0.32525398367761393,1.9096445148333316
Jordan,E124,1,0.7291745294763142,0.195,8.322205273896992,0.12981274890503378,1.9096445148333316
Jordan,E224,1,0.08949376234681894,0.195,8.322205273896992,-1.0402176304085284,1.9096445148333316
Jordan,E225,1,0.8477423109640934,0.195,8.322205273896992,0.3466832778894233,1.9096445148333316
Jordan,E226,1,0.38608822926514474,0.195,8.322205273896992,-0.49772119396259445,1.9096445148333316
Jordan,E227,1,0.6332911921647069,0.195,8.322205273896992,-0.04556600763938406,1.9096445148333316
Jordan,E229,0,0.40723197972460795,0.195,8.322205273896992,-0.4590474810085375,1.9096445148333316
Jordan,E233,1,0.41488396413034445,0.195,8.322205273896992,-0.4450513525069393,1.9096445148333316
Jordan,E233A,0,0.6824164762789251,0.195,8.322205273896992,0.044288303697773215,1.9096445148333316
Jordan,E233B,1,0.38236218780894643,0.195,8.322205273896992,-0.5045364398201445,1.9096445148333316
Jordan,E235,1,0.9420584465725579,0.195,8.322205273896992,0.5191954895923924,1.9096445148333316
Jordan,E236,1,1.3737179261204147,0.195,8.322205273896992,1.3087372900377257,1.9096445148333316
Jordan,E248B,0,1.1386226227952727,0.195,8.322205273896992,0.8787280400196325,1.9096445148333316
Jordan,E254B,1,0.27265200130334166,0.195,8.322205273896992,-0.7052056763015482,1.9096445148333316
Jordan,E258B,1,1.031505366083544,0.195,8.322205273896992,0.6828014920574978,1.9096445148333316
Jordan,E259B,0,0.7065957349078037,0.195,8.322205273896992,0.08851421855842823,1.9096445148333316
Jordan,E260B,1,0.5754216092473401,0.195,8.322205273896992,-0.1514143831585708,1.9096445148333316
Jordan,E261B,1,0.8127633310243756,0.195,8.322205273896992,0.2827037567440199,1.9096445148333316
Jordan,E262B,1,0.16720658551719864,0.195,8.322205273896992,-0.8980742854091308,1.9096445148333316
Jordan,E268,1,0.09790500953509795,0.195,8.322205273896992,-1.024832745878758,1.9096445148333316
Jordan,E277,1,0.26895600682194903,0.195,8.322205273896992,-0.7119659636936643,1.9096445148333316
Jordan,E286,0,0.1673292159177962,0.195,8.322205273896992,-0.8978499840052128,1.9096445148333316
Jordan,E287,0,0.049144302791740854,0.195,8.322205273896992,-1.1140202142820061,1.9096445148333316
Jordan,E289,0,0.8653119917373754,0.195,8.322205273896992,0.3788197142431833,1.9096445148333316
Jordan,F028,1,0.5902093847604557,0.195,8.322205273896992,-0.1243662874803841,1.9096445148333316
Jordan,F028B,1,0.5837494627576331,0.195,8.322205273896992,-0.13618203273909454,1.9096445148333316
Jordan,F114A,1,0.20908852961430874,0.195,8.322205273896992,-0.8214686573265046,1.9096445148333316
Jordan,F114B,1,0.9933785667406514,0.195,8.322205273896992,0.6130643422329728,1.9096445148333316
Jordan,F114C,1,0.6035034567973329,0.195,8.322205273896992,-0.10005030215268956,1.9096445148333316
Jordan,F114D,1,0.5753673209904743,0.195,8.322205273896992,-0.151513680984982,1.9096445148333316
Jordan,F116,1,1.4348496181011043,0.195,8.322205273896992,1.4205523397182278,1.9096445148333316
Jordan,F117,1,0.1690475730244492,0.195,8.322205273896992,-0.8947069631100943,1.9096445148333316
Jordan,F120,1,0.036478973157054194,0.195,8.322205273896992,-1.1371861764276274,1.9096445148333316
Jordan,F121,1,0.2982662188485622,0.195,8.322205273896992,-0.6583550998730285,1.9096445148333316
Jordan,F122,1,0.45436441636411967,0.195,8.322205273896992,-0.3728382567313026,1.9096445148333316
Jordan,F123,1,1.3779892762653008,0.195,8.322205273896992,1.3165499517386994,1.9096445148333316
Jordan,F144_02,0,0.3899742581846303,0.195,8.322205273896992,-0.49061331746492776,1.9096445148333316
Jordan,F202,1,2.1501833149814527,0.195,8.322205273896992,2.728958344251508,1.9096445148333316
Jordan,F206,1,0.3860530807469266,0.195,8.322205273896992,-0.4977854835836309,1.9096445148333316
Jordan,G007_18_B,1,0.2812958191233652,0.195,8.322205273896992,-0.6893954003602174,1.9096445148333316
Jordan,G007_33_B,1,0.20117556009475132,0.195,8.322205273896992,-0.8359421497374311,1.9096445148333316
Jordan,G007_34_B,1,0.1646344163897079,0.195,8.322205273896992,-0.9027790009087097,1.9096445148333316
Jordan,G007_35_B,1,0.548902448271197,0.195,8.322205273896992,-0.19992017787744312,1.9096445148333316
Jordan,G007_36_B,1,0.5721649524247484,0.195,8.322205273896992,-0.15737108470914235,1.9096445148333316
Jordan,G052,0,1.6276453834149753,0.195,8.322205273896992,1.7731921469653507,1.9096445148333316
Jordan,G058,1,0.8465692744473161,0.195,8.322205273896992,0.3445376946060108,1.9096445148333316
Jordan,G062,0,2.34718155338828,0.195,8.322205273896992,3.089284831229634,1.9096445148333316
Jordan,G063,0,0.257482792213736,0.195,8.322205273896992,-0.7329514463434433,1.9096445148333316
Jordan,H001,0,1.2050361628125688,0.195,8.322205273896992,1.0002040377531438,1.9096445148333316
Jordan,H006_01,1,1.3727943086299603,0.195,8.322205273896992,1.307047915308599,1.9096445148333316
Jordan,H006_02,1,0.43067114254130984,0.195,8.322205273896992,-0.4161752641615578,1.9096445148333316
Jordan,H008_01,1,0.506880046219378,0.195,8.322205273896992,-0.2767827154725488,1.9096445148333316
Jordan,H008_02,0,0.5319781367359948,0.195,8.322205273896992,-0.23087617915603856,1.9096445148333316
Jordan,H008_03,0,0.5955258889020875,0.195,8.322205273896992,-0.11464195047183327,1.9096445148333316
Jordan,H008_04,1,0.3153367569473745,0.195,8.322205273896992,-0.6271316378069935,1.9096445148333316
Jordan,H008_07,1,0.21668338629732267,0.195,8.322205273896992,-0.8075770202752065,1.9096445148333316
Jordan,H008_08,1,0.5185363221089057,0.195,8.322205273896992,-0.25546239821241346,1.9096445148333316
Jordan,H008_09,0,0.0439942297683455,0.195,8.322205273896992,-1.1234401346590026,1.9096445148333316
Kazakhstan,A001,1,0.7324195905469654,0.107,9.17716055978389,0.13574824084178136,-0.015312155330851895
Kazakhstan,A002,1,0.46294065919525296,0.107,9.17716055978389,-0.3571515811762054,-0.015312155330851895
Kazakhstan,A003,1,0.010716889324645928,0.107,9.17716055978389,-1.1843072128370875,-0.015312155330851895
Kazakhstan,A004,1,0.06532615617519177,0.107,9.17716055978389,-1.0844222319365362,-0.015312155330851895
Kazakhstan,A005,1,0.1912927697161846,0.107,9.17716055978389,-0.854018611575106,-0.015312155330851895
Kazakhstan,A006,1,1.0538225100289382,0.107,9.17716055978389,0.7236214412218268,-0.015312155330851895
Kazakhstan,A008,1,0.3320454218808168,0.107,9.17716055978389,-0.5965700724536598,-0.015312155330851895
Kazakhstan,A009,1,1.065514741841115,0.107,9.17716055978389,0.7450075249141851,-0.015312155330851895
Kazakhstan,A062,1,0.18360274109401414,0.107,9.17716055978389,-0.8680843261753837,-0.015312155330851895
Kazakhstan,A165,1,0.06546994770815168,0.107,9.17716055978389,-1.0841592250266896,-0.015312155330851895
Kazakhstan,A170,1,0.5340550704413335,0.107,9.17716055978389,-0.22707729124829162,-0.015312155330851895
Kazakhstan,A173,1,1.2072311199989108,0.107,9.17716055978389,1.0042188006181227,-0.015312155330851895
Kazakhstan,B008,1,0.32289020841753685,0.107,9.17716055978389,-0.6133157344018947,-0.015312155330851895
Kazakhstan,C001_01,1,0.49797902683395323,0.107,9.17716055978389,-0.2930634348922365,-0.015312155330851895
Kazakhstan,C002_01,1,0.2858641826831,0.107,9.17716055978389,-0.6810394759314989,-0.015312155330851895
Kazakhstan,C006,1,0.2249663720066527,0.107,9.17716055978389,-0.7924267368692738,-0.015312155330851895
Kazakhstan,C038,1,0.5018611907529399,0.107,9.17716055978389,-0.2859626278083026,-0.015312155330851895
Kazakhstan,C039,1,1.5769937388605224,0.107,9.17716055978389,1.6805459929206645,-0.015312155330851895
Kazakhstan,C041,1,0.5721593548527383,0.107,9.17716055978389,-0.1573813231431219,-0.015312155330851895
Kazakhstan,D001_B,1,0.0669778135277765,0.107,9.17716055978389,-1.0814012105489266,-0.015312155330851895
Kazakhstan,D026_03,1,0.0026719643218904394,0.107,9.17716055978389,-1.1990220630189403,-0.015312155330851895
Kazakhstan,D026_05,1,1.440372541581103,0.107,9.17716055978389,1.4306542352046596,-0.015312155330851895
Kazakhstan,D054,1,0.4086332138538596,0.107,9.17716055978389,-0.456484504936719,-0.015312155330851895
Kazakhstan,D057,1,0.8528073382450295,0.107,9.17716055978389,0.35594764239008,-0.015312155330851895
Kazakhstan,D059,1,0.7191880820923333,0.107,9.17716055978389,0.11154668961251052,-0.015312155330851895
Kazakhstan,D060,1,0.467532385126892,0.107,9.17716055978389,-0.34875292498773197,-0.015312155330851895
Kazakhstan,D061,1,1.1278435013078378,0.107,9.17716055978389,0.8590121125591196,-0.015312155330851895
Kazakhstan,D066_01,1,0.0659985823549168,0.107,9.17716055978389,-1.0831923074201957,-0.015312155330851895
Kazakhstan,D078,1,0.08981989495937691,0.107,9.17716055978389,-1.0396211061983507,-0.015312155330851895
Kazakhstan,E015,0,1.074943961972018,0.107,9.17716055978389,0.7622543682981102,-0.015312155330851895
Kazakhstan,E016,1,0.16753233599360226,0.107,9.17716055978389,-0.8974784601583914,-0.015312155330851895
Kazakhstan,E018,1,0.6958438437921232,0.107,9.17716055978389,0.06884809775747074,-0.015312155330851895
Kazakhstan,E023,1,0.4977274137823196,0.107,9.17716055978389,-0.29352365650490775,-0.015312155330851895
Kazakhstan,E025,0,1.6064476865324884,0.107,9.17716055978389,1.7344197614279733,-0.015312155330851895
Kazakhstan,E026,1,0.5071847835698906,0.107,9.17716055978389,-0.27622532501134844,-0.015312155330851895
Kazakhstan,E027,1,0.5180255655938925,0.107,9.17716055978389,-0.25639661519955137,-0.015312155330851895
Kazakhstan,E028,1,1.0573933546360064,0.107,9.17716055978389,0.7301528188788823,-0.015312155330851895
Kazakhstan,E034,1,0.36001031970159625,0.107,9.17716055978389,-0.5454199024219136,-0.015312155330851895
Kazakhstan,E035,1,1.2972927510892225,0.107,9.17716055978389,1.16894916270022,-0.015312155330851895
Kazakhstan,E036,1,0.3406089524273297,0.107,9.17716055978389,-0.5809066487453597,-0.015312155330851895
Kazakhstan,E037,1,0.035223551235794466,0.107,9.17716055978389,-1.1394824496035765,-0.015312155330851895
Kazakhstan,E039,1,0.5049639972843118,0.107,9.17716055978389,-0.28028733148959556,-0.015312155330851895
Kazakhstan,E040,1,0.4373421013895302,0.107,9.17716055978389,-0.4039735146129609,-0.015312155330851895
Kazakhstan,E069_01,1,1.2642532214701863,0.107,9.17716055978389,1.1085170606910049,-0.015312155330851895
Kazakhstan,E069_04,1,0.5240693588841829,0.107,9.17716055978389,-0.245342004651131,-0.015312155330851895
Kazakhstan,E069_05,1,0.45182652194625356,0.107,9.17716055978389,-0.3774802808798769,-0.015312155330851895
Kazakhstan,E069_07,1,1.1121574523451272,0.107,9.17716055978389,0.8303209985521603,-0.015312155330851895
Kazakhstan,E069_08,1,0.291751067970073,0.107,9.17716055978389,-0.6702718634297179,-0.015312155330851895
Kazakhstan,E069_10,1,0.710732635978497,0.107,9.17716055978389,0.09608096149904585,-0.015312155330851895
Kazakhstan,E069_12,1,1.410799947121255,0.107,9.17716055978389,1.3765634516589698,-0.015312155330851895
Kazakhstan,E069_13,1,0.2973832751079832,0.107,9.17716055978389,-0.6599700788637805,-0.015312155330851895
Kazakhstan,E069_14,1,1.0161893727177858,0.107,9.17716055978389,0.654787241124619,-0.015312155330851895
Kazakhstan,E069_15,1,1.1760624851320705,0.107,9.17716055978389,0.947208723795612,-0.015312155330851895
Kazakhstan,E069_40,1,0.8488365348925808,0.107,9.17716055978389,0.34868470626415354,-0.015312155330851895
Kazakhstan,E069_41,1,1.3612646823228798,0.107,9.17716055978389,1.2859592508768822,-0.015312155330851895
Kazakhstan,E069_54,0,1.4118465203758848,0.107,9.17716055978389,1.3784777229095952,-0.015312155330851895
Kazakhstan,E114,1,1.4245459660666329,0.107,9.17716055978389,1.4017060862153972,-0.015312155330851895
Kazakhstan,E115,1,0.14670228003740524,0.107,9.17716055978389,-0.9355783992591369,-0.015312155330851895
Kazakhstan,E117,1,0.3004326304695085,0.107,9.17716055978389,-0.6543925492683267,-0.015312155330851895
Kazakhstan,E117B,0,0.582142103335389,0.107,9.17716055978389,-0.13912202945486385,-0.015312155330851895
Kazakhstan,E124,0,0.9804290186079403,0.107,9.17716055978389,0.5893785203477135,-0.015312155330851895
Kazakhstan,E224,1,0.05636997122899319,0.107,9.17716055978389,-1.1008038538458935,-0.015312155330851895
Kazakhstan,E225,0,0.42886515147770116,0.107,9.17716055978389,-0.41947857499685637,-0.015312155330851895
Kazakhstan,E226,1,0.7887352842950442,0.107,9.17716055978389,0.23875442127307814,-0.015312155330851895
Kazakhstan,E227,1,0.9335102312565453,0.107,9.17716055978389,0.5035600787396795,-0.015312155330851895
Kazakhstan,E229,1,0.3159849440977238,0.107,9.17716055978389,-0.6259460485312793,-0.015312155330851895
Kazakhstan,E233,1,0.9986901587091381,0.107,9.17716055978389,0.6227796944602023,-0.015312155330851895
Kazakhstan,E233A,0,1.0663075479229311,0.107,9.17716055978389,0.7464576344817933,-0.015312155330851895
Kazakhstan,E233B,1,0.8936060706329577,0.107,9.17716055978389,0.4305719843811166,-0.015312155330851895
Kazakhstan,E235,1,0.2442769784860705,0.107,9.17716055978389,-0.7571059997377254,-0.015312155330851895
Kazakhstan,E236,1,1.1873507743666338,0.107,9.17716055978389,0.9678559622520462,-0.015312155330851895
Kazakhstan,E248B,1,0.2303338685120871,0.107,9.17716055978389,-0.7826091305022744,-0.015312155330851895
Kazakhstan,E254B,1,0.2168159594517485,0.107,9.17716055978389,-0.8073345327312152,-0.015312155330851895
Kazakhstan,E258B,1,0.08854763253099411,0.107,9.17716055978389,-1.0419481820902008,-0.015312155330851895
Kazakhstan,E259B,1,0.11061483394781808,0.107,9.17716055978389,-1.0015853990101702,-0.015312155330851895
Kazakhstan,E260B,1,0.5409717532903765,0.107,9.17716055978389,-0.21442609166045232,-0.015312155330851895
Kazakhstan,E261B,1,0.8846869580104952,0.107,9.17716055978389,0.41425817089626066,-0.015312155330851895
Kazakhstan,E262B,1,0.3766968716140993,0.107,9.17716055978389,-0.5148987836594527,-0.015312155330851895
Kazakhstan,E268,1,0.38036721829367814,0.107,9.17716055978389,-0.5081854082722409,-0.015312155330851895
Kazakhstan,E277,1,0.13681147620854994,0.107,9.17716055978389,-0.9536695183770717,-0.015312155330851895
Kazakhstan,E286,1,0.12939196674599546,0.107,9.17716055978389,-0.9672404304896065,-0.015312155330851895
Kazakhstan,E287,1,1.6052184200394373,0.107,9.17716055978389,1.7321713287486602,-0.015312155330851895
Kazakhstan,E289,0,1.6977287469885751,0.107,9.17716055978389,1.9013805632492338,-0.015312155330851895
Kazakhstan,F028,1,0.9215690667365567,0.107,9.17716055978389,0.4817186760108406,-0.015312155330851895
Kazakhstan,F028B,0,0.6293783992892229,0.107,9.17716055978389,-0.05272283768262831,-0.015312155330851895
Kazakhstan,F114A,1,0.21065802326841335,0.107,9.17716055978389,-0.8185979203123488,-0.015312155330851895
Kazakhstan,F114B,1,0.5467528752740713,0.107,9.17716055978389,-0.2038519292109642,-0.015312155330851895
Kazakhstan,F114C,1,1.129763346960539,0.107,9.17716055978389,0.8625236730947495,-0.015312155330851895
Kazakhstan,F114D,1,0.4129422190312559,0.107,9.17716055978389,-0.4486029689874719,-0.015312155330851895
Kazakhstan,F116,1,1.2306590610205939,0.107,9.17716055978389,1.0470704918502065,-0.015312155330851895
Kazakhstan,F117,1,0.3090226505030586,0.107,9.17716055978389,-0.6386806740414589,-0.015312155330851895
Kazakhstan,F120,1,0.7931380581299924,0.107,9.17716055978389,0.24680746805022685,-0.015312155330851895
Kazakhstan,F121,1,0.25376868238863576,0.107,9.17716055978389,-0.7397448682357018,-0.015312155330851895
Kazakhstan,F122,1,0.4417050093150987,0.107,9.17716055978389,-0.3959933859654012,-0.015312155330851895
Kazakhstan,F123,1,1.0995970808128455,0.107,9.17716055978389,0.8073470136781399,-0.015312155330851895
Kazakhstan,F144_02,1,0.33882113783382195,0.107,9.17716055978389,-0.5841767132751579,-0.015312155330851895
Kazakhstan,F202,1,0.6120462034429175,0.107,9.17716055978389,-0.0844248939620293,-0.015312155330851895
Kazakhstan,F206,1,0.14281751821089916,0.107,9.17716055978389,-0.9426839581362723,-0.015312155330851895
Kazakhstan,G007_18_B,1,0.4622875364458326,0.107,9.17716055978389,-0.35834619808124657,-0.015312155330851895
Kazakhstan,G007_33_B,1,0.4397196133263807,0.107,9.17716055978389,-0.3996248436254328,-0.015312155330851895
Kazakhstan,G007_34_B,1,0.6277759987241123,0.107,9.17716055978389,-0.055653764228101754,-0.015312155330851895
Kazakhstan,G007_35_B,1,0.933208908005004,0.107,9.17716055978389,0.5030089329550737,-0.015312155330851895
Kazakhstan,G007_36_B,1,1.899467416923173,0.107,9.17716055978389,2.27037770156402,-0.015312155330851895
Kazakhstan,G052,1,0.9083205222499054,0.107,9.17716055978389,0.4574859644340501,-0.015312155330851895
Kazakhstan,G058,1,0.15686287168566465,0.107,9.17716055978389,-0.916993815336737,-0.015312155330851895
Kazakhstan,G062,1,0.29520809964842143,0.107,9.17716055978389,-0.6639486592726384,-0.015312155330851895
Kazakhstan,G063,1,0.025288014723277998,0.107,9.17716055978389,-1.1576553885940497,-0.015312155330851895
Kazakhstan,H001,1,1.096485338204651,0.107,9.17716055978389,0.8016553725169874,-0.015312155330851895
Kazakhstan,H006_01,1,0.19902731406316834,0.107,9.17716055978389,-0.8398714739384245,-0.015312155330851895
Kazakhstan,H006_02,1,0.006246861608234287,0.107,9.17716055978389,-1.1924832726677508,-0.015312155330851895
Kazakhstan,H008_01,0,1.241213018508417,0.107,9.17716055978389,1.066374575257543,-0.015312155330851895
Kazakhstan,H008_02,0,1.2654277190324614,0.107,9.17716055978389,1.1106653163505555,-0.015312155330851895
Kazakhstan,H008_03,1,0.7101805869176407,0.107,9.17716055978389,0.09507121694322339,-0.015312155330851895
Kazakhstan,H008_04,1,1.7481766558218363,0.107,9.17716055978389,1.9936540673794707,-0.015312155330851895
Kazakhstan,H008_07,1,0.02824437746083857,0.107,9.17716055978389,-1.1522479503952454,-0.015312155330851895
Kazakhstan,H008_08,1,0.043014180643382305,0.107,9.17716055978389,-1.125232727634046,-0.015312155330851895
Kazakhstan,H008_09,0,0.06678240957885945,0.107,9.17716055978389,-1.081758620945204,-0.015312155330851895
Kyrgyzstan,A001,1,0.8748898229965032,0.132,,0.39633837998548166,0.5315505350567004
Kyrgyzstan,A002,1,0.21297136498532818,0.132,,-0.8143666220998517,0.5315505350567004
Kyrgyzstan,A003,1,0.028391392827248386,0.132,,-1.1519790468205808,0.5315505350567004
Kyrgyzstan,A004,1,1.0259500303782287,0.132,,0.6726403118618325,0.5315505350567004
Kyrgyzstan,A005,1,0.7276818500398803,0.132,,0.12708251161020073,0.5315505350567004
Kyrgyzstan,A006,1,0.3069435064761419,0.132,,-0.6424836048148465,0.5315505350567004
Kyrgyzstan,A008,1,1.236258834373115,0.132,,1.057312952271709,0.5315505350567004
Kyrgyzstan,A009,1,0.6178405880217053,0.132,,-0.07382647310121378,0.5315505350567004
Kyrgyzstan,A062,1,0.23169231165723833,0.132,,-0.7801244227698071,0.5315505350567004
Kyrgyzstan,A165,1,0.5455517847445195,0.132,,-0.20604882566321756,0.5315505350567004
Kyrgyzstan,A170,0,0.13206652163243462,0.132,,-0.9623484427527892,0.5315505350567004
Kyrgyzstan,A173,1,0.5296493999132583,0.132,,-0.23513563632286041,0.5315505350567004
Kyrgyzstan,B008,1,0.29950165151761365,0.132,,-0.6560953887348101,0.5315505350567004
Kyrgyzstan,C001_01,1,0.5301830468521487,0.132,,-0.23415955080893877,0.5315505350567004
Kyrgyzstan,C002_01,1,0.5489002268358852,0.132,,-0.1999242410710454,0.5315505350567004
Kyrgyzstan,C006,1,0.46802006767724275,0.132,,-0.3478609122390417,0.5315505350567004
Kyrgyzstan,C038,1,0.3940232979720442,0.132,,-0.48320728026361764,0.5315505350567004
Kyrgyzstan,C039,1,1.288115088978634,0.132,,1.1521624402720156,0.5315505350567004
Kyrgyzstan,C041,1,0.03628088467978085,0.132,,-1.1375484970539638,0.5315505350567004
Kyrgyzstan,D001_B,1,0.01085842588315985,0.132,,-1.1840483304667642,0.5315505350567004
Kyrgyzstan,D026_03,1,0.8481129754752169,0.132,,0.3473612547191694,0.5315505350567004
Kyrgyzstan,D026_05,1,1.8875189852291439,0.132,,2.248523006557476,0.5315505350567004
Kyrgyzstan,D054,1,1.3170814802098296,0.132,,1.2051444266957532,0.5315505350567004
Kyrgyzstan,D057,1,0.9083134242207754,0.132,,0.457472981536733,0.5315505350567004
Kyrgyzstan,D059,1,0.4079780185739296,0.132,,-0.4576829126758495,0.5315505350567004
Kyrgyzstan,D060,1,0.3416907027880739,0.132,,-0.578928035584011,0.5315505350567004
Kyrgyzstan,D061,1,1.6234560534327234,0.132,,1.7655295070985941,0.5315505350567004
Kyrgyzstan,D066_01,1,0.6369292975151816,0.132,,-0.038911604377738225,0.5315505350567004
Kyrgyzstan,D078,1,0.513842035269582,0.132,,-0.2640486470000194,0.5315505350567004
Kyrgyzstan,E015,1,0.07866281649432857,0.132,,-1.0600283490283497,0.5315505350567004
Kyrgyzstan,E016,1,0.6748887788624542,0.132,,0.030519506641274997,0.5315505350567004
Kyrgyzstan,E018,1,0.20022237528260695,0.132,,-0.8376856056057603,0.5315505350567004
Kyrgyzstan,E023,1,0.49370089884693924,0.132,,-0.300888493841343,0.5315505350567004
Kyrgyzstan,E025,0,0.18626486897726394,0.132,,-0.8632150684814294,0.5315505350567004
Kyrgyzstan,E026,0,0.9169243673289389,0.132,,0.47322312684171514,0.5315505350567004
Kyrgyzstan,E027,0,0.5856749489387281,0.132,,-0.13266015519861576,0.5315505350567004
Kyrgyzstan,E028,0,1.7194948585527712,0.132,,1.9411926274510674,0.5315505350567004
Kyrgyzstan,E034,1,1.131295532628923,0.132,,0.8653261706386457,0.5315505350567004
Kyrgyzstan,E035,0,2.455490489457623,0.132,,3.2873910618123148,0.5315505350567004
Kyrgyzstan,E036,1,0.13067057349597067,0.132,,-0.9649017502954533,0.5315505350567004
Kyrgyzstan,E037,1,0.07806520079056004,0.132,,-1.0611214388389154,0.5315505350567004
Kyrgyzstan,E039,1,0.46933185414470846,0.132,,-0.34546154352737213,0.5315505350567004
Kyrgyzstan,E040,1,0.7255023635427151,0.132,,0.12309604594791405,0.5315505350567004
Kyrgyzstan,E069_01,1,0.02891948588932007,0.132,,-1.1510131198184272,0.5315505350567004
Kyrgyzstan,E069_04,1,0.2979857705747626,0.132,,-0.6588680635527778,0.5315505350567004
Kyrgyzstan,E069_05,1,0.3256985448082997,0.132,,-0.6081790489466337,0.5315505350567004
Kyrgyzstan,E069_07,1,1.090318872437234,0.132,,0.7903763836031084,0.5315505350567004
Kyrgyzstan,E069_08,1,0.5055739412640348,0.132,,-0.2791716922166537,0.5315505350567004
Kyrgyzstan,E069_10,1,0.1910199403450815,0.132,,-0.8545176396356057,0.5315505350567004
Kyrgyzstan,E069_12,1,0.4464956738650977,0.132,,-0.3872308541704369,0.5315505350567004
Kyrgyzstan,E069_13,1,0.19948863117614735,0.132,,-0.8390276858109421,0.5315505350567004
Kyrgyzstan,E069_14,1,0.27568740621590504,0.132,,-0.6996536632604905,0.5315505350567004
Kyrgyzstan,E069_15,1,0.603070589044658,0.132,,-0.10084205398716702,0.5315505350567004
Kyrgyzstan,E069_40,1,0.20259890264509775,0.132,,-0.8333387354882454,0.5315505350567004
Kyrgyzstan,E069_41,0,1.3016316518677418,0.132,,1.1768853802395964,0.5315505350567004
Kyrgyzstan,E069_54,1,1.5092324817590144,0.132,,1.5566049063299034,0.5315505350567004
Kyrgyzstan,E114,0,0.9242787062471266,0.132,,0.48667483650098914,0.5315505350567004
Kyrgyzstan,E115,1,0.0864156788799445,0.132,,-1.0458477061453166,0.5315505350567004
Kyrgyzstan,E117,1,1.2662320068980732,0.132,,1.1121364270745844,0.5315505350567004
Kyrgyzstan,E117B,1,0.25974822961329663,0.132,,-0.7288077691905198,0.5315505350567004
Kyrgyzstan,E124,1,0.07790952327376033,0.132,,-1.0614061862213466,0.5315505350567004
Kyrgyzstan,E224,1,0.42696502637222944,0.132,,-0.42295406497895277,0.5315505350567004
Kyrgyzstan,E225,1,0.769009609299233,0.132,,0.2026744886199007,0.5315505350567004
Kyrgyzstan,E226,1,1.0734764758363964,0.132,,0.7595702116873,0.5315505350567004
Kyrgyzstan,E227,1,0.20507325633835446,0.132,,-0.8288129327143581,0.5315505350567004
Kyrgyzstan,E229,1,0.6951870060382332,0.132,,0.06764668579415668,0.5315505350567004
Kyrgyzstan,E233,1,0.0851153336583046,0.132,,-1.048226147847951,0.5315505350567004
Kyrgyzstan,E233A,1,0.7732890133553431,0.132,,0.21050188160761707,0.5315505350567004
Kyrgyzstan,E233B,1,0.8865275185603798,0.132,,0.4176247122540612,0.5315505350567004
Kyrgyzstan,E235,1,0.17448851918718478,0.132,,-0.884755011090062,0.5315505350567004
Kyrgyzstan,E236,1,0.30838060933624617,0.132,,-0.6398550217919962,0.5315505350567004
Kyrgyzstan,E248B,1,0.7494979736793398,0.132,,0.16698605213959897,0.5315505350567004
Kyrgyzstan,E254B,1,0.3192328103275618,0.132,,-0.6200054257204519,0.5315505350567004
Kyrgyzstan,E258B,1,0.030324054406279586,0.132,,-1.148444044868676,0.5315505350567004
Kyrgyzstan,E259B,1,0.24221481295558248,0.132,,-0.7608778754010683,0.5315505350567004
Kyrgyzstan,E260B,1,0.3029347812288971,0.132,,-0.6498159033028017,0.5315505350567004
Kyrgyzstan,E261B,1,0.5494333066833776,0.132,,-0.19894919281538995,0.5315505350567004
Kyrgyzstan,E262B,1,1.2200114046150354,0.132,,1.027595025175008,0.5315505350567004
Kyrgyzstan,E268,0,1.4001202213607693,0.132,,1.3570293274135612,0.5315505350567004
Kyrgyzstan,E277,1,0.17385322126543595,0.132,,-0.8859170248734316,0.5315505350567004
Kyrgyzstan,E286,1,0.1927373906647108,0.132,,-0.8513762773308652,0.5315505350567004
Kyrgyzstan,E287,1,1.5571732254243116,0.132,,1.6442925927160204,0.5315505350567004
Kyrgyzstan,E289,0,1.0393525772627732,0.132,,0.6971547068864946,0.5315505350567004
Kyrgyzstan,F028,1,1.1301389109989095,0.132,,0.8632106115753967,0.5315505350567004
Kyrgyzstan,F028B,1,0.18741071018983854,0.132,,-0.8611192277160458,0.5315505350567004
Kyrgyzstan,F114A,1,0.31333542751909,0.132,,-0.6307922390794296,0.5315505350567004
Kyrgyzstan,F114B,1,0.25396635419725977,0.132,,-0.7393833097316659,0.5315505350567004
Kyrgyzstan,F114C,0,0.3910133182205148,0.132,,-0.48871278852864125,0.5315505350567004
Kyrgyzstan,F114D,1,0.9536453663072421,0.132,,0.5403889485626914,0.5315505350567004
Kyrgyzstan,F116,0,0.39812075678471937,0.132,,-0.4757126805583157,0.5315505350567004
Kyrgyzstan,F117,0,0.0550029503667567,0.132,,-1.1033042509504518,0.5315505350567004
Kyrgyzstan,F120,0,0.4163214378986597,0.132,,-0.4424220910615116,0.5315505350567004
Kyrgyzstan,F121,0,1.6502439099179724,0.132,,1.814526768693749,0.5315505350567004
Kyrgyzstan,F122,1,0.09432628635899293,0.132,,-1.0313785341068238,0.5315505350567004
Kyrgyzstan,F123,1,0.7886757657414881,0.132,,0.2386455567903988,0.5315505350567004
Kyrgyzstan,F144_02,0,1.3584591067567278,0.132,,1.280827615204001,0.5315505350567004
Kyrgyzstan,F202,1,0.7271648053096649,0.132,,0.12613679294410624,0.5315505350567004
Kyrgyzstan,F206,1,1.9195669324516342,0.132,,2.3071414202596983,0.5315505350567004
Kyrgyzstan,G007_18_B,1,0.0064221526171300974,0.132,,-1.192162650544705,0.5315505350567004
Kyrgyzstan,G007_33_B,1,0.22062146898529916,0.132,,-0.8003739330198903,0.5315505350567004
Kyrgyzstan,G007_34_B,1,0.19137713724202338,0.132,,-0.8538642962144897,0.5315505350567004
Kyrgyzstan,G007_35_B,1,1.447913031164589,0.132,,1.44444643021963,0.5315505350567004
Kyrgyzstan,G007_36_B,1,2.6340681582484673,0.132,,3.6140247645729695,0.5315505350567004
Kyrgyzstan,G052,1,0.015052776089610814,0.132,,-1.1763765081841437,0.5315505350567004
Kyrgyzstan,G058,1,0.043885826088140185,0.132,,-1.123638414184646,0.5315505350567004
Kyrgyzstan,G062,1,1.14064548362236,0.132,,0.882428024046722,0.5315505350567004
Kyrgyzstan,G063,1,0.5368802645936332,0.132,,-0.22190977151734342,0.5315505350567004
Kyrgyzstan,H001,1,0.6429437481755783,0.132,,-0.027910663988167102,0.5315505350567004
Kyrgyzstan,H006_01,1,0.40430862797136147,0.132,,-0.4643945393171165,0.5315505350567004
Kyrgyzstan,H006_02,1,0.907789134704825,0.132,,0.4565140115430433,0.5315505350567004
Kyrgyzstan,H008_01,0,0.49860347983248554,0.132,,-0.29192125739327107,0.5315505350567004
Kyrgyzstan,H008_02,0,1.1555896413510858,0.132,,0.9097621560612352,0.5315505350567004
Kyrgyzstan,H008_03,0,0.7264742457623407,0.132,,0.12487370096039681,0.5315505350567004
Kyrgyzstan,H008_04,0,0.6872105411160264,0.132,,0.053057054906252114,0.5315505350567004
Kyrgyzstan,H008_07,1,0.040060326295122774,0.132,,-1.1306355777760628,0.5315505350567004
Kyrgyzstan,H008_08,1,0.3542513376317922,0.132,,-0.5559535690910395,0.5315505350567004
Kyrgyzstan,H008_09,0,0.8328884569460802,0.132,,0.31951431902115396,0.5315505350567004
Lebanon,A001,1,0.166366515955967,0.103,8.89911450678773,-0.8996108438893683,-0.1028101857928603
Lebanon,A002,1,0.9198252800876897,0.103,8.89911450678773,0.47852914232613825,-0.1028101857928603
Lebanon,A003,1,0.24755811019086021,0.103,8.89911450678773,-0.7511045315517112,-0.1028101857928603
Lebanon,A004,1,0.26566661867488384,0.103,8.89911450678773,-0.7179825336128925,-0.1028101857928603
Lebanon,A005,1,0.27858830978262195,0.103,8.89911450678773,-0.694347664589077,-0.1028101857928603
Lebanon,A006,1,0.3002418212788896,0.103,8.89911450678773,-0.6547415554619601,-0.1028101857928603
Lebanon,A008,0,1.1531719408314924,0.103,8.89911450678773,0.9053399767471685,-0.1028101857928603
Lebanon,A009,1,0.2701819715440978,0.103,8.89911450678773,-0.7097235702333801,-0.1028101857928603
Lebanon,A062,0,0.8490455270482101,0.103,8.89911450678773,0.3490669706430277,-0.1028101857928603
Lebanon,A165,1,0.34869066426315243,0.103,8.89911450678773,-0.5661245123256534,-0.1028101857928603
Lebanon,A170,0,1.2764117752518243,0.103,8.89911450678773,1.1307560868178517,-0.1028101857928603
Lebanon,A173,1,2.0969227963086174,0.103,8.89911450678773,2.631540338165671,-0.1028101857928603
Lebanon,B008,1,0.6648728126274239,0.103,8.89911450678773,0.012199454866462154,-0.1028101857928603
Lebanon,C001_01,1,1.3415109619955836,0.103,8.89911450678773,1.2498280209336792,-0.1028101857928603
Lebanon,C002_01,1,1.421167074869356,0.103,8.89911450678773,1.395525807625891,-0.1028101857928603
Lebanon,C006,1,0.7687149232086127,0.103,8.89911450678773,0.20213548276556784,-0.1028101857928603
Lebanon,C038,1,0.0432825134483768,0.103,8.89911450678773,-1.1247419241743468,-0.1028101857928603
Lebanon,C039,1,0.1106136469361693,0.103,8.89911450678773,-1.0015875701551555,-0.1028101857928603
Lebanon,C041,1,0.41951421065066824,0.103,8.89911450678773,-0.4365822388945348,-0.1028101857928603
Lebanon,D001_B,1,1.5712506545750264,0.103,8.89911450678773,1.6700414046474512,-0.1028101857928603
Lebanon,D026_03,1,0.05305485838168232,0.103,8.89911450678773,-1.1068674764237805,-0.1028101857928603
Lebanon,D026_05,1,0.0660194478436265,0.103,8.89911450678773,-1.0831541426715836,-0.1028101857928603
Lebanon,D054,1,1.1909286170207494,0.103,8.89911450678773,0.9744001399307094,-0.1028101857928603
Lebanon,D057,1,1.1330389037776543,0.103,8.89911450678773,0.8685149443383582,-0.1028101857928603
Lebanon,D059,1,0.39558888865064173,0.103,8.89911450678773,-0.48034368212270556,-0.1028101857928603
Lebanon,D060,1,1.3720743432532272,0.103,8.89911450678773,1.3057310375687667,-0.1028101857928603
Lebanon,D061,1,0.17709193563344913,0.103,8.89911450678773,-0.8799931415941213,-0.1028101857928603
Lebanon,D066_01,1,0.6163482941003569,0.103,8.89911450678773,-0.07655600525625691,-0.1028101857928603
Lebanon,D078,1,0.3807221474904453,0.103,8.89911450678773,-0.5075362126670855,-0.1028101857928603
Lebanon,E015,1,0.5624193504525065,0.103,8.89911450678773,-0.1751966173156478,-0.1028101857928603
Lebanon,E016,1,0.26065231692615437,0.103,8.89911450678773,-0.7271541168127216,-0.1028101857928603
Lebanon,E018,1,0.8912176981908996,0.103,8.89911450678773,0.42620344860840104,-0.1028101857928603
Lebanon,E023,0,0.6796137086024002,0.103,8.89911450678773,0.03916180389317876,-0.1028101857928603
Lebanon,E025,0,0.6426015301514989,0.103,8.89911450678773,-0.028536609780344585,-0.1028101857928603
Lebanon,E026,0,0.07441987831265777,0.103,8.89911450678773,-1.0677890428387662,-0.1028101857928603
Lebanon,E027,0,0.5815088134343938,0.103,8.89911450678773,-0.1402803703979594,-0.1028101857928603
Lebanon,E028,0,1.3516484170642613,0.103,8.89911450678773,1.268370286089633,-0.1028101857928603
Lebanon,E034,1,1.1207696478423563,0.103,8.89911450678773,0.8460734345829684,-0.1028101857928603
Lebanon,E035,1,0.27125361593555,0.103,8.89911450678773,-0.7077634417470311,-0.1028101857928603
Lebanon,E036,1,0.21519201649921738,0.103,8.89911450678773,-0.8103048621304559,-0.1028101857928603
Lebanon,E037,0,0.26283765292341543,0.103,8.89911450678773,-0.7231569519186185,-0.1028101857928603
Lebanon,E039,1,0.4585612083420257,0.103,8.89911450678773,-0.3651619682415856,-0.1028101857928603
Lebanon,E040,1,0.6467805175311693,0.103,8.89911450678773,-0.020892887410945145,-0.1028101857928603
Lebanon,E069_01,1,1.0544739269613774,0.103,8.89911450678773,0.724812938042926,-0.1028101857928603
Lebanon,E069_04,1,0.188553563864974,0.103,8.89911450678773,-0.8590288514100345,-0.1028101857928603
Lebanon,E069_05,1,0.4383534610290776,0.103,8.89911450678773,-0.4021236520510582,-0.1028101857928603
Lebanon,E069_07,1,0.6027303123332369,0.103,8.89911450678773,-0.10146444895383486,-0.1028101857928603
Lebanon,E069_08,1,2.453503440288673,0.103,8.89911450678773,3.28375658034542,-0.1028101857928603
Lebanon,E069_10,1,0.2539984709105617,0.103,8.89911450678773,-0.7393245655389717,-0.1028101857928603
Lebanon,E069_12,1,1.385618853400218,0.103,8.89911450678773,1.3305050954414368,-0.1028101857928603
Lebanon,E069_13,1,0.0977572690898724,0.103,8.89911450678773,-1.0251029756840762,-0.1028101857928603
Lebanon,E069_14,0,0.412606099840221,0.103,8.89911450678773,-0.4492177594967221,-0.1028101857928603
Lebanon,E069_15,1,0.13814639643475063,0.103,8.89911450678773,-0.9512278360585243,-0.1028101857928603
Lebanon,E069_40,1,0.7426795861056756,0.103,8.89911450678773,0.15451464294760406,-0.1028101857928603
Lebanon,E069_41,1,0.43922844648106363,0.103,8.89911450678773,-0.40052322944514634,-0.1028101857928603
Lebanon,E069_54,1,0.5522341378558148,0.103,8.89911450678773,-0.19382623504102175,-0.1028101857928603
Lebanon,E114,1,1.0755678914226048,0.103,8.89911450678773,0.7633955881834771,-0.1028101857928603
Lebanon,E115,1,0.9937769616620172,0.103,8.89911450678773,0.6137930403350809,-0.1028101857928603
Lebanon,E117,1,0.26270994983469226,0.103,8.89911450678773,-0.723390531699372,-0.1028101857928603
Lebanon,E117B,1,0.27925626725247965,0.103,8.89911450678773,-0.6931259137221094,-0.1028101857928603
Lebanon,E124,1,0.4593628691314692,0.103,8.89911450678773,-0.36369566266269127,-0.1028101857928603
Lebanon,E224,1,1.3759610768061268,0.103,8.89911450678773,1.312840202900713,-0.1028101857928603
Lebanon,E225,1,0.005362737414698275,0.103,8.89911450678773,-1.1941004108070843,-0.1028101857928603
Lebanon,E226,1,0.1968054089698911,0.103,8.89911450678773,-0.8439355268108467,-0.1028101857928603
Lebanon,E227,1,0.5146472799552315,0.103,8.89911450678773,-0.2625757861709866,-0.1028101857928603
Lebanon,E229,1,0.8148571458579492,0.103,8.89911450678773,0.28653352166712653,-0.1028101857928603
Lebanon,E233,1,0.27213253014115296,0.103,8.89911450678773,-0.7061558331175262,-0.1028101857928603
Lebanon,E233A,1,0.06295733034052817,0.103,8.89911450678773,-1.0887550153064294,-0.1028101857928603
Lebanon,E233B,1,1.0205016789782844,0.103,8.89911450678773,0.6626748150348504,-0.1028101857928603
Lebanon,E235,1,2.0907935288624397,0.103,8.89911450678773,2.6203293881364136,-0.1028101857928603
Lebanon,E236,1,1.5482932310885806,0.103,8.89911450678773,1.6280503298955185,-0.1028101857928603
Lebanon,E248B,0,1.4515215957317944,0.103,8.89911450678773,1.451046800883096,-0.1028101857928603
Lebanon,E254B,1,1.0650488522418406,0.103,8.89911450678773,0.7441553733214409,-0.1028101857928603
Lebanon,E258B,1,0.1350769508433478,0.103,8.89911450678773,-0.9568421123884304,-0.1028101857928603
Lebanon,E259B,0,0.25565392421612115,0.103,8.89911450678773,-0.7362966010314075,-0.1028101857928603
Lebanon,E260B,1,0.7018888460458288,0.103,8.89911450678773,0.07990491960251886,-0.1028101857928603
Lebanon,E261B,1,0.6806135232973476,0.103,8.89911450678773,0.0409905497721927,-0.1028101857928603
Lebanon,E262B,1,0.35042824782842064,0.103,8.89911450678773,-0.5629463246069843,-0.1028101857928603
Lebanon,E268,1,0.4645021121034873,0.103,8.89911450678773,-0.3542955513682436,-0.1028101857928603
Lebanon,E277,1,0.05031750114455349,0.103,8.89911450678773,-1.1118743349867584,-0.1028101857928603
Lebanon,E286,1,0.524426527084514,0.103,8.89911450678773,-0.24468871371855014,-0.1028101857928603
Lebanon,E287,0,1.1758213440240521,0.103,8.89911450678773,0.9467676562560191,-0.1028101857928603
Lebanon,E289,0,0.3094340356904593,0.103,8.89911450678773,-0.637928215640969,-0.1028101857928603
Lebanon,F028,1,0.48448321226407964,0.103,8.89911450678773,-0.31774842442411355,-0.1028101857928603
Lebanon,F028B,1,0.8209157147375669,0.103,8.89911450678773,0.2976151580216574,-0.1028101857928603
Lebanon,F114A,1,0.29892299369549136,0.103,8.89911450678773,-0.6571538029718814,-0.1028101857928603
Lebanon,F114B,1,0.06689207374230746,0.103,8.89911450678773,-1.0815580358887986,-0.1028101857928603
Lebanon,F114C,1,0.7755510119687128,0.103,8.89911450678773,0.21463926892892754,-0.1028101857928603
Lebanon,F114D,1,0.13081069540572965,0.103,8.89911450678773,-0.96464545543769,-0.1028101857928603
Lebanon,F116,1,0.3454014323162497,0.103,8.89911450678773,-0.572140796541536,-0.1028101857928603
Lebanon,F117,1,2.2213985165763437,0.103,8.89911450678773,2.859216988276199,-0.1028101857928603
Lebanon,F120,1,1.2101974768283712,0.103,8.89911450678773,1.0096445188586876,-0.1028101857928603
Lebanon,F121,1,0.4449462341186574,0.103,8.89911450678773,-0.3900649108865489,-0.1028101857928603
Lebanon,F122,1,1.1305604520910586,0.103,8.89911450678773,0.8639816459870716,-0.1028101857928603
Lebanon,F123,1,0.9947897106833328,0.103,8.89911450678773,0.6156454441940816,-0.1028101857928603
Lebanon,F144_02,1,0.11534629523539379,0.103,8.89911450678773,-0.992931155003661,-0.1028101857928603
Lebanon,F202,1,0.47047053077955714,0.103,8.89911450678773,-0.3433788073823321,-0.1028101857928603
Lebanon,F206,1,1.6989511446158365,0.103,8.89911450678773,1.9036164321904159,-0.1028101857928603
Lebanon,G007_18_B,1,0.5010958030231903,0.103,8.89911450678773,-0.28736258688442023,-0.1028101857928603
Lebanon,G007_33_B,1,0.28288362682017026,0.103,8.89911450678773,-0.686491165408608,-0.1028101857928603
Lebanon,G007_34_B,1,0.16845772834335782,0.103,8.89911450678773,-0.8957858390610633,-0.1028101857928603
Lebanon,G007_35_B,1,0.9449346661634691,0.103,8.89911450678773,0.5244563391784198,-0.1028101857928603
Lebanon,G007_36_B,1,0.15512897832173508,0.103,8.89911450678773,-0.9201652533641634,-0.1028101857928603
Lebanon,G052,1,2.0993777599561483,0.103,8.89911450678773,2.6360306749013067,-0.1028101857928603
Lebanon,G058,1,0.19130744660288437,0.103,8.89911450678773,-0.8539917663044727,-0.1028101857928603
Lebanon,G062,1,0.36088948765343337,0.103,8.89911450678773,-0.5438118296690242,-0.1028101857928603
Lebanon,G063,1,1.1572906799184222,0.103,8.89911450678773,0.9128734998790253,-0.1028101857928603
Lebanon,H001,0,0.18656257356764616,0.103,8.89911450678773,-0.8626705415350098,-0.1028101857928603
Lebanon,H006_01,1,0.5172748528448806,0.103,8.89911450678773,-0.257769732491202,-0.1028101857928603
Lebanon,H006_02,1,0.37328370427444607,0.103,8.89911450678773,-0.5211417562205876,-0.1028101857928603
Lebanon,H008_01,0,0.5545622450603778,0.103,8.89911450678773,-0.18956792949924195,-0.1028101857928603
Lebanon,H008_02,0,0.3526684343098521,0.103,8.89911450678773,-0.5588488335250432,-0.1028101857928603
Lebanon,H008_03,0,0.7600552557570442,0.103,8.89911450678773,0.1862962165038126,-0.1028101857928603
Lebanon,H008_04,0,1.7826908774143821,0.103,8.89911450678773,2.0567835060881756,-0.1028101857928603
Lebanon,H008_07,1,0.8337971718073416,0.103,8.89911450678773,0.3211764355774805,-0.1028101857928603
Lebanon,H008_08,1,0.31815077499284966,0.103,8.89911450678773,-0.6219845601233589,-0.1028101857928603
Lebanon,H008_09,0,1.215903231428476,0.103,8.89911450678773,1.020080827971103,-0.1028101857928603
Libya,A001,1,0.3741272799848654,0.146,9.144941000413185,-0.5195987846961024,0.8377936416737292
Libya,A002,1,1.0766058391144118,0.146,9.144941000413185,0.7652940825480993,0.8377936416737292
Libya,A003,1,0.8684821580876222,0.146,9.144941000413185,0.3846182173839155,0.8377936416737292
Libya,A004,1,0.14984993053965856,0.146,9.144941000413185,-0.9298210795141266,0.8377936416737292
Libya,A005,0,0.5030834627004926,0.146,9.144941000413185,-0.283726988745967,0.8377936416737292
Libya,A006,1,1.8450594824472137,0.146,9.144941000413185,2.170860974653131,0.8377936416737292
Libya,A008,0,0.5601090802691906,0.146,9.144941000413185,-0.17942229743267196,0.8377936416737292
Libya,A009,1,2.4199817909447603,0.146,9.144941000413185,3.2224426404671327,0.8377936416737292
Libya,A062,1,0.19803341722441312,0.146,9.144941000413185,-0.8416893955565241,0.8377936416737292
Libya,A165,1,0.36037936999978126,0.146,9.144941000413185,-0.5447448781245459,0.8377936416737292
Libya,A170,1,1.41973269951985,0.146,9.144941000413185,1.3929022134512665,0.8377936416737292
Libya,A173,0,0.5150786783712311,0.146,9.144941000413185,-0.26178672187791385,0.8377936416737292
Libya,B008,1,0.6220763398109185,0.146,9.144941000413185,-0.06607892381213541,0.8377936416737292
Libya,C001_01,1,0.5204860392821994,0.146,9.144941000413185,-0.2518962001319869,0.8377936416737292
Libya,C002_01,1,0.1445004758583535,0.146,9.144941000413185,-0.939605685854528,0.8377936416737292
Libya,C006,1,0.7166829645481912,0.146,9.144941000413185,0.10696461714603563,0.8377936416737292
Libya,C038,1,0.05134907186276187,0.146,9.144941000413185,-1.109987504647728,0.8377936416737292
Libya,C039,1,0.1079397300493145,0.146,9.144941000413185,-1.0064783909366193,0.8377936416737292
Libya,C041,0,0.42885174905595164,0.146,9.144941000413185,-0.41950308916299844,0.8377936416737292
Libya,D001_B,1,0.16369522254575722,0.146,9.144941000413185,-0.9044968661095312,0.8377936416737292
Libya,D026_03,1,0.15494276478691113,0.146,9.144941000413185,-0.9205058537135551,0.8377936416737292
Libya,D026_05,1,0.7509552409694202,0.146,9.144941000413185,0.16965151761517563,0.8377936416737292
Libya,D054,1,0.5451099449805513,0.146,9.144941000413185,-0.20685698806733566,0.8377936416737292
Libya,D057,1,0.37103771296210336,0.146,9.144941000413185,-0.5252498648306176,0.8377936416737292
Libya,D059,1,1.2331078069598236,0.146,9.144941000413185,1.0515494558699885,0.8377936416737292
Libya,D060,1,0.5405260769956183,0.146,9.144941000413185,-0.21524127140479105,0.8377936416737292
Libya,D061,1,0.3038234617150896,0.146,9.144941000413185,-0.6481904313177453,0.8377936416737292
Libya,D066_01,1,0.6675563383712717,0.146,9.144941000413185,0.017107851062367032,0.8377936416737292
Libya,D078,1,0.2973365860115127,0.146,9.144941000413185,-0.6600554771812855,0.8377936416737292
Libya,E015,1,0.7120631101453775,0.146,9.144941000413185,0.09851451159799221,0.8377936416737292
Libya,E016,1,1.022866068171478,0.146,9.144941000413185,0.6669994834111895,0.8377936416737292
Libya,E018,1,0.39419324652535526,0.146,9.144941000413185,-0.48289642994497106,0.8377936416737292
Libya,E023,0,1.048065040435976,0.146,9.144941000413185,0.7130905410011292,0.8377936416737292
Libya,E025,1,0.8916023320764406,0.146,9.144941000413185,0.4269069766088064,0.8377936416737292
Libya,E026,1,0.24749014697937832,0.146,9.144941000413185,-0.751228842029993,0.8377936416737292
Libya,E027,0,0.3736574544830485,0.146,9.144941000413185,-0.520458135388431,0.8377936416737292
Libya,E028,1,0.4674442744504687,0.146,9.144941000413185,-0.34891408688825265,0.8377936416737292
Libya,E034,1,0.40047361232863593,0.146,9.144941000413185,-0.47140910820476173,0.8377936416737292
Libya,E035,1,0.5596680603966647,0.146,9.144941000413185,-0.18022896018580084,0.8377936416737292
Libya,E036,0,1.0937364075956653,0.146,9.144941000413185,0.7966273452752566,0.8377936416737292
Libya,E037,1,0.446295351689601,0.146,9.144941000413185,-0.387597260420281,0.8377936416737292
Libya,E039,1,0.8887793700973016,0.146,9.144941000413185,0.42174353971189693,0.8377936416737292
Libya,E040,1,1.4915919740691326,0.146,9.144941000413185,1.5243389215383083,0.8377936416737292
Libya,E069_01,1,0.9337181470545414,0.146,9.144941000413185,0.5039403743691483,0.8377936416737292
Libya,E069_04,1,0.908955943657939,0.146,9.144941000413185,0.4586482040843082,0.8377936416737292
Libya,E069_05,1,0.23918860237435147,0.146,9.144941000413185,-0.7664130712302774,0.8377936416737292
Libya,E069_07,1,0.6425657047975395,0.146,9.144941000413185,-0.028602137391359472,0.8377936416737292
Libya,E069_08,1,1.2463898545685805,0.146,9.144941000413185,1.075843447498767,0.8377936416737292
Libya,E069_10,1,1.456222595981119,0.146,9.144941000413185,1.4596453290670095,0.8377936416737292
Libya,E069_12,1,1.709766134031257,0.146,9.144941000413185,1.9233979651334487,0.8377936416737292
Libya,E069_13,1,0.5457287454587101,0.146,9.144941000413185,-0.20572514950756707,0.8377936416737292
Libya,E069_14,1,0.07529474183184386,0.146,9.144941000413185,-1.0661888432582876,0.8377936416737292
Libya,E069_15,1,1.0624936494169863,0.146,9.144941000413185,0.7394816906284263,0.8377936416737292
Libya,E069_40,1,0.3376348166071816,0.146,9.144941000413185,-0.5863465954196881,0.8377936416737292
Libya,E069_41,1,0.8344554647574923,0.146,9.144941000413185,0.32238050921818195,0.8377936416737292
Libya,E069_54,1,1.048910389097746,0.146,9.144941000413185,0.7146367554040126,0.8377936416737292
Libya,E114,1,0.18646112002776483,0.146,9.144941000413185,-0.8628561086645059,0.8377936416737292
Libya,E115,1,0.5525679147221393,0.146,9.144941000413185,-0.19321572884233734,0.8377936416737292
Libya,E117,1,0.9562417108492802,0.146,9.144941000413185,0.5451378829459798,0.8377936416737292
Libya,E117B,1,0.9204828948014353,0.146,9.144941000413185,0.47973197541492824,0.8377936416737292
Libya,E124,1,1.3035403876615896,0.146,9.144941000413185,1.1803766199010712,0.8377936416737292
Libya,E224,1,0.6262588760884813,0.146,9.144941000413185,-0.05842871020748143,0.8377936416737292
Libya,E225,1,0.6695582846249676,0.146,9.144941000413185,0.020769580560798195,0.8377936416737292
Libya,E226,1,0.3024507416355358,0.146,9.144941000413185,-0.6507012527741711,0.8377936416737292
Libya,E227,1,0.1009337111710982,0.146,9.144941000413185,-1.0192929936990907,0.8377936416737292
Libya,E229,1,0.655593739675613,0.146,9.144941000413185,-0.004772756591769439,0.8377936416737292
Libya,E233,1,0.0795997953144167,0.146,9.144941000413185,-1.058314535294046,0.8377936416737292
Libya,E233A,1,1.1894321620864297,0.146,9.144941000413185,0.9716629969300143,0.8377936416737292
Libya,E233B,1,1.0622991574220564,0.146,9.144941000413185,0.7391259482733411,0.8377936416737292
Libya,E235,1,0.6300822612689281,0.146,9.144941000413185,-0.051435414421812764,0.8377936416737292
Libya,E236,1,1.130966261736754,0.146,9.144941000413185,0.8647239062488781,0.8377936416737292
Libya,E248B,0,1.0959049796210512,0.146,9.144941000413185,0.800593847442919,0.8377936416737292
Libya,E254B,1,0.4444429397629901,0.146,9.144941000413185,-0.3909854789513202,0.8377936416737292
Libya,E258B,1,0.7887919857682891,0.146,9.144941000413185,0.23885813307693,0.8377936416737292
Libya,E259B,1,0.621241741953034,0.146,9.144941000413185,-0.06760547408285368,0.8377936416737292
Libya,E260B,1,0.48748065408409674,0.146,9.144941000413185,-0.31226584909926414,0.8377936416737292
Libya,E261B,1,0.3128188549319275,0.146,9.144941000413185,-0.6317370941558342,0.8377936416737292
Libya,E262B,1,0.07841520727311144,0.146,9.144941000413185,-1.0604812472955938,0.8377936416737292
Libya,E268,0,0.5568406936114743,0.146,9.144941000413185,-0.1854004538465838,0.8377936416737292
Libya,E277,1,0.15447087439439786,0.146,9.144941000413185,-0.9213689812661066,0.8377936416737292
Libya,E286,1,0.9521361863930988,0.146,9.144941000413185,0.5376285304945959,0.8377936416737292
Libya,E287,1,1.7603378180394262,0.146,9.144941000413185,2.0158978645569148,0.8377936416737292
Libya,E289,1,0.9362875930883704,0.146,9.144941000413185,0.5086401090994535,0.8377936416737292
Libya,F028,1,1.3338702310086326,0.146,9.144941000413185,1.2358524758895282,0.8377936416737292
Libya,F028B,1,1.7180921082907683,0.146,9.144941000413185,1.9386268782438518,0.8377936416737292
Libya,F114A,1,0.09823249126947728,0.146,9.144941000413185,-1.0242337540103397,0.8377936416737292
Libya,F114B,1,0.5539207856348831,0.146,9.144941000413185,-0.19074121319556706,0.8377936416737292
Libya,F114C,1,0.6650559003526936,0.146,9.144941000413185,0.012534337845055034,0.8377936416737292
Libya,F114D,1,0.1477518049421158,0.146,9.144941000413185,-0.9336587291901618,0.8377936416737292
Libya,F116,1,0.08625844414701733,0.146,9.144941000413185,-1.0461353018081245,0.8377936416737292
Libya,F117,1,0.14798566353932857,0.146,9.144941000413185,-0.9332309819805178,0.8377936416737292
Libya,F120,1,0.3087566113056991,0.146,9.144941000413185,-0.6391672822982549,0.8377936416737292
Libya,F121,1,0.009160943057717724,0.146,9.144941000413185,-1.1871531705310399,0.8377936416737292
Libya,F122,1,1.7162154384898238,0.146,9.144941000413185,1.9351942900031598,0.8377936416737292
Libya,F123,1,0.41476593611787876,0.146,9.144941000413185,-0.4452672357526003,0.8377936416737292
Libya,F144_02,0,1.1320446238606778,0.146,9.144941000413185,0.8666963220377001,0.8377936416737292
Libya,F202,1,2.1746228517812574,0.146,9.144941000413185,2.7736603299629756,0.8377936416737292
Libya,F206,1,1.0283812074174956,0.146,9.144941000413185,0.6770871408734292,0.8377936416737292
Libya,G007_18_B,1,0.43684191511459897,0.146,9.144941000413185,-0.4048883977344457,0.8377936416737292
Libya,G007_33_B,1,0.5361099156380903,0.146,9.144941000413185,-0.22331880509623678,0.8377936416737292
Libya,G007_34_B,1,0.9581086443701881,0.146,9.144941000413185,0.548552662704676,0.8377936416737292
Libya,G007_35_B,1,0.9643407337332722,0.146,9.144941000413185,0.5599516827410705,0.8377936416737292
Libya,G007_36_B,1,0.5954376752070846,0.146,9.144941000413185,-0.11480330080207385,0.8377936416737292
Libya,G052,1,0.5909125416117836,0.146,9.144941000413185,-0.12308015395917789,0.8377936416737292
Libya,G058,1,0.6131708050825094,0.146,9.144941000413185,-0.08236790217712227,0.8377936416737292
Libya,G062,0,0.6126700982202673,0.146,9.144941000413185,-0.0832837374969537,0.8377936416737292
Libya,G063,0,1.2101373690148125,0.146,9.144941000413185,1.0095345765694839,0.8377936416737292
Libya,H001,0,1.506696891904428,0.146,9.144941000413185,1.5519670974230353,0.8377936416737292
Libya,H006_01,1,0.02190703660229018,0.146,9.144941000413185,-1.1638394843440307,0.8377936416737292
Libya,H006_02,1,0.18520381685814952,0.146,9.144941000413185,-0.8651558228032605,0.8377936416737292
Libya,H008_01,0,1.049284589110898,0.146,9.144941000413185,0.7153211989668415,0.8377936416737292
Libya,H008_02,0,0.7970032186783362,0.146,9.144941000413185,0.2538771745270687,0.8377936416737292
Libya,H008_03,1,0.6697118750505681,0.146,9.144941000413185,0.02105051047640387,0.8377936416737292
Libya,H008_04,0,0.3115296714311057,0.146,9.144941000413185,-0.6340951201243811,0.8377936416737292
Libya,H008_07,1,0.3547027386970753,0.146,9.144941000413185,-0.555127918255849,0.8377936416737292
Libya,H008_08,1,0.4759154188562711,0.146,9.144941000413185,-0.33341964526728946,0.8377936416737292
Libya,H008_09,0,1.1257097078695197,0.146,9.144941000413185,0.855109223377043,0.8377936416737292
Malaysia,A001,1,0.7241611678712302,0.125,9.27717503620839,0.12064288530767309,0.3784289817481856
Malaysia,A002,1,0.14360550171250663,0.125,9.27717503620839,-0.9412426694769057,0.3784289817481856
Malaysia,A003,1,0.4379559617318948,0.125,9.27717503620839,-0.4028507119805706,0.3784289817481856
Malaysia,A004,1,0.4730081530299915,0.125,9.27717503620839,-0.3387372810510751,0.3784289817481856
Malaysia,A005,1,1.5058327874578634,0.125,9.27717503620839,1.550386577098941,0.3784289817481856
Malaysia,A006,1,0.7084757322148159,0.125,9.27717503620839,0.09195289308994908,0.3784289817481856
Malaysia,A008,1,0.8655786677957412,0.125,9.27717503620839,0.379307487372777,0.3784289817481856
Malaysia,A009,1,0.19383966817313159,0.125,9.27717503620839,-0.8493601182753511,0.3784289817481856
Malaysia,A062,1,0.3991040547998994,0.125,9.27717503620839,-0.47391414508750257,0.3784289817481856
Malaysia,A165,1,0.13432879687027496,0.125,9.27717503620839,-0.9582105494618592,0.3784289817481856
Malaysia,A170,1,0.32968456104112076,0.125,9.27717503620839,-0.6008882871721851,0.3784289817481856
Malaysia,A173,1,0.34535755557476033,0.125,9.27717503620839,-0.5722210508232433,0.3784289817481856
Malaysia,B008,1,0.5617937754332469,0.125,9.27717503620839,-0.1763408470856905,0.3784289817481856
Malaysia,C001_01,1,0.015046692857381616,0.125,9.27717503620839,-1.1763876349318567,0.3784289817481856
Malaysia,C002_01,1,1.356232244996047,0.125,9.27717503620839,1.276754496166485,0.3784289817481856
Malaysia,C006,1,0.4655329577994521,0.125,9.27717503620839,-0.3524100471563915,0.3784289817481856
Malaysia,C038,1,1.0302968493362552,0.125,9.27717503620839,0.6805910124231291,0.3784289817481856
Malaysia,C039,1,0.10362742204287646,0.125,9.27717503620839,-1.0143659680403219,0.3784289817481856
Malaysia,C041,1,1.120983537059913,0.125,9.27717503620839,0.8464646561034652,0.3784289817481856
Malaysia,D001_B,1,0.27423971054220375,0.125,9.27717503620839,-0.7023016214378675,0.3784289817481856
Malaysia,D026_03,0,0.17822956340626742,0.125,9.27717503620839,-0.8779123239066972,0.3784289817481856
Malaysia,D026_05,1,0.12482004167217874,0.125,9.27717503620839,-0.9756028692296601,0.3784289817481856
Malaysia,D054,1,0.32553058288176423,0.125,9.27717503620839,-0.6084862655564066,0.3784289817481856
Malaysia,D057,1,0.046530561877081884,0.125,9.27717503620839,-1.118800968106338,0.3784289817481856
Malaysia,D059,1,0.6621815465472841,0.125,9.27717503620839,0.0072769009389618495,0.3784289817481856
Malaysia,D060,0,0.3619126731253347,0.125,9.27717503620839,-0.5419403366567066,0.3784289817481856
Malaysia,D061,1,0.8462116865352615,0.125,9.27717503620839,0.34388363598508853,0.3784289817481856
Malaysia,D066_01,1,0.49139671085861913,0.125,9.27717503620839,-0.30510304910784225,0.3784289817481856
Malaysia,D078,1,0.12850696498936037,0.125,9.27717503620839,-0.9688591737662811,0.3784289817481856
Malaysia,E015,1,0.032269327092764616,0.125,9.27717503620839,-1.1448859761315935,0.3784289817481856
Malaysia,E016,1,0.07628116661367912,0.125,9.27717503620839,-1.0643845886660568,0.3784289817481856
Malaysia,E018,1,0.37637419556107676,0.125,9.27717503620839,-0.5154889855290626,0.3784289817481856
Malaysia,E023,1,0.19517790726938244,0.125,9.27717503620839,-0.846912365461983,0.3784289817481856
Malaysia,E025,1,0.2968125105923041,0.125,9.27717503620839,-0.6610140555738752,0.3784289817481856
Malaysia,E026,1,0.28836321200471526,0.125,9.27717503620839,-0.6764685393404144,0.3784289817481856
Malaysia,E027,1,0.6951348921226915,0.125,9.27717503620839,0.06755136502244986,0.3784289817481856
Malaysia,E028,1,1.0223881718180965,0.125,9.27717503620839,0.6661253704467983,0.3784289817481856
Malaysia,E034,1,0.47860108475320184,0.125,9.27717503620839,-0.328507334549873,0.3784289817481856
Malaysia,E035,1,0.5563022734103181,0.125,9.27717503620839,-0.18638527006204658,0.3784289817481856
Malaysia,E036,1,0.776157986774887,0.125,9.27717503620839,0.21574947733161043,0.3784289817481856
Malaysia,E037,1,0.3971795072532084,0.125,9.27717503620839,-0.4774343057860437,0.3784289817481856
Malaysia,E039,1,0.2918619850438013,0.125,9.27717503620839,-0.6700689866941408,0.3784289817481856
Malaysia,E040,1,0.18244571001743454,0.125,9.27717503620839,-0.8702006341511306,0.3784289817481856
Malaysia,E069_01,1,0.032055441918495915,0.125,9.27717503620839,-1.1452771902565735,0.3784289817481856
Malaysia,E069_04,1,0.4308866696645101,0.125,9.27717503620839,-0.41578104677271555,0.3784289817481856
Malaysia,E069_05,1,1.0253752565590113,0.125,9.27717503620839,0.6715890017955064,0.3784289817481856
Malaysia,E069_07,1,0.4051074293738391,0.125,9.27717503620839,-0.4629334637995093,0.3784289817481856
Malaysia,E069_08,1,0.6416759480183906,0.125,9.27717503620839,-0.030229578007521834,0.3784289817481856
Malaysia,E069_10,1,0.3497885784384542,0.125,9.27717503620839,-0.5641163341765018,0.3784289817481856
Malaysia,E069_12,1,0.13520799991322538,0.125,9.27717503620839,-0.9566024125243473,0.3784289817481856
Malaysia,E069_13,1,0.7250007363452011,0.125,9.27717503620839,0.12217852725680965,0.3784289817481856
Malaysia,E069_14,1,1.4535479843319994,0.125,9.27717503620839,1.4547532375064351,0.3784289817481856
Malaysia,E069_15,1,0.45603960617245404,0.125,9.27717503620839,-0.3697741924861588,0.3784289817481856
Malaysia,E069_40,0,0.6179015387212851,0.125,9.27717503620839,-0.07371498910198589,0.3784289817481856
Malaysia,E069_41,1,0.5274809086442176,0.125,9.27717503620839,-0.23910199078031788,0.3784289817481856
Malaysia,E069_54,0,0.11145519674663715,0.125,9.27717503620839,-1.0000483041735135,0.3784289817481856
Malaysia,E114,1,0.14618281555631923,0.125,9.27717503620839,-0.9365285438548112,0.3784289817481856
Malaysia,E115,0,0.4855889548935718,0.125,9.27717503620839,-0.3157259273682564,0.3784289817481856
Malaysia,E117,1,0.09567440018782625,0.125,9.27717503620839,-1.0289127195700107,0.3784289817481856
Malaysia,E117B,1,0.08637606982077105,0.125,9.27717503620839,-1.045920154474093,0.3784289817481856
Malaysia,E124,1,0.204150960730802,0.125,9.27717503620839,-0.8304998896075383,0.3784289817481856
Malaysia,E224,1,0.07277338441530859,0.125,9.27717503620839,-1.0708006198287978,0.3784289817481856
Malaysia,E225,1,1.84656281208708,0.125,9.27717503620839,2.173610692073367,0.3784289817481856
Malaysia,E226,0,1.3021837494836894,0.125,9.27717503620839,1.1778952136067993,0.3784289817481856
Malaysia,E227,0,0.7024873909236469,0.125,9.27717503620839,0.08099970895123144,0.3784289817481856
Malaysia,E229,0,1.9804344772978721,0.125,9.27717503620839,2.418473322426943,0.3784289817481856
Malaysia,E233,0,1.090038126437372,0.125,9.27717503620839,0.7898628753571386,0.3784289817481856
Malaysia,E233A,1,0.8871717645208558,0.125,9.27717503620839,0.41880309275921457,0.3784289817481856
Malaysia,E233B,1,0.4100795535808722,0.125,9.27717503620839,-0.4538390269008438,0.3784289817481856
Malaysia,E235,1,0.2409086857966422,0.125,9.27717503620839,-0.7632668927574354,0.3784289817481856
Malaysia,E236,1,0.867181029418911,0.125,9.27717503620839,0.38223834269013757,0.3784289817481856
Malaysia,E248B,1,1.5041080578311519,0.125,9.27717503620839,1.5472319003241333,0.3784289817481856
Malaysia,E254B,1,0.7684612843237334,0.125,9.27717503620839,0.2016715557320638,0.3784289817481856
Malaysia,E258B,1,1.4700691434381175,0.125,9.27717503620839,1.484971838797785,0.3784289817481856
Malaysia,E259B,1,1.0187797414914996,0.125,9.27717503620839,0.6595252453207916,0.3784289817481856
Malaysia,E260B,1,0.35673730091724176,0.125,9.27717503620839,-0.5514065313883327,0.3784289817481856
Malaysia,E261B,1,0.7391534236194391,0.125,9.27717503620839,0.14806499267938308,0.3784289817481856
Malaysia,E262B,1,0.3549057047916231,0.125,9.27717503620839,-0.5547566760538094,0.3784289817481856
Malaysia,E268,1,0.6235926718507054,0.125,9.27717503620839,-0.06330542389961094,0.3784289817481856
Malaysia,E277,1,0.15746309175923434,0.125,9.27717503620839,-0.9158959619129086,0.3784289817481856
Malaysia,E286,1,0.5674284672211699,0.125,9.27717503620839,-0.1660345178841375,0.3784289817481856
Malaysia,E287,1,0.3597222318632962,0.125,9.27717503620839,-0.5459468395131042,0.3784289817481856
Malaysia,E289,1,1.1382478810706438,0.125,9.27717503620839,0.8780426056205654,0.3784289817481856
Malaysia,F028,1,0.021704363630604552,0.125,9.27717503620839,-1.1642101903994935,0.3784289817481856
Malaysia,F028B,1,0.9262592128207946,0.125,9.27717503620839,0.49029735100618554,0.3784289817481856
Malaysia,F114A,1,0.8189724832861867,0.125,9.27717503620839,0.2940608228767144,0.3784289817481856
Malaysia,F114B,1,1.1195115348816562,0.125,9.27717503620839,0.843772239267635,0.3784289817481856
Malaysia,F114C,1,0.9530493741549135,0.125,9.27717503620839,0.5392988283654153,0.3784289817481856
Malaysia,F114D,1,0.9425960220812243,0.125,9.27717503620839,0.5201787607936466,0.3784289817481856
Malaysia,F116,1,0.16272559985020588,0.125,9.27717503620839,-0.9062703882608347,0.3784289817481856
Malaysia,F117,1,0.7807138931001621,0.125,9.27717503620839,0.2240826164219086,0.3784289817481856
Malaysia,F120,1,0.36372629247429394,0.125,9.27717503620839,-0.5386230730404884,0.3784289817481856
Malaysia,F121,1,0.5929739457376039,0.125,9.27717503620839,-0.11930967096955296,0.3784289817481856
Malaysia,F122,1,0.23066042186736818,0.125,9.27717503620839,-0.7820118367179698,0.3784289817481856
Malaysia,F123,1,0.18080591483327746,0.125,9.27717503620839,-0.8731999586265645,0.3784289817481856
Malaysia,F144_02,1,0.7477846651103472,0.125,9.27717503620839,0.16385226544806678,0.3784289817481856
Malaysia,F202,1,0.7912065437156331,0.125,9.27717503620839,0.24327456435980707,0.3784289817481856
Malaysia,F206,1,0.7286345632014352,0.125,9.27717503620839,0.12882510478959738,0.3784289817481856
Malaysia,G007_18_B,1,0.21565742710525249,0.125,9.27717503620839,-0.8094535866569734,0.3784289817481856
Malaysia,G007_33_B,1,0.46563851878933105,0.125,9.27717503620839,-0.3522169671524654,0.3784289817481856
Malaysia,G007_34_B,1,0.445650973329171,0.125,9.27717503620839,-0.38877588309618016,0.3784289817481856
Malaysia,G007_35_B,1,0.6755951321787027,0.125,9.27717503620839,0.03181148676793758,0.3784289817481856
Malaysia,G007_36_B,1,0.20679246167599535,0.125,9.27717503620839,-0.8256683603328179,0.3784289817481856
Malaysia,G052,1,1.281477213458023,0.125,9.27717503620839,1.1400212029356673,0.3784289817481856
Malaysia,G058,1,0.25604186887511887,0.125,9.27717503620839,-0.7355870173455377,0.3784289817481856
Malaysia,G062,1,0.9976032344755125,0.125,9.27717503620839,0.6207916178465174,0.3784289817481856
Malaysia,G063,1,1.1290677335908006,0.125,9.27717503620839,0.8612513372411911,0.3784289817481856
Malaysia,H001,1,1.736680509770457,0.125,9.27717503620839,1.9726266411751483,0.3784289817481856
Malaysia,H006_01,1,0.38969049958590246,0.125,9.27717503620839,-0.49113233600974476,0.3784289817481856
Malaysia,H006_02,1,0.5982523864448367,0.125,9.27717503620839,-0.1096549552109697,0.3784289817481856
Malaysia,H008_01,1,0.5709560489615708,0.125,9.27717503620839,-0.159582271679672,0.3784289817481856
Malaysia,H008_02,1,1.4308146488549143,0.125,9.27717503620839,1.4131720387302467,0.3784289817481856
Malaysia,H008_03,1,1.0996915178340563,0.125,9.27717503620839,0.8075197469998627,0.3784289817481856
Malaysia,H008_04,0,0.5850971990125944,0.125,9.27717503620839,-0.13371690881691822,0.3784289817481856
Malaysia,H008_07,1,0.20184407743209704,0.125,9.27717503620839,-0.8347193748253413,0.3784289817481856
Malaysia,H008_08,1,0.041199656851290976,0.125,9.27717503620839,-1.1285516455534652,0.3784289817481856
Malaysia,H008_09,0,0.059198211890967335,0.125,9.27717503620839,-1.0956307617903533,0.3784289817481856
Mexico,A001,1,1.7358901351468865,0.077,9.172373983828278,1.9711809789509025,-0.6715473837959144
Mexico,A002,1,0.07717395305376247,0.077,9.172373983828278,-1.0627516065430767,-0.6715473837959144
Mexico,A003,0,0.7049496751708298,0.077,9.172373983828278,0.08550343568454763,-0.6715473837959144
Mexico,A004,1,0.12936367547559083,0.077,9.172373983828278,-0.9672921776227762,-0.6715473837959144
Mexico,A005,0,0.36438953538609536,0.077,9.172373983828278,-0.5374099455000836,-0.6715473837959144
Mexico,A006,1,0.561650939851536,0.077,9.172373983828278,-0.17660210547962132,-0.6715473837959144
Mexico,A008,1,1.3625485405951638,0.077,9.172373983828278,1.2883075365507601,-0.6715473837959144
Mexico,A009,1,0.6344822337732727,0.077,9.172373983828278,-0.04338749151594017,-0.6715473837959144
Mexico,A062,1,0.33642350094100976,0.077,9.172373983828278,-0.5885621945140916,-0.6715473837959144
Mexico,A165,1,0.13399991633627345,0.077,9.172373983828278,-0.9588120998534295,-0.6715473837959144
Mexico,A170,1,0.9937295308807331,0.077,9.172373983828278,0.6137062854131438,-0.6715473837959144
Mexico,A173,1,0.9822488179584971,0.077,9.172373983828278,0.592707087711027,-0.6715473837959144
Mexico,B008,1,0.0782398311892681,0.077,9.172373983828278,-1.0608020250279344,-0.6715473837959144
Mexico,C001_01,1,0.4822674084594688,0.077,9.172373983828278,-0.3218013175220679,-0.6715473837959144
Mexico,C002_01,1,1.2720243477270878,0.077,9.172373983828278,1.1227311097437185,-0.6715473837959144
Mexico,C006,1,1.0686307011457628,0.077,9.172373983828278,0.7507068787708011,-0.6715473837959144
Mexico,C038,1,0.27713668949112996,0.077,9.172373983828278,-0.6970028012252701,-0.6715473837959144
Mexico,C039,1,0.3406610620491422,0.077,9.172373983828278,-0.5808113358272479,-0.6715473837959144
Mexico,C041,1,0.455005972169383,0.077,9.172373983828278,-0.3716647967482059,-0.6715473837959144
Mexico,D001_B,1,0.15243703151255633,0.077,9.172373983828278,-0.9250890524028138,-0.6715473837959144
Mexico,D026_03,1,0.49281520027943837,0.077,9.172373983828278,-0.30250851164419296,-0.6715473837959144
Mexico,D026_05,1,0.2203420935959536,0.077,9.172373983828278,-0.8008849343029736,-0.6715473837959144
Mexico,D054,1,0.033026866244206546,0.077,9.172373983828278,-1.1435003727708986,-0.6715473837959144
Mexico,D057,1,0.38509645490970984,0.077,9.172373983828278,-0.4995352333786772,-0.6715473837959144
Mexico,D059,1,0.7422240671188897,0.077,9.172373983828278,0.15368146008471234,-0.6715473837959144
Mexico,D060,1,0.16795603524920677,0.077,9.172373983828278,-0.8967034782827061,-0.6715473837959144
Mexico,D061,1,0.25496981121963014,0.077,9.172373983828278,-0.7375479017268616,-0.6715473837959144
Mexico,D066_01,1,1.5440383132562596,0.077,9.172373983828278,1.6202677242879768,-0.6715473837959144
Mexico,D078,1,0.8689042476805868,0.077,9.172373983828278,0.3853902550501046,-0.6715473837959144
Mexico,E015,1,0.45800846328385714,0.077,9.172373983828278,-0.3661729858355251,-0.6715473837959144
Mexico,E016,1,0.6696634308424946,0.077,9.172373983828278,0.0209619019109125,-0.6715473837959144
Mexico,E018,1,0.13804286220534331,0.077,9.172373983828278,-0.9514172089456425,-0.6715473837959144
Mexico,E023,1,0.25746933680286505,0.077,9.172373983828278,-0.732976057431183,-0.6715473837959144
Mexico,E025,0,0.15784618797578157,0.077,9.172373983828278,-0.9151952464395144,-0.6715473837959144
Mexico,E026,0,0.6880894087885394,0.077,9.172373983828278,0.054664578422788664,-0.6715473837959144
Mexico,E027,0,0.17133346973254077,0.077,9.172373983828278,-0.8905258641465569,-0.6715473837959144
Mexico,E028,1,0.7627988066513508,0.077,9.172373983828278,0.19131440379110012,-0.6715473837959144
Mexico,E034,1,0.10642962316391878,0.077,9.172373983828278,-1.009240504513759,-0.6715473837959144
Mexico,E035,1,0.343626571166645,0.077,9.172373983828278,-0.5753871681237545,-0.6715473837959144
Mexico,E036,1,0.46289523883986644,0.077,9.172373983828278,-0.35723465885865613,-0.6715473837959144
Mexico,E037,1,0.2906128649461383,0.077,9.172373983828278,-0.6723537333002255,-0.6715473837959144
Mexico,E039,1,0.10607369839694664,0.077,9.172373983828278,-1.0098915211012611,-0.6715473837959144
Mexico,E040,1,0.09978277902525501,0.077,9.172373983828278,-1.0213981462132233,-0.6715473837959144
Mexico,E069_01,1,0.18053276840201646,0.077,9.172373983828278,-0.8736995666169853,-0.6715473837959144
Mexico,E069_04,1,0.6407809563680271,0.077,9.172373983828278,-0.03186659364714512,-0.6715473837959144
Mexico,E069_05,1,0.22103426944794516,0.077,9.172373983828278,-0.7996188859609364,-0.6715473837959144
Mexico,E069_07,1,0.03849586131012222,0.077,9.172373983828278,-1.1334971169279073,-0.6715473837959144
Mexico,E069_08,1,1.4115004108724156,0.077,9.172373983828278,1.3778446592715476,-0.6715473837959144
Mexico,E069_10,1,1.0247604492696474,0.077,9.172373983828278,0.6704644671167366,-0.6715473837959144
Mexico,E069_12,1,0.32108281513166437,0.077,9.172373983828278,-0.616621610020647,-0.6715473837959144
Mexico,E069_13,1,0.6200466044296694,0.077,9.172373983828278,-0.06979148198187048,-0.6715473837959144
Mexico,E069_14,1,0.6253709284689083,0.077,9.172373983828278,-0.06005284171733072,-0.6715473837959144
Mexico,E069_15,1,0.4270889721038722,0.077,9.172373983828278,-0.4227273577229897,-0.6715473837959144
Mexico,E069_40,1,0.16536690578398872,0.077,9.172373983828278,-0.9014392156785246,-0.6715473837959144
Mexico,E069_41,1,0.8513631688923973,0.077,9.172373983828278,0.3533061341530326,-0.6715473837959144
Mexico,E069_54,1,0.5684416286646843,0.077,9.172373983828278,-0.16418135966995437,-0.6715473837959144
Mexico,E114,1,0.6363113001153514,0.077,9.172373983828278,-0.04004197403912854,-0.6715473837959144
Mexico,E115,1,0.9799139807534336,0.077,9.172373983828278,0.5884364724275088,-0.6715473837959144
Mexico,E117,1,0.7509533394986511,0.077,9.172373983828278,0.1696480396638605,-0.6715473837959144
Mexico,E117B,1,0.3331588115066241,0.077,9.172373983828278,-0.5945335883929419,-0.6715473837959144
Mexico,E124,1,0.3817725915154622,0.077,9.172373983828278,-0.5056148614491124,-0.6715473837959144
Mexico,E224,1,0.8883142193491238,0.077,9.172373983828278,0.42089273954047607,-0.6715473837959144
Mexico,E225,1,0.044534286172887606,0.077,9.172373983828278,-1.122452325688768,-0.6715473837959144
Mexico,E226,1,0.7039969149598325,0.077,9.172373983828278,0.08376075644773011,-0.6715473837959144
Mexico,E227,1,0.4595085547684477,0.077,9.172373983828278,-0.3634291912759409,-0.6715473837959144
Mexico,E229,0,1.324088022235888,0.077,9.172373983828278,1.21795998634,-0.6715473837959144
Mexico,E233,1,0.5324761431387053,0.077,9.172373983828278,-0.22996528320573723,-0.6715473837959144
Mexico,E233A,1,0.7194439326636394,0.077,9.172373983828278,0.11201466200807923,-0.6715473837959144
Mexico,E233B,1,0.018336028937640057,0.077,9.172373983828278,-1.170371160247234,-0.6715473837959144
Mexico,E235,1,0.5471926041876303,0.077,9.172373983828278,-0.20304762773128202,-0.6715473837959144
Mexico,E236,1,0.33397807613857905,0.077,9.172373983828278,-0.5930350838929771,-0.6715473837959144
Mexico,E248B,1,0.6768553921462572,0.077,9.172373983828278,0.0341166091409118,-0.6715473837959144
Mexico,E254B,0,1.1059835072202022,0.077,9.172373983828278,0.8190283292590179,-0.6715473837959144
Mexico,E258B,1,0.41784364582455635,0.077,9.172373983828278,-0.43963784365491354,-0.6715473837959144
Mexico,E259B,1,0.3335163150385455,0.077,9.172373983828278,-0.5938796841104401,-0.6715473837959144
Mexico,E260B,1,0.8085998949577365,0.077,9.172373983828278,0.2750884790451809,-0.6715473837959144
Mexico,E261B,1,0.2773979922610735,0.077,9.172373983828278,-0.6965248562959507,-0.6715473837959144
Mexico,E262B,1,0.3305420652383993,0.077,9.172373983828278,-0.5993198392638526,-0.6715473837959144
Mexico,E268,1,0.15110641075070977,0.077,9.172373983828278,-0.9275228706363872,-0.6715473837959144
Mexico,E277,1,0.3272811822109122,0.077,9.172373983828278,-0.6052842709016347,-0.6715473837959144
Mexico,E286,0,2.5148560587238586,0.077,9.172373983828278,3.395975723249663,-0.6715473837959144
Mexico,E287,1,0.33304141491349926,0.077,9.172373983828278,-0.5947483167190729,-0.6715473837959144
Mexico,E289,0,0.1611988157684705,0.077,9.172373983828278,-0.9090630058446006,-0.6715473837959144
Mexico,F028,1,0.9314640864093863,0.077,9.172373983828278,0.4998175062649824,-0.6715473837959144
Mexico,F028B,0,0.05372036798870551,0.077,9.172373983828278,-1.1056502029055593,-0.6715473837959144
Mexico,F114A,1,1.4881548836556813,0.077,9.172373983828278,1.5180521916460972,-0.6715473837959144
Mexico,F114B,1,0.4340484446861773,0.077,9.172373983828278,-0.4099978920836884,-0.6715473837959144
Mexico,F114C,1,0.06171331334099983,0.077,9.172373983828278,-1.091030427913193,-0.6715473837959144
Mexico,F114D,1,0.24098205275693957,0.077,9.172373983828278,-0.7631326983642368,-0.6715473837959144
Mexico,F116,1,0.3541323100757669,0.077,9.172373983828278,-0.55617128058665,-0.6715473837959144
Mexico,F117,1,0.8991887454088666,0.077,9.172373983828278,0.440783170055734,-0.6715473837959144
Mexico,F120,1,0.1463299249535619,0.077,9.172373983828278,-0.9362594682897779,-0.6715473837959144
Mexico,F121,1,0.022386127460275677,0.077,9.172373983828278,-1.162963186529404,-0.6715473837959144
Mexico,F122,1,0.14547281399336734,0.077,9.172373983828278,-0.9378271969341303,-0.6715473837959144
Mexico,F123,1,0.9563798146945773,0.077,9.172373983828278,0.545390486592675,-0.6715473837959144
Mexico,F144_02,1,0.4761168619233621,0.077,9.172373983828278,-0.3330511888116479,-0.6715473837959144
Mexico,F202,1,1.4152674236433704,0.077,9.172373983828278,1.384734845138879,-0.6715473837959144
Mexico,F206,1,0.7493831100796493,0.077,9.172373983828278,0.1667759568733019,-0.6715473837959144
Mexico,G007_18_B,1,0.3022020994906085,0.077,9.172373983828278,-0.6511560403464912,-0.6715473837959144
Mexico,G007_33_B,1,1.3358221517157551,0.077,9.172373983828278,1.2394227044202264,-0.6715473837959144
Mexico,G007_34_B,1,0.2979228993501684,0.077,9.172373983828278,-0.6589830603551515,-0.6715473837959144
Mexico,G007_35_B,1,0.18306404882996963,0.077,9.172373983828278,-0.8690696400169451,-0.6715473837959144
Mexico,G007_36_B,1,0.2754434647033167,0.077,9.172373983828278,-0.7000998529775658,-0.6715473837959144
Mexico,G052,1,0.020101239062386228,0.077,9.172373983828278,-1.1671424412080593,-0.6715473837959144
Mexico,G058,1,0.11488114443745441,0.077,9.172373983828278,-0.9937819552661,-0.6715473837959144
Mexico,G062,1,0.5575459355018368,0.077,9.172373983828278,-0.18411050661213504,-0.6715473837959144
Mexico,G063,1,0.39267453263569974,0.077,9.172373983828278,-0.4856742864629281,-0.6715473837959144
Mexico,H001,1,0.22255354563238458,0.077,9.172373983828278,-0.796840000958127,-0.6715473837959144
Mexico,H006_01,1,1.1450879666687381,0.077,9.172373983828278,0.8905537023396191,-0.6715473837959144
Mexico,H006_02,0,1.5071060293300458,0.077,9.172373983828278,1.5527154444765745,-0.6715473837959144
Mexico,H008_01,1,0.2472460804529479,0.077,9.172373983828278,-0.7516752604079888,-0.6715473837959144
Mexico,H008_02,1,2.0398557518339913,0.077,9.172373983828278,2.527159873527699,-0.6715473837959144
Mexico,H008_03,1,0.01885639138734286,0.077,9.172373983828278,-1.1694193731907958,-0.6715473837959144
Mexico,H008_04,1,0.5269329062843933,0.077,9.172373983828278,-0.24010433357672117,-0.6715473837959144
Mexico,H008_07,1,0.05535974045385831,0.077,9.172373983828278,-1.1026516516190383,-0.6715473837959144
Mexico,H008_08,1,0.01058320204661199,0.077,9.172373983828278,-1.1845517382076554,-0.6715473837959144
Mexico,H008_09,0,1.122049147971766,0.077,9.172373983828278,0.8484137488438814,-0.6715473837959144
Morocco,A001,1,2.18172562637329,0.149,8.15094398875749,2.7866519071326112,0.9034171645202355
Morocco,A002,1,0.11516615293250049,0.149,8.15094398875749,-0.9932606505549038,0.9034171645202355
Morocco,A003,1,1.1198273530346474,0.149,8.15094398875749,0.8443498974564165,0.9034171645202355
Morocco,A004,1,0.5088309369269128,0.149,8.15094398875749,-0.27321437089845874,0.9034171645202355
Morocco,A005,1,1.6647925411124005,0.149,8.15094398875749,1.841137449129392,0.9034171645202355
Morocco,A006,1,3.5648545460876737,0.149,8.15094398875749,5.31651201506575,0.9034171645202355
Morocco,A008,1,1.6473174314294992,0.149,8.15094398875749,1.8091739913212377,0.9034171645202355
Morocco,A009,1,0.8780267359307972,0.149,8.15094398875749,0.40207605980795874,0.9034171645202355
Morocco,A062,1,0.41017467626833765,0.149,8.15094398875749,-0.4536650394373846,0.9034171645202355
Morocco,A165,1,0.22453256316008774,0.149,8.15094398875749,-0.7932202100442978,0.9034171645202355
Morocco,A170,1,0.7025487981603158,0.149,8.15094398875749,0.08111202799551778,0.9034171645202355
Morocco,A173,1,1.1503305371276935,0.149,8.15094398875749,0.9001428083716718,0.9034171645202355
Morocco,B008,1,0.01137069352944445,0.149,8.15094398875749,-1.1831113494923604,0.9034171645202355
Morocco,C001_01,1,0.763118413842857,0.149,8.15094398875749,0.19189899245270292,0.9034171645202355
Morocco,C002_01,1,0.03271480074198834,0.149,8.15094398875749,-1.1440711670431254,0.9034171645202355
Morocco,C006,1,2.096400255392504,0.149,8.15094398875749,2.630584566509395,0.9034171645202355
Morocco,C038,1,0.8107761287005637,0.149,8.15094398875749,0.27906899514389233,0.9034171645202355
Morocco,C039,1,0.31244408578943195,0.149,8.15094398875749,-0.632422578704505,0.9034171645202355
Morocco,C041,1,1.2342164205352506,0.149,8.15094398875749,1.0535772041294675,0.9034171645202355
Morocco,D001_B,1,0.5869703126993802,0.149,8.15094398875749,-0.13029082501064407,0.9034171645202355
Morocco,D026_03,1,0.6388768140503038,0.149,8.15094398875749,-0.03534943145118023,0.9034171645202355
Morocco,D026_05,1,0.7425289614553428,0.149,8.15094398875749,0.15423913768651296,0.9034171645202355
Morocco,D054,1,0.28343352633333446,0.149,8.15094398875749,-0.6854853525578339,0.9034171645202355
Morocco,D057,1,0.06062090168168201,0.149,8.15094398875749,-1.0930285414938996,0.9034171645202355
Morocco,D059,1,0.5456262789049414,0.149,8.15094398875749,-0.20591256952538456,0.9034171645202355
Morocco,D060,1,0.148478671274457,0.149,8.15094398875749,-0.9323292290171993,0.9034171645202355
Morocco,D061,1,1.4946192579259021,0.149,8.15094398875749,1.52987608047951,0.9034171645202355
Morocco,D066_01,1,0.33451072584489266,0.149,8.15094398875749,-0.5920608224020213,0.9034171645202355
Morocco,D078,1,0.5881097351219625,0.149,8.15094398875749,-0.12820672475658323,0.9034171645202355
Morocco,E015,1,0.13523131265301394,0.149,8.15094398875749,-0.9565597715459417,0.9034171645202355
Morocco,E016,1,0.12463214950686571,0.149,8.15094398875749,-0.9759465399365936,0.9034171645202355
Morocco,E018,1,0.032800637879290134,0.149,8.15094398875749,-1.1439141636384942,0.9034171645202355
Morocco,E023,1,1.2149513721865646,0.149,8.15094398875749,1.018339796683162,0.9034171645202355
Morocco,E025,1,1.1286931811045513,0.149,8.15094398875749,0.8605662489751711,0.9034171645202355
Morocco,E026,1,3.138710900274415,0.149,8.15094398875749,4.5370591423611755,0.9034171645202355
Morocco,E027,1,0.07105205201420264,0.149,8.15094398875749,-1.0739490827898281,0.9034171645202355
Morocco,E028,1,0.8505840753514484,0.149,8.15094398875749,0.35188110598573646,0.9034171645202355
Morocco,E034,1,0.9927944834536627,0.149,8.15094398875749,0.6119960043604856,0.9034171645202355
Morocco,E035,1,0.28863219880161217,0.149,8.15094398875749,-0.6759765396740559,0.9034171645202355
Morocco,E036,1,0.7476570380827811,0.149,8.15094398875749,0.1636188247896208,0.9034171645202355
Morocco,E037,1,0.0008178283740537638,0.149,8.15094398875749,-1.202413434931029,0.9034171645202355
Morocco,E039,1,0.5872348462289927,0.149,8.15094398875749,-0.12980697074786451,0.9034171645202355
Morocco,E040,1,0.2986993074397417,0.149,8.15094398875749,-0.657562944106195,0.9034171645202355
Morocco,E069_01,1,0.5592833975113827,0.149,8.15094398875749,-0.18093254122919228,0.9034171645202355
Morocco,E069_04,1,0.004249666399432769,0.149,8.15094398875749,-1.1961363121020974,0.9034171645202355
Morocco,E069_05,1,1.135045151870806,0.149,8.15094398875749,0.8721845422660262,0.9034171645202355
Morocco,E069_07,1,0.07142186964852323,0.149,8.15094398875749,-1.0732726549695848,0.9034171645202355
Morocco,E069_08,1,0.35757489535250586,0.149,8.15094398875749,-0.5498745001234244,0.9034171645202355
Morocco,E069_10,1,0.10276236813226766,0.149,8.15094398875749,-1.0159482250146845,0.9034171645202355
Morocco,E069_12,1,0.6103473009819365,0.149,8.15094398875749,-0.08753233066011591,0.9034171645202355
Morocco,E069_13,1,0.21044567266138628,0.149,8.15094398875749,-0.8189863275836855,0.9034171645202355
Morocco,E069_14,1,0.37825313743784156,0.149,8.15094398875749,-0.5120522414689834,0.9034171645202355
Morocco,E069_15,1,0.4013491672594355,0.149,8.15094398875749,-0.4698076439737981,0.9034171645202355
Morocco,E069_40,1,0.4737952673485872,0.149,8.15094398875749,-0.33729758220115924,0.9034171645202355
Morocco,E069_41,1,0.6977662622401646,0.149,8.15094398875749,0.07236436415399654,0.9034171645202355
Morocco,E069_54,1,0.9794112622389135,0.149,8.15094398875749,0.5875169576250373,0.9034171645202355
Morocco,E114,1,0.6222977038357077,0.149,8.15094398875749,-0.06567403023521459,0.9034171645202355
Morocco,E115,1,0.5222711136040212,0.149,8.15094398875749,-0.24863114779152576,0.9034171645202355
Morocco,E117,1,0.48768333562650623,0.149,8.15094398875749,-0.3118951273672205,0.9034171645202355
Morocco,E117B,1,0.24987026318868075,0.149,8.15094398875749,-0.7468754076072619,0.9034171645202355
Morocco,E124,1,0.20889671415980599,0.149,8.15094398875749,-0.8218195040621306,0.9034171645202355
Morocco,E224,1,0.20761460354032882,0.149,8.15094398875749,-0.8241645931307927,0.9034171645202355
Morocco,E225,1,0.9877266254781969,0.149,8.15094398875749,0.6027264622794414,0.9034171645202355
Morocco,E226,1,1.263410577347983,0.149,8.15094398875749,1.1069757931203819,0.9034171645202355
Morocco,E227,1,1.0480391966732359,0.149,8.15094398875749,0.7130432705670698,0.9034171645202355
Morocco,E229,1,0.3994140452460622,0.149,8.15094398875749,-0.4733471462688027,0.9034171645202355
Morocco,E233,1,0.39837933165982253,0.149,8.15094398875749,-0.47523972518003305,0.9034171645202355
Morocco,E233A,0,1.9157831918194925,0.149,8.15094398875749,2.3002206377154377,0.9034171645202355
Morocco,E233B,1,0.3599934940591481,0.149,8.15094398875749,-0.5454506779490631,0.9034171645202355
Morocco,E235,1,0.7739278557791398,0.149,8.15094398875749,0.2116703785858687,0.9034171645202355
Morocco,E236,1,0.9715732703804382,0.149,8.15094398875749,0.5731806057156607,0.9034171645202355
Morocco,E248B,1,1.055148262281091,0.149,8.15094398875749,0.7260463545382344,0.9034171645202355
Morocco,E254B,1,0.4712317155313918,0.149,8.15094398875749,-0.34198653590930767,0.9034171645202355
Morocco,E258B,1,1.5080047607476825,0.149,8.15094398875749,1.554359300467739,0.9034171645202355
Morocco,E259B,1,0.07945442771737553,0.149,8.15094398875749,-1.0585804249587756,0.9034171645202355
Morocco,E260B,1,0.6939163086344134,0.149,8.15094398875749,0.06532247246497422,0.9034171645202355
Morocco,E261B,1,0.20057407789343956,0.149,8.15094398875749,-0.8370423116999506,0.9034171645202355
Morocco,E262B,1,1.2221559399329773,0.149,8.15094398875749,1.0315175621660175,0.9034171645202355
Morocco,E268,1,0.29348342590511284,0.149,8.15094398875749,-0.6671032338319622,0.9034171645202355
Morocco,E277,1,0.12529473375381198,0.149,8.15094398875749,-0.9747346171500755,0.9034171645202355
Morocco,E286,1,0.3680724101061151,0.149,8.15094398875749,-0.5306736552643062,0.9034171645202355
Morocco,E287,1,0.2508279691234971,0.149,8.15094398875749,-0.7451236822220947,0.9034171645202355
Morocco,E289,0,1.1848998517770954,0.149,8.15094398875749,0.9633730169542313,0.9034171645202355
Morocco,F028,1,0.36643765183620464,0.149,8.15094398875749,-0.5336637667963637,0.9034171645202355
Morocco,F028B,1,0.024798669172250175,0.149,8.15094398875749,-1.1585504431120301,0.9034171645202355
Morocco,F114A,1,0.29215419091401035,0.149,8.15094398875749,-0.6695345173733067,0.9034171645202355
Morocco,F114B,1,0.0651728807953621,0.149,8.15094398875749,-1.0847025856067056,0.9034171645202355
Morocco,F114C,1,1.7870327529364705,0.149,8.15094398875749,2.0647251646858504,0.9034171645202355
Morocco,F114D,1,0.6648548042419651,0.149,8.15094398875749,0.012166516002028588,0.9034171645202355
Morocco,F116,1,0.6033641311082057,0.149,8.15094398875749,-0.10030514065538369,0.9034171645202355
Morocco,F117,1,1.4128099975013135,0.149,8.15094398875749,1.3802400042918916,0.9034171645202355
Morocco,F120,1,0.5337207768244143,0.149,8.15094398875749,-0.22768874262764324,0.9034171645202355
Morocco,F121,1,0.6407418933183073,0.149,8.15094398875749,-0.031938043278319575,0.9034171645202355
Morocco,F122,1,0.3511915690011668,0.149,8.15094398875749,-0.5615501454389065,0.9034171645202355
Morocco,F123,1,0.41914038110235685,0.149,8.15094398875749,-0.4372660048457485,0.9034171645202355
Morocco,F144_02,1,1.0186403336843597,0.149,8.15094398875749,0.6592702566172869,0.9034171645202355
Morocco,F202,1,2.2079975230132116,0.149,8.15094398875749,2.8347054344081495,0.9034171645202355
Morocco,F206,1,0.34016706288266824,0.149,8.15094398875749,-0.5817149022025881,0.9034171645202355
Morocco,G007_18_B,1,0.6001627791318982,0.149,8.15094398875749,-0.10616068495127322,0.9034171645202355
Morocco,G007_33_B,1,0.11889933088144111,0.149,8.15094398875749,-0.9864323514468272,0.9034171645202355
Morocco,G007_34_B,1,0.9835040501093524,0.149,8.15094398875749,0.5950030137808107,0.9034171645202355
Morocco,G007_35_B,1,1.1903476609616628,0.149,8.15094398875749,0.9733375220232994,0.9034171645202355
Morocco,G007_36_B,1,0.47105333679088,0.149,8.15094398875749,-0.34231280575537326,0.9034171645202355
Morocco,G052,1,0.9785463021183254,0.149,8.15094398875749,0.5859348722005776,0.9034171645202355
Morocco,G058,1,0.47125554073871834,0.149,8.15094398875749,-0.3419429575843088,0.9034171645202355
Morocco,G062,0,0.9534495264003421,0.149,8.15094398875749,0.5400307407622862,0.9034171645202355
Morocco,G063,1,1.1278017077064322,0.149,8.15094398875749,0.8589356685173126,0.9034171645202355
Morocco,H001,1,0.3639526033841213,0.149,8.15094398875749,-0.5382091311912496,0.9034171645202355
Morocco,H006_01,1,0.4187473223842537,0.149,8.15094398875749,-0.43798494257948467,0.9034171645202355
Morocco,H006_02,1,1.445235132873158,0.149,8.15094398875749,1.439548327111503,0.9034171645202355
Morocco,H008_01,1,0.23409586548360942,0.149,8.15094398875749,-0.7757281189575336,0.9034171645202355
Morocco,H008_02,1,0.2558721569982183,0.149,8.15094398875749,-0.7358974347629552,0.9034171645202355
Morocco,H008_03,1,1.160929186954307,0.149,8.15094398875749,0.9195286378573563,0.9034171645202355
Morocco,H008_04,0,1.3631998026850347,0.149,8.15094398875749,1.2894987501516684,0.9034171645202355
Morocco,H008_07,1,0.09570919045507383,0.149,8.15094398875749,-1.0288490852203853,0.9034171645202355
Morocco,H008_08,1,0.1841058538913322,0.149,8.15094398875749,-0.8671640901962326,0.9034171645202355
Morocco,H008_09,0,0.9199815368745423,0.149,8.15094398875749,0.47881494924262863,0.9034171645202355
Netherlands,A001,0,1.26987808285579,0.079,10.874745426945712,1.1188054092529243,-0.6277983685649101
Netherlands,A002,1,0.5863432428986188,0.079,10.874745426945712,-0.13143778886283744,-0.6277983685649101
Netherlands,A003,1,1.3107442714984996,0.079,10.874745426945712,1.1935531344554386,-0.6277983685649101
Netherlands,A004,1,0.9910887088949274,0.079,10.874745426945712,0.6088759980127311,-0.6277983685649101
Netherlands,A005,1,0.0829887936680135,0.079,10.874745426945712,-1.0521157698583656,-0.6277983685649101
Netherlands,A006,1,0.10592825711701388,0.079,10.874745426945712,-1.010157545538249,-0.6277983685649101
Netherlands,A008,1,0.44357146772299333,0.079,10.874745426945712,-0.39257947522870423,-0.6277983685649101
Netherlands,A009,1,1.1244238133301023,0.079,10.874745426945712,0.8527572131978669,-0.6277983685649101
Netherlands,A062,1,0.36786640978958274,0.079,10.874745426945712,-0.5310504473157113,-0.6277983685649101
Netherlands,A165,1,0.3891964776601545,0.079,10.874745426945712,-0.4920359440137276,-0.6277983685649101
Netherlands,A170,1,1.2459989786550327,0.079,10.874745426945712,1.075128502299703,-0.6277983685649101
Netherlands,A173,1,1.0404482010661749,0.079,10.874745426945712,0.6991586957511771,-0.6277983685649101
Netherlands,B008,1,1.2688272263325295,0.079,10.874745426945712,1.1168833035406764,-0.6277983685649101
Netherlands,C001_01,1,0.10351489425761724,0.079,10.874745426945712,-1.0145717909039058,-0.6277983685649101
Netherlands,C002_01,1,1.5680805817691175,0.079,10.874745426945712,1.664243072607247,-0.6277983685649101
Netherlands,C006,1,0.8854702715367068,0.079,10.874745426945712,0.41569091777453154,-0.6277983685649101
Netherlands,C038,1,0.007796100917334163,0.079,10.874745426945712,-1.189649582568535,-0.6277983685649101
Netherlands,C039,0,0.6937181363230062,0.079,10.874745426945712,0.06495999849889612,-0.6277983685649101
Netherlands,C041,0,0.17174723791741225,0.079,10.874745426945712,-0.8897690470415726,-0.6277983685649101
Netherlands,D001_B,1,0.3261147541962598,0.079,10.874745426945712,-0.6074177666741432,-0.6277983685649101
Netherlands,D026_03,1,1.6657425977662983,0.079,10.874745426945712,1.8428751833309645,-0.6277983685649101
Netherlands,D026_05,1,1.8613560470633637,0.079,10.874745426945712,2.2006687735727475,-0.6277983685649101
Netherlands,D054,1,0.1923762619805287,0.079,10.874745426945712,-0.8520368123243287,-0.6277983685649101
Netherlands,D057,1,0.3264628730321305,0.079,10.874745426945712,-0.6067810277967062,-0.6277983685649101
Netherlands,D059,1,0.5522715047243205,0.079,10.874745426945712,-0.19375788786915393,-0.6277983685649101
Netherlands,D060,1,0.23811371594288858,0.079,10.874745426945712,-0.7683791296827882,-0.6277983685649101
Netherlands,D061,1,0.3006871300227546,0.079,10.874745426945712,-0.65392704799938,-0.6277983685649101
Netherlands,D066_01,1,0.8147431161877818,0.079,10.874745426945712,0.2863249517286592,-0.6277983685649101
Netherlands,D078,1,0.23495304927267005,0.079,10.874745426945712,-0.774160257103008,-0.6277983685649101
Netherlands,E015,1,0.0893931235734024,0.079,10.874745426945712,-1.0404017072610539,-0.6277983685649101
Netherlands,E016,1,0.0059630270010615745,0.079,10.874745426945712,-1.1930024302384603,-0.6277983685649101
Netherlands,E018,0,1.6444476294026655,0.079,10.874745426945712,1.803924880004231,-0.6277983685649101
Netherlands,E023,1,0.2525945190124367,0.079,10.874745426945712,-0.7418925126405745,-0.6277983685649101
Netherlands,E025,1,0.12397241826593404,0.079,10.874745426945712,-0.9771532443331259,-0.6277983685649101
Netherlands,E026,0,0.6826076978399643,0.079,10.874745426945712,0.044638064151881686,-0.6277983685649101
Netherlands,E027,0,1.1767324542273516,0.079,10.874745426945712,0.9484341540961005,-0.6277983685649101
Netherlands,E028,1,0.17243026032309142,0.079,10.874745426945712,-0.8885197411292148,-0.6277983685649101
Netherlands,E034,1,1.495653832722162,0.079,10.874745426945712,1.5317684055320955,-0.6277983685649101
Netherlands,E035,1,0.9946573860022929,0.079,10.874745426945712,0.6154034111289882,-0.6277983685649101
Netherlands,E036,0,0.2731909960207583,0.079,10.874745426945712,-0.7042198092471158,-0.6277983685649101
Netherlands,E037,0,0.27612901619193636,0.079,10.874745426945712,-0.6988459211579989,-0.6277983685649101
Netherlands,E039,0,1.7014588301786995,0.079,10.874745426945712,1.9082032017809447,-0.6277983685649101
Netherlands,E040,1,0.12958057090668265,0.079,10.874745426945712,-0.9668954574827436,-0.6277983685649101
Netherlands,E069_01,1,0.9753866411017313,0.079,10.874745426945712,0.5801555842061342,-0.6277983685649101
Netherlands,E069_04,1,0.28749947197692605,0.079,10.874745426945712,-0.6780483931116595,-0.6277983685649101
Netherlands,E069_05,1,1.1370122236866158,0.079,10.874745426945712,0.8757824834595951,-0.6277983685649101
Netherlands,E069_07,1,0.4993426844500186,0.079,10.874745426945712,-0.29056918945018806,-0.6277983685649101
Netherlands,E069_08,1,1.7239653946450084,0.079,10.874745426945712,1.9493696171442347,-0.6277983685649101
Netherlands,E069_10,1,0.4397878339249565,0.079,10.874745426945712,-0.39950006236432534,-0.6277983685649101
Netherlands,E069_12,1,0.2806889121078606,0.079,10.874745426945712,-0.6905054847680157,-0.6277983685649101
Netherlands,E069_13,1,0.0927107622742835,0.079,10.874745426945712,-1.0343334646827498,-0.6277983685649101
Netherlands,E069_14,0,0.7134651592744735,0.079,10.874745426945712,0.1010789783736525,-0.6277983685649101
Netherlands,E069_15,1,0.6367815109396314,0.079,10.874745426945712,-0.039181918559332785,-0.6277983685649101
Netherlands,E069_40,1,1.4346379108766367,0.079,10.874745426945712,1.4201651092481624,-0.6277983685649101
Netherlands,E069_41,1,0.7387299785670697,0.079,10.874745426945712,0.14729047576297563,-0.6277983685649101
Netherlands,E069_54,0,1.1848858710203805,0.079,10.874745426945712,0.9633474449643844,-0.6277983685649101
Netherlands,E114,1,1.2856014061027154,0.079,10.874745426945712,1.1475647010872303,-0.6277983685649101
Netherlands,E115,1,0.08502726623207804,0.079,10.874745426945712,-1.0483872306401936,-0.6277983685649101
Netherlands,E117,1,0.011285912721291312,0.079,10.874745426945712,-1.1832664207813832,-0.6277983685649101
Netherlands,E117B,1,0.3087470436450628,0.079,10.874745426945712,-0.6391847823610655,-0.6277983685649101
Netherlands,E124,1,1.7135789071622656,0.079,10.874745426945712,1.9303718505806056,-0.6277983685649101
Netherlands,E224,1,0.7442096414216017,0.079,10.874745426945712,0.15731324389616336,-0.6277983685649101
Netherlands,E225,1,0.3958128521071255,0.079,10.874745426945712,-0.47993403396473766,-0.6277983685649101
Netherlands,E226,1,0.14664060019074832,0.079,10.874745426945712,-0.9356912169302134,-0.6277983685649101
Netherlands,E227,1,0.013906307926451637,0.079,10.874745426945712,-1.178473495695323,-0.6277983685649101
Netherlands,E229,1,1.480662678636514,0.079,10.874745426945712,1.5043483131946498,-0.6277983685649101
Netherlands,E233,1,0.9474105707572146,0.079,10.874745426945712,0.5289849786808449,-0.6277983685649101
Netherlands,E233A,0,0.7768118401813264,0.079,10.874745426945712,0.21694543067031213,-0.6277983685649101
Netherlands,E233B,1,0.9847212496501416,0.079,10.874745426945712,0.597229374980946,-0.6277983685649101
Netherlands,E235,1,1.2598765127723373,0.079,10.874745426945712,1.1005116892603948,-0.6277983685649101
Netherlands,E236,1,1.3939382128171203,0.079,10.874745426945712,1.345721909443652,-0.6277983685649101
Netherlands,E248B,1,0.1188999416903052,0.079,10.874745426945712,-0.9864312342256074,-0.6277983685649101
Netherlands,E254B,1,1.0443653869777532,0.079,10.874745426945712,0.706323561030045,-0.6277983685649101
Netherlands,E258B,1,0.12115247490089306,0.079,10.874745426945712,-0.9823111599288182,-0.6277983685649101
Netherlands,E259B,1,0.5947309646466162,0.079,10.874745426945712,-0.11609593435871521,-0.6277983685649101
Netherlands,E260B,1,0.5762448988189317,0.079,10.874745426945712,-0.14990851670262462,-0.6277983685649101
Netherlands,E261B,1,0.5992410025690366,0.079,10.874745426945712,-0.10784669246768963,-0.6277983685649101
Netherlands,E262B,1,0.44647435420772413,0.079,10.874745426945712,-0.38726984963205685,-0.6277983685649101
Netherlands,E268,0,2.3270008993128277,0.079,10.874745426945712,3.0523727032495267,-0.6277983685649101
Netherlands,E277,1,0.27345242251011703,0.079,10.874745426945712,-0.7037416380244924,-0.6277983685649101
Netherlands,E286,1,0.22321599590133662,0.079,10.874745426945712,-0.7956283232287239,-0.6277983685649101
Netherlands,E287,1,0.9856359957696504,0.079,10.874745426945712,0.5989025232201642,-0.6277983685649101
Netherlands,E289,1,0.6071399888700671,0.079,10.874745426945712,-0.0933987765494727,-0.6277983685649101
Netherlands,F028,1,0.06833818859127537,0.079,10.874745426945712,-1.0789129691739408,-0.6277983685649101
Netherlands,F028B,1,0.28830131765474304,0.079,10.874745426945712,-0.6765817493562483,-0.6277983685649101
Netherlands,F114A,1,1.4824224745115016,0.079,10.874745426945712,1.507567129111792,-0.6277983685649101
Netherlands,F114B,1,1.003002577294328,0.079,10.874745426945712,0.6306674738218213,-0.6277983685649101
Netherlands,F114C,1,0.42785787682485804,0.079,10.874745426945712,-0.4213209657715979,-0.6277983685649101
Netherlands,F114D,1,0.9276208581789641,0.079,10.874745426945712,0.49278791585786746,-0.6277983685649101
Netherlands,F116,1,0.08095602520697386,0.079,10.874745426945712,-1.0558338757882963,-0.6277983685649101
Netherlands,F117,1,0.39764597579211175,0.079,10.874745426945712,-0.47658109526361375,-0.6277983685649101
Netherlands,F120,1,1.1626747084785622,0.079,10.874745426945712,0.9227213447762919,-0.6277983685649101
Netherlands,F121,1,0.048022669545015946,0.079,10.874745426945712,-1.1160717766245871,-0.6277983685649101
Netherlands,F122,1,0.4425574955032618,0.079,10.874745426945712,-0.39443411642135673,-0.6277983685649101
Netherlands,F123,0,1.0805453034524768,0.079,10.874745426945712,0.7724996969586158,-0.6277983685649101
Netherlands,F144_02,1,0.8584101138955768,0.079,10.874745426945712,0.36619559426932025,-0.6277983685649101
Netherlands,F202,1,0.46480120026872085,0.079,10.874745426945712,-0.3537484937460694,-0.6277983685649101
Netherlands,F206,1,0.5754948278861287,0.079,10.874745426945712,-0.15128046005799192,-0.6277983685649101
Netherlands,G007_18_B,1,0.3855881570352026,0.079,10.874745426945712,-0.4986358684861212,-0.6277983685649101
Netherlands,G007_33_B,1,1.1811092180618064,0.079,10.874745426945712,0.9564396263762391,-0.6277983685649101
Netherlands,G007_34_B,1,1.1032083470842977,0.079,10.874745426945712,0.8139523259878254,-0.6277983685649101
Netherlands,G007_35_B,1,0.1514901214809354,0.079,10.874745426945712,-0.9268210311653533,-0.6277983685649101
Netherlands,G007_36_B,1,1.3850459366369463,0.079,10.874745426945712,1.3294571820879464,-0.6277983685649101
Netherlands,G052,0,2.722042476605225,0.079,10.874745426945712,3.774937254624389,-0.6277983685649101
Netherlands,G058,1,0.48243533169934893,0.079,10.874745426945712,-0.3214941716734688,-0.6277983685649101
Netherlands,G062,1,0.8880184653751991,0.079,10.874745426945712,0.42035178043700416,-0.6277983685649101
Netherlands,G063,1,0.28873238456252637,0.079,10.874745426945712,-0.6757932914198208,-0.6277983685649101
Netherlands,H001,1,0.5829769031594273,0.079,10.874745426945712,-0.13759510977091977,-0.6277983685649101
Netherlands,H006_01,1,1.2135493724867528,0.079,10.874745426945712,1.015775420317855,-0.6277983685649101
Netherlands,H006_02,1,1.336099586085833,0.079,10.874745426945712,1.2399301554144362,-0.6277983685649101
Netherlands,H008_01,1,0.5642982164021928,0.079,10.874745426945712,-0.17176001213263498,-0.6277983685649101
Netherlands,H008_02,0,0.6803233320011608,0.079,10.874745426945712,0.040459765278116774,-0.6277983685649101
Netherlands,H008_03,0,0.8846631416770989,0.079,10.874745426945712,0.4142146088024328,-0.6277983685649101
Netherlands,H008_04,0,1.6813368180405488,0.079,10.874745426945712,1.8713983348780345,-0.6277983685649101
Netherlands,H008_07,0,0.5874436163562203,0.079,10.874745426945712,-0.12942511247776892,-0.6277983685649101
Netherlands,H008_08,1,0.03552638741576829,0.079,10.874745426945712,-1.1389285365445445,-0.6277983685649101
Netherlands,H008_09,1,0.20348486538477528,0.079,10.874745426945712,-0.8317182344920778,-0.6277983685649101
New Zealand,A001,1,0.9478658162042751,0.053,10.689296864458287,0.5298176612163779,-1.1965355665679642
New Zealand,A002,1,0.3901431842250695,0.053,10.689296864458287,-0.4903043374090509,-1.1965355665679642
New Zealand,A003,1,0.07290068112883417,0.053,10.689296864458287,-1.0705677833427485,-1.1965355665679642
New Zealand,A004,1,0.36021489927791767,0.053,10.689296864458287,-0.5450457090248583,-1.1965355665679642
New Zealand,A005,1,0.3661272106061193,0.053,10.689296864458287,-0.5342315901370923,-1.1965355665679642
New Zealand,A006,1,0.2691231184658843,0.053,10.689296864458287,-0.7116603023228859,-1.1965355665679642
New Zealand,A008,1,0.08260409871974286,0.053,10.689296864458287,-1.0528194095476826,-1.1965355665679642
New Zealand,A009,1,0.5054572588008281,0.053,10.689296864458287,-0.27938511433859353,-1.1965355665679642
New Zealand,A062,1,0.9553823767457741,0.053,10.689296864458287,0.5435660879839487,-1.1965355665679642
New Zealand,A165,1,0.08007188369700445,0.053,10.689296864458287,-1.0574510456008552,-1.1965355665679642
New Zealand,A170,1,0.6587872287990566,0.053,10.689296864458287,0.0010684058793231014,-1.1965355665679642
New Zealand,A173,1,0.6825988004727052,0.053,10.689296864458287,0.044621790112510676,-1.1965355665679642
New Zealand,B008,1,0.7608165688795432,0.053,10.689296864458287,0.18768872277767015,-1.1965355665679642
New Zealand,C001_01,1,0.5940097211855024,0.053,10.689296864458287,-0.11741514982328391,-1.1965355665679642
New Zealand,C002_01,1,0.9009630424001992,0.053,10.689296864458287,0.4440285097446221,-1.1965355665679642
New Zealand,C006,1,0.24400540648693478,0.053,10.689296864458287,-0.7576027279582495,-1.1965355665679642
New Zealand,C038,1,0.17389350677038296,0.053,10.689296864458287,-0.8858433392679608,-1.1965355665679642
New Zealand,C039,1,0.4893314290518254,0.053,10.689296864458287,-0.30888062470486355,-1.1965355665679642
New Zealand,C041,1,0.31017339243767084,0.053,10.689296864458287,-0.6365758694398008,-1.1965355665679642
New Zealand,D001_B,1,0.16269473602958728,0.053,10.689296864458287,-0.9063268408065435,-1.1965355665679642
New Zealand,D026_03,1,0.756259285660965,0.053,10.689296864458287,0.1793530652327358,-1.1965355665679642
New Zealand,D026_05,1,0.5493015834569502,0.053,10.689296864458287,-0.19919012576898315,-1.1965355665679642
New Zealand,D054,0,1.5978715657785971,0.053,10.689296864458287,1.718733309162506,-1.1965355665679642
New Zealand,D057,1,0.8407343039664257,0.053,10.689296864458287,0.3338650386878478,-1.1965355665679642
New Zealand,D059,1,0.7414245376409798,0.053,10.689296864458287,0.15221905285538595,-1.1965355665679642
New Zealand,D060,1,0.6870792125513401,0.053,10.689296864458287,0.052816843822457625,-1.1965355665679642
New Zealand,D061,1,0.44287262636312363,0.053,10.689296864458287,-0.39385771535000336,-1.1965355665679642
New Zealand,D066_01,1,0.6702495540635892,0.053,10.689296864458287,0.022033970995901913,-1.1965355665679642
New Zealand,D078,1,0.04014096471765908,0.053,10.689296864458287,-1.1304880832616806,-1.1965355665679642
New Zealand,E015,1,0.8948867886636148,0.053,10.689296864458287,0.43291452628671073,-1.1965355665679642
New Zealand,E016,1,1.2106367947162195,0.053,10.689296864458287,1.0104480685374828,-1.1965355665679642
New Zealand,E018,0,0.07169974074108361,0.053,10.689296864458287,-1.0727644051729126,-1.1965355665679642
New Zealand,E023,1,0.40331160817596867,0.053,10.689296864458287,-0.46621817308778823,-1.1965355665679642
New Zealand,E025,1,1.5595522025855793,0.053,10.689296864458287,1.6486439437232843,-1.1965355665679642
New Zealand,E026,1,0.07280353317901843,0.053,10.689296864458287,-1.0707454751828245,-1.1965355665679642
New Zealand,E027,1,0.9007563164950204,0.053,10.689296864458287,0.44365039053004,-1.1965355665679642
New Zealand,E028,1,0.86419257819943,0.053,10.689296864458287,0.37677221193623045,-1.1965355665679642
New Zealand,E034,1,0.40850203989467615,0.053,10.689296864458287,-0.4567244332339354,-1.1965355665679642
New Zealand,E035,1,0.13413757939834212,0.053,10.689296864458287,-0.9585603024366453,-1.1965355665679642
New Zealand,E036,1,0.9968261705104555,0.053,10.689296864458287,0.6193703019456714,-1.1965355665679642
New Zealand,E037,1,0.5494630949773635,0.053,10.689296864458287,-0.19889470749911614,-1.1965355665679642
New Zealand,E039,1,0.31464151737957236,0.053,10.689296864458287,-0.6284032899451055,-1.1965355665679642
New Zealand,E040,1,0.5918171756381366,0.053,10.689296864458287,-0.12142550159602582,-1.1965355665679642
New Zealand,E069_01,1,0.13727645323108903,0.053,10.689296864458287,-0.9528190359645788,-1.1965355665679642
New Zealand,E069_04,1,1.3346758724078112,0.053,10.689296864458287,1.237326062341254,-1.1965355665679642
New Zealand,E069_05,1,0.7626658203571699,0.053,10.689296864458287,0.19107116057945533,-1.1965355665679642
New Zealand,E069_07,1,0.6419450775684377,0.053,10.689296864458287,-0.029737317233543694,-1.1965355665679642
New Zealand,E069_08,1,0.01906874837520147,0.053,10.689296864458287,-1.169030954248377,-1.1965355665679642
New Zealand,E069_10,1,1.1560862065189854,0.053,10.689296864458287,0.9106704158708253,-1.1965355665679642
New Zealand,E069_12,1,0.3529588618212524,0.053,10.689296864458287,-0.5583176169733065,-1.1965355665679642
New Zealand,E069_13,1,0.032651774735621045,0.053,10.689296864458287,-1.1441864469544902,-1.1965355665679642
New Zealand,E069_14,0,0.3716478670079662,0.053,10.689296864458287,-0.5241338413288885,-1.1965355665679642
New Zealand,E069_15,1,0.319585761075473,0.053,10.689296864458287,-0.6193598488660614,-1.1965355665679642
New Zealand,E069_40,0,0.033308311996259755,0.053,10.689296864458287,-1.14298558461882,-1.1965355665679642
New Zealand,E069_41,1,0.202455249050408,0.053,10.689296864458287,-0.8336014900972964,-1.1965355665679642
New Zealand,E069_54,0,0.2803482336918723,0.053,10.689296864458287,-0.6911286144864086,-1.1965355665679642
New Zealand,E114,1,0.26521824904223074,0.053,10.689296864458287,-0.7188026397006837,-1.1965355665679642
New Zealand,E115,1,0.5368190817469062,0.053,10.689296864458287,-0.22202168013339388,-1.1965355665679642
New Zealand,E117,1,0.6133837219581243,0.053,10.689296864458287,-0.08197845915250888,-1.1965355665679642
New Zealand,E117B,1,2.1637564663726394,0.053,10.689296864458287,2.7537847893890963,-1.1965355665679642
New Zealand,E124,1,1.085099616789456,0.053,10.689296864458287,0.780829922338207,-1.1965355665679642
New Zealand,E224,1,0.05199413237763782,0.053,10.689296864458287,-1.1088076342534885,-1.1965355665679642
New Zealand,E225,1,0.8090172338769756,0.053,10.689296864458287,0.27585182732618474,-1.1965355665679642
New Zealand,E226,1,0.09971849013827357,0.053,10.689296864458287,-1.0215157360403462,-1.1965355665679642
New Zealand,E227,1,1.0153271047426429,0.053,10.689296864458287,0.65321007986252,-1.1965355665679642
New Zealand,E229,1,1.0885781811561095,0.053,10.689296864458287,0.7871925116085491,-1.1965355665679642
New Zealand,E233,1,0.8358243245143939,0.053,10.689296864458287,0.3248842698170533,-1.1965355665679642
New Zealand,E233A,1,0.8390454870077175,0.053,10.689296864458287,0.3307760492288471,-1.1965355665679642
New Zealand,E233B,1,0.7504632370661358,0.053,10.689296864458287,0.1687516007454426,-1.1965355665679642
New Zealand,E235,1,0.1531083721644957,0.053,10.689296864458287,-0.9238611134088653,-1.1965355665679642
New Zealand,E236,1,1.1308346373749516,0.053,10.689296864458287,0.8644831541270696,-1.1965355665679642
New Zealand,E248B,1,0.3161781392021287,0.053,10.689296864458287,-0.6255926782989637,-1.1965355665679642
New Zealand,E254B,1,0.7929503808402405,0.053,10.689296864458287,0.24646419036891978,-1.1965355665679642
New Zealand,E258B,1,0.19257436622407265,0.053,10.689296864458287,-0.851674462860146,-1.1965355665679642
New Zealand,E259B,1,0.8746595013012791,0.053,10.689296864458287,0.3959171020695667,-1.1965355665679642
New Zealand,E260B,1,0.5145290234165723,0.053,10.689296864458287,-0.26279208741043875,-1.1965355665679642
New Zealand,E261B,1,0.48244039859063087,0.053,10.689296864458287,-0.3214849038995522,-1.1965355665679642
New Zealand,E262B,1,0.08717808621998618,0.053,10.689296864458287,-1.0444531984547645,-1.1965355665679642
New Zealand,E268,0,2.1811506170925963,0.053,10.689296864458287,2.785600166387274,-1.1965355665679642
New Zealand,E277,1,0.13045330326625204,0.053,10.689296864458287,-0.9652991559739639,-1.1965355665679642
New Zealand,E286,1,0.41852881609269965,0.053,10.689296864458287,-0.4383846091199321,-1.1965355665679642
New Zealand,E287,1,0.2946174954333188,0.053,10.689296864458287,-0.6650289244757359,-1.1965355665679642
New Zealand,E289,1,1.3889949846230005,0.053,10.689296864458287,1.3366803258034978,-1.1965355665679642
New Zealand,F028,1,0.46909651245275985,0.053,10.689296864458287,-0.34589200344308063,-1.1965355665679642
New Zealand,F028B,1,0.29074373348193966,0.053,10.689296864458287,-0.6721143636482803,-1.1965355665679642
New Zealand,F114A,1,0.11494972945554008,0.053,10.689296864458287,-0.9936565074507998,-1.1965355665679642
New Zealand,F114B,1,0.22609197286325242,0.053,10.689296864458287,-0.7903679174317082,-1.1965355665679642
New Zealand,F114C,0,1.1507884339587224,0.053,10.689296864458287,0.9009803405133672,-1.1965355665679642
New Zealand,F114D,1,0.3916715083069999,0.053,10.689296864458287,-0.4875089030343089,-1.1965355665679642
New Zealand,F116,1,0.014722174212203596,0.053,10.689296864458287,-1.1769812070588035,-1.1965355665679642
New Zealand,F117,1,1.1687841261740761,0.053,10.689296864458287,0.9338959879279751,-1.1965355665679642
New Zealand,F120,1,0.49965557124056653,0.053,10.689296864458287,-0.2899968929719466,-1.1965355665679642
New Zealand,F121,1,0.30456910128400755,0.053,10.689296864458287,-0.6468265933027818,-1.1965355665679642
New Zealand,F122,1,1.5648495678377485,0.053,10.689296864458287,1.6583332740796923,-1.1965355665679642
New Zealand,F123,1,1.6212093931204634,0.053,10.689296864458287,1.7614201748309724,-1.1965355665679642
New Zealand,F144_02,1,0.06635596988125543,0.053,10.689296864458287,-1.0825386153217442,-1.1965355665679642
New Zealand,F202,1,0.20145777211458624,0.053,10.689296864458287,-0.8354259600165864,-1.1965355665679642
New Zealand,F206,1,0.07246285214186657,0.053,10.689296864458287,-1.071368609695548,-1.1965355665679642
New Zealand,G007_18_B,0,0.5197048933554932,0.053,10.689296864458287,-0.25332498228691175,-1.1965355665679642
New Zealand,G007_33_B,1,0.6428267226135599,0.053,10.689296864458287,-0.028124713666934576,-1.1965355665679642
New Zealand,G007_34_B,1,0.5653965736326364,0.053,10.689296864458287,-0.16975102359804994,-1.1965355665679642
New Zealand,G007_35_B,1,0.20282099733818812,0.053,10.689296864458287,-0.8329325054570282,-1.1965355665679642
New Zealand,G007_36_B,1,0.27175810344422113,0.053,10.689296864458287,-0.7068406913042153,-1.1965355665679642
New Zealand,G052,1,1.9874866392128767,0.053,10.689296864458287,2.4313723247174446,-1.1965355665679642
New Zealand,G058,1,0.7078927056957445,0.053,10.689296864458287,0.09088648813561526,-1.1965355665679642
New Zealand,G062,1,0.9454589861498218,0.053,10.689296864458287,0.5254153649050598,-1.1965355665679642
New Zealand,G063,1,0.11601978999459371,0.053,10.689296864458287,-0.9916992759648264,-1.1965355665679642
New Zealand,H001,1,0.07741414074434524,0.053,10.689296864458287,-1.06231228288484,-1.1965355665679642
New Zealand,H006_01,0,0.42965203032013755,0.053,10.689296864458287,-0.4180393068528084,-1.1965355665679642
New Zealand,H006_02,0,0.8897739291709394,0.053,10.689296864458287,0.4235626726137663,-1.1965355665679642
New Zealand,H008_01,1,0.4313329259103278,0.053,10.689296864458287,-0.414964806248699,-1.1965355665679642
New Zealand,H008_02,1,0.8800501025622399,0.053,10.689296864458287,0.40577696899411553,-1.1965355665679642
New Zealand,H008_03,1,0.3386440824625018,0.053,10.689296864458287,-0.5845005625667268,-1.1965355665679642
New Zealand,H008_04,0,0.5133052535197019,0.053,10.689296864458287,-0.26503046634912875,-1.1965355665679642
New Zealand,H008_07,0,0.08009939634316102,0.053,10.689296864458287,-1.0574007226374764,-1.1965355665679642
New Zealand,H008_08,1,0.3984892385006362,0.053,10.689296864458287,-0.47503869624614237,-1.1965355665679642
New Zealand,H008_09,1,0.7714048653409972,0.053,10.689296864458287,0.2070556150803295,-1.1965355665679642
Nigeria,A001,1,1.1767127260458214,0.13,7.6413013245556725,0.9483980695787834,0.48780151982569614
Nigeria,A002,1,0.700048214164002,0.13,7.6413013245556725,0.07653824777254574,0.48780151982569614
Nigeria,A003,1,1.7740530939986596,0.13,7.6413013245556725,2.0409842675841348,0.48780151982569614
Nigeria,A004,1,0.10395284291048987,0.13,7.6413013245556725,-1.0137707456720164,0.48780151982569614
Nigeria,A005,1,0.26402109890951686,0.13,7.6413013245556725,-0.7209923288329051,0.48780151982569614
Nigeria,A006,1,0.9760059961743737,0.13,7.6413013245556725,0.5812884371662527,0.48780151982569614
Nigeria,A008,1,0.509331490186091,0.13,7.6413013245556725,-0.2722988165316595,0.48780151982569614
Nigeria,A009,1,2.0977564464016134,0.13,7.6413013245556725,2.6330651548940205,0.48780151982569614
Nigeria,A062,0,0.16540526433035027,0.13,7.6413013245556725,-0.9013690546437466,0.48780151982569614
Nigeria,A165,1,0.19665943834621252,0.13,7.6413013245556725,-0.8442025194624434,0.48780151982569614
Nigeria,A170,1,1.8646955519129966,0.13,7.6413013245556725,2.2067770111917535,0.48780151982569614
Nigeria,A173,1,0.7913888812931641,0.13,7.6413013245556725,0.24360807525456007,0.48780151982569614
Nigeria,B008,1,0.8497809602135523,0.13,7.6413013245556725,0.35041214028016787,0.48780151982569614
Nigeria,C001_01,1,0.4146261557578657,0.13,7.6413013245556725,-0.44552290588690896,0.48780151982569614
Nigeria,C002_01,1,2.399899746498693,0.13,7.6413013245556725,3.1857108778630097,0.48780151982569614
Nigeria,C006,1,0.297686365346172,0.13,7.6413013245556725,-0.6594157011107247,0.48780151982569614
Nigeria,C038,1,0.7920483922402023,0.13,7.6413013245556725,0.24481437671487635,0.48780151982569614
Nigeria,C039,1,0.15738131722839005,0.13,7.6413013245556725,-0.9160455344657481,0.48780151982569614
Nigeria,C041,1,0.5980179401817471,0.13,7.6413013245556725,-0.1100837773113468,0.48780151982569614
Nigeria,D001_B,1,1.2219737298181723,0.13,7.6413013245556725,1.0311842844114014,0.48780151982569614
Nigeria,D026_03,1,0.5255608209621752,0.13,7.6413013245556725,-0.2426139940081414,0.48780151982569614
Nigeria,D026_05,1,0.6126619893202225,0.13,7.6413013245556725,-0.0832985693629136,0.48780151982569614
Nigeria,D054,1,0.6126673489733157,0.13,7.6413013245556725,-0.083288766102813,0.48780151982569614
Nigeria,D057,1,1.6836421750462636,0.13,7.6413013245556725,1.8756150283765023,0.48780151982569614
Nigeria,D059,1,1.3689457491716135,0.13,7.6413013245556725,1.3000085736334275,0.48780151982569614
Nigeria,D060,1,0.5960539391498019,0.13,7.6413013245556725,-0.11367610178077074,0.48780151982569614
Nigeria,D061,1,0.9884821843550654,0.13,7.6413013245556725,0.6041084435499792,0.48780151982569614
Nigeria,D066_01,1,0.36103052159379917,0.13,7.6413013245556725,-0.5435538666299247,0.48780151982569614
Nigeria,D078,1,1.6960368526693836,0.13,7.6413013245556725,1.898285945036894,0.48780151982569614
Nigeria,E015,1,0.5491368269301603,0.13,7.6413013245556725,-0.19949147943074702,0.48780151982569614
Nigeria,E016,1,0.6593452712820157,0.13,7.6413013245556725,0.0020891129125197687,0.48780151982569614
Nigeria,E018,1,1.989973791664307,0.13,7.6413013245556725,2.4359215375055925,0.48780151982569614
Nigeria,E023,1,0.22898123837378825,0.13,7.6413013245556725,-0.7850832057521628,0.48780151982569614
Nigeria,E025,1,1.5485513570920515,0.13,7.6413013245556725,1.6285224642495135,0.48780151982569614
Nigeria,E026,0,0.6570588789196523,0.13,7.6413013245556725,-0.0020928926447211223,0.48780151982569614
Nigeria,E027,1,0.3251864829041387,0.13,7.6413013245556725,-0.6091156536012429,0.48780151982569614
Nigeria,E028,1,1.8472605924374783,0.13,7.6413013245556725,2.1748869915183504,0.48780151982569614
Nigeria,E034,1,0.6271462529549553,0.13,7.6413013245556725,-0.056805622653460175,0.48780151982569614
Nigeria,E035,1,0.5575052534102275,0.13,7.6413013245556725,-0.18418491760824887,0.48780151982569614
Nigeria,E036,1,0.38394768034671106,0.13,7.6413013245556725,-0.5016364394907864,0.48780151982569614
Nigeria,E037,0,0.7441312721283149,0.13,7.6413013245556725,0.15716989981164065,0.48780151982569614
Nigeria,E039,1,0.0872979979583934,0.13,7.6413013245556725,-1.044233869714583,0.48780151982569614
Nigeria,E040,1,0.28704109570542485,0.13,7.6413013245556725,-0.6788868021906437,0.48780151982569614
Nigeria,E069_01,1,0.16666925686613115,0.13,7.6413013245556725,-0.8990571050868987,0.48780151982569614
Nigeria,E069_04,1,0.5128007214439654,0.13,7.6413013245556725,-0.26595329830888714,0.48780151982569614
Nigeria,E069_05,1,0.4905225899617593,0.13,7.6413013245556725,-0.30670189036909873,0.48780151982569614
Nigeria,E069_07,0,0.8307266471505254,0.13,7.6413013245556725,0.3155601855454093,0.48780151982569614
Nigeria,E069_08,1,0.21673226352928318,0.13,7.6413013245556725,-0.8074876196722975,0.48780151982569614
Nigeria,E069_10,1,0.4107857595085484,0.13,7.6413013245556725,-0.4525473163603811,0.48780151982569614
Nigeria,E069_12,1,0.3351150716760148,0.13,7.6413013245556725,-0.5909554226176922,0.48780151982569614
Nigeria,E069_13,1,0.17999558167777932,0.13,7.6413013245556725,-0.8746821266985427,0.48780151982569614
Nigeria,E069_14,1,0.41256584622323733,0.13,7.6413013245556725,-0.44929138677640335,0.48780151982569614
Nigeria,E069_15,1,0.19854095987644668,0.13,7.6413013245556725,-0.8407610569973684,0.48780151982569614
Nigeria,E069_40,1,0.037156114146987565,0.13,7.6413013245556725,-1.1359476281235166,0.48780151982569614
Nigeria,E069_41,1,0.5310231602821142,0.13,7.6413013245556725,-0.23262291208906624,0.48780151982569614
Nigeria,E069_54,1,0.10198610809240272,0.13,7.6413013245556725,-1.0173680704681674,0.48780151982569614
Nigeria,E114,1,0.26960925048957285,0.13,7.6413013245556725,-0.7107711256189729,0.48780151982569614
Nigeria,E115,1,0.34872642120296904,0.13,7.6413013245556725,-0.5660591098499085,0.48780151982569614
Nigeria,E117,1,0.1092080535370976,0.13,7.6413013245556725,-1.004158519701218,0.48780151982569614
Nigeria,E117B,1,0.45284202683174746,0.13,7.6413013245556725,-0.3756228363115479,0.48780151982569614
Nigeria,E124,1,0.4944763727105864,0.13,7.6413013245556725,-0.2994700863708442,0.48780151982569614
Nigeria,E224,1,0.3814834971794304,0.13,7.6413013245556725,-0.5061436395100233,0.48780151982569614
Nigeria,E225,1,0.5532732166808206,0.13,7.6413013245556725,-0.1919256717378387,0.48780151982569614
Nigeria,E226,1,0.21909250109813133,0.13,7.6413013245556725,-0.8031705449690175,0.48780151982569614
Nigeria,E227,1,0.020938044111270142,0.13,7.6413013245556725,-1.1656118537977942,0.48780151982569614
Nigeria,E229,1,0.06100523922101159,0.13,7.6413013245556725,-1.0923255555358504,0.48780151982569614
Nigeria,E233,1,0.35157661154531317,0.13,7.6413013245556725,-0.5608458699672504,0.48780151982569614
Nigeria,E233A,1,0.4656940580347938,0.13,7.6413013245556725,-0.3521153811618045,0.48780151982569614
Nigeria,E233B,0,1.1458057743504502,0.13,7.6413013245556725,0.891866633472247,0.48780151982569614
Nigeria,E235,1,0.9349070503085503,0.13,7.6413013245556725,0.5061149792607372,0.48780151982569614
Nigeria,E236,1,0.27787928475382523,0.13,7.6413013245556725,-0.6956445315045988,0.48780151982569614
Nigeria,E248B,1,0.5805181114315753,0.13,7.6413013245556725,-0.14209244839015225,0.48780151982569614
Nigeria,E254B,1,0.7970831592708716,0.13,7.6413013245556725,0.2540233926511909,0.48780151982569614
Nigeria,E258B,1,1.752969388283021,0.13,7.6413013245556725,2.0024203815593893,0.48780151982569614
Nigeria,E259B,1,1.308945523857414,0.13,7.6413013245556725,1.1902630724543048,0.48780151982569614
Nigeria,E260B,1,0.9632536558913269,0.13,7.6413013245556725,0.5579633251647403,0.48780151982569614
Nigeria,E261B,1,0.21956626378234734,0.13,7.6413013245556725,-0.8023039928361384,0.48780151982569614
Nigeria,E262B,1,1.007993399786235,0.13,7.6413013245556725,0.6397961114694658,0.48780151982569614
Nigeria,E268,1,0.17100514286379292,0.13,7.6413013245556725,-0.8911264018374174,0.48780151982569614
Nigeria,E277,1,0.7079076405393252,0.13,7.6413013245556725,0.09091380523126308,0.48780151982569614
Nigeria,E286,0,0.8333904993970661,0.13,7.6413013245556725,0.32043259724607936,0.48780151982569614
Nigeria,E287,0,0.1504373697743107,0.13,7.6413013245556725,-0.9287466033287194,0.48780151982569614
Nigeria,E289,1,1.0417290808149313,0.13,7.6413013245556725,0.7015015334528915,0.48780151982569614
Nigeria,F028,1,1.761719225850613,0.13,7.6413013245556725,2.01842457661137,0.48780151982569614
Nigeria,F028B,1,0.9626585545144438,0.13,7.6413013245556725,0.5568748342713076,0.48780151982569614
Nigeria,F114A,1,1.0257472853384584,0.13,7.6413013245556725,0.6722694739877302,0.48780151982569614
Nigeria,F114B,1,0.5681705965865763,0.13,7.6413013245556725,-0.16467710032912383,0.48780151982569614
Nigeria,F114C,1,2.182890607551068,0.13,7.6413013245556725,2.7887827565177594,0.48780151982569614
Nigeria,F114D,1,0.236811669741233,0.13,7.6413013245556725,-0.7707606826221443,0.48780151982569614
Nigeria,F116,1,0.6298672844207137,0.13,7.6413013245556725,-0.05182862531103272,0.48780151982569614
Nigeria,F117,1,0.9050585595676117,0.13,7.6413013245556725,0.4515195580160528,0.48780151982569614
Nigeria,F120,0,0.5539119168199158,0.13,7.6413013245556725,-0.1907574350103745,0.48780151982569614
Nigeria,F121,0,1.0255407784958095,0.13,7.6413013245556725,0.6718917554570957,0.48780151982569614
Nigeria,F122,1,1.5114719419186196,0.13,7.6413013245556725,1.5607010689076193,0.48780151982569614
Nigeria,F123,1,0.03812235947752242,0.13,7.6413013245556725,-1.1341802834592885,0.48780151982569614
Nigeria,F144_02,0,0.49130055136780704,0.13,7.6413013245556725,-0.30527893297256176,0.48780151982569614
Nigeria,F202,1,0.72939784907104,0.13,7.6413013245556725,0.13022121938523543,0.48780151982569614
Nigeria,F206,0,0.3955961675647653,0.13,7.6413013245556725,-0.48033036837139303,0.48780151982569614
Nigeria,G007_18_B,1,0.3846093607352441,0.13,7.6413013245556725,-0.5004261699379692,0.48780151982569614
Nigeria,G007_33_B,1,1.1398203001916114,0.13,7.6413013245556725,0.8809186935617449,0.48780151982569614
Nigeria,G007_34_B,1,0.2532550092222269,0.13,7.6413013245556725,-0.7406844200256261,0.48780151982569614
Nigeria,G007_35_B,1,0.046504551361037046,0.13,7.6413013245556725,-1.1188485435463353,0.48780151982569614
Nigeria,G007_36_B,1,0.3261186444770423,0.13,7.6413013245556725,-0.6074106510206273,0.48780151982569614
Nigeria,G052,0,2.793480944981281,0.13,7.6413013245556725,3.9056042725287994,0.48780151982569614
Nigeria,G058,1,0.6468760523623562,0.13,7.6413013245556725,-0.020718146101662185,0.48780151982569614
Nigeria,G062,0,0.654554242399781,0.13,7.6413013245556725,-0.006674085277005461,0.48780151982569614
Nigeria,G063,1,0.5699812372736501,0.13,7.6413013245556725,-0.1613652849381373,0.48780151982569614
Nigeria,H001,1,0.5924474873097996,0.13,7.6413013245556725,-0.12027260808698545,0.48780151982569614
Nigeria,H006_01,1,0.42422073087082895,0.13,7.6413013245556725,-0.4279736142157709,0.48780151982569614
Nigeria,H006_02,1,0.7013026452756528,0.13,7.6413013245556725,0.07883270867368207,0.48780151982569614
Nigeria,H008_01,1,0.6397611009589402,0.13,7.6413013245556725,-0.033731995692126975,0.48780151982569614
Nigeria,H008_02,1,0.738357679687709,0.13,7.6413013245556725,0.14660950953510066,0.48780151982569614
Nigeria,H008_03,1,0.2144984617761153,0.13,7.6413013245556725,-0.8115734325447068,0.48780151982569614
Nigeria,H008_04,0,0.6628632568386683,0.13,7.6413013245556725,0.008523806882983678,0.48780151982569614
Nigeria,H008_07,1,0.19382997999869803,0.13,7.6413013245556725,-0.8493778387681185,0.48780151982569614
Nigeria,H008_08,1,0.40052950447743807,0.13,7.6413013245556725,-0.47130687672396065,0.48780151982569614
Nigeria,H008_09,1,0.4602824026109016,0.13,7.6413013245556725,-0.36201375793612,0.48780151982569614
Northern Ireland,A001,1,0.4774231828195333,0.046,,-0.3306618170934531,-1.3496571198764789
Northern Ireland,A002,1,0.7420816140311727,0.046,,0.15342090130473865,-1.3496571198764789
Northern Ireland,A003,1,0.182016512388384,0.046,,-0.8709856730182078,-1.3496571198764789
Northern Ireland,A004,1,0.16845452185175694,0.046,,-0.8957917040061686,-1.3496571198764789
Northern Ireland,A005,1,0.5563777899052347,0.046,,-0.1862471439877109,-1.3496571198764789
Northern Ireland,A006,1,0.2881821215730158,0.046,,-0.6767997690996616,-1.3496571198764789
Northern Ireland,A008,1,0.5826130166161271,0.046,,-0.13826068912262549,-1.3496571198764789
Northern Ireland,A009,1,0.8192929671685203,0.046,,0.2946470150801996,-1.3496571198764789
Northern Ireland,A062,0,0.5720260487924457,0.046,,-0.1576251512341068,-1.3496571198764789
Northern Ireland,A165,1,0.25919884169532365,0.046,,-0.7298126462902969,-1.3496571198764789
Northern Ireland,A170,1,0.11098062019761042,0.046,,-1.0009163449341616,-1.3496571198764789
Northern Ireland,A173,1,0.1890541190390973,0.046,,-0.8581132935406383,-1.3496571198764789
Northern Ireland,B008,1,0.07027236976847386,0.046,,-1.0753751877480993,-1.3496571198764789
Northern Ireland,C001_01,1,1.6587174433427812,0.046,,1.8300255800331056,-1.3496571198764789
Northern Ireland,C002_01,1,0.7237460372954813,0.046,,0.11988357627421913,-1.3496571198764789
Northern Ireland,C006,1,0.444760250401087,0.046,,-0.39040509088069114,-1.3496571198764789
Northern Ireland,C038,1,0.48989140999611586,0.046,,-0.3078563720614761,-1.3496571198764789
Northern Ireland,C039,1,0.6415999380785161,0.046,,-0.030368606634538366,-1.3496571198764789
Northern Ireland,C041,1,0.1446870756226939,0.046,,-0.9392643790585917,-1.3496571198764789
Northern Ireland,D001_B,1,0.18932753974492483,0.046,,-0.8576131838787718,-1.3496571198764789
Northern Ireland,D026_03,1,0.36024803482764733,0.046,,-0.5449851012939224,-1.3496571198764789
Northern Ireland,D026_05,1,0.625548867490261,0.046,,-0.059727376154903096,-1.3496571198764789
Northern Ireland,D054,1,0.023738750530255127,0.046,,-1.1604891242080713,-1.3496571198764789
Northern Ireland,D057,1,0.21441331344699047,0.046,,-0.8117291760607593,-1.3496571198764789
Northern Ireland,D059,1,0.6586828393296543,0.046,,0.0008774686857145235,-1.3496571198764789
Northern Ireland,D060,1,0.5032322962043655,0.046,,-0.2834547596436722,-1.3496571198764789
Northern Ireland,D061,1,0.4858848030095934,0.046,,-0.31518479607090427,-1.3496571198764789
Northern Ireland,D066_01,1,1.1376866630630855,0.046,,0.8770160902835362,-1.3496571198764789
Northern Ireland,D078,1,0.07612418099637812,0.046,,-1.0646717286752552,-1.3496571198764789
Northern Ireland,E015,1,0.7981514507561615,0.046,,0.2559773883877832,-1.3496571198764789
Northern Ireland,E016,1,0.7965209273953527,0.046,,0.2529950228636679,-1.3496571198764789
Northern Ireland,E018,1,0.35294473094009743,0.046,,-0.5583434635534874,-1.3496571198764789
Northern Ireland,E023,1,0.07533004912893523,0.046,,-1.0661242632172245,-1.3496571198764789
Northern Ireland,E025,1,1.3014871716022234,0.046,,1.1766211135794835,-1.3496571198764789
Northern Ireland,E026,1,0.10949131896297368,0.046,,-1.0036404032113764,-1.3496571198764789
Northern Ireland,E027,1,0.2093357755823617,0.046,,-0.8210164234801082,-1.3496571198764789
Northern Ireland,E028,1,0.053662627233996237,0.046,,-1.105755815643359,-1.3496571198764789
Northern Ireland,E034,1,0.36260591477589765,0.046,,-0.5406723388786837,-1.3496571198764789
Northern Ireland,E035,1,0.15127810425938684,0.046,,-0.927208828646373,-1.3496571198764789
Northern Ireland,E036,1,0.8888666576627485,0.046,,0.42190319607262755,-1.3496571198764789
Northern Ireland,E037,1,0.3985754647809073,0.046,,-0.47488098106601423,-1.3496571198764789
Northern Ireland,E039,1,0.5830372316392087,0.046,,-0.1374847638644783,-1.3496571198764789
Northern Ireland,E040,1,0.2690388440091814,0.046,,-0.7118144474521589,-1.3496571198764789
Northern Ireland,E069_01,1,0.8899681165247363,0.046,,0.42391785775438,-1.3496571198764789
Northern Ireland,E069_04,1,1.5729958152360919,0.046,,1.673233451517005,-1.3496571198764789
Northern Ireland,E069_05,1,0.5628859296513379,0.046,,-0.17434320438682352,-1.3496571198764789
Northern Ireland,E069_07,1,2.0366982474099267,0.046,,2.521384530123909,-1.3496571198764789
Northern Ireland,E069_08,1,0.8321602778389205,0.046,,0.31818241767170213,-1.3496571198764789
Northern Ireland,E069_10,1,0.12570070061687516,0.046,,-0.9739920693243684,-1.3496571198764789
Northern Ireland,E069_12,1,0.5327012434594297,0.046,,-0.229553555626647,-1.3496571198764789
Northern Ireland,E069_13,1,0.17053019766227676,0.046,,-0.891995116894737,-1.3496571198764789
Northern Ireland,E069_14,1,0.5234533020228133,0.046,,-0.24646882490308517,-1.3496571198764789
Northern Ireland,E069_15,1,0.700202149448961,0.046,,0.07681980846516831,-1.3496571198764789
Northern Ireland,E069_40,1,0.4022574643123748,0.046,,-0.46814629162433025,-1.3496571198764789
Northern Ireland,E069_41,1,0.7278620143154036,0.046,,0.12741204735124745,-1.3496571198764789
Northern Ireland,E069_54,1,0.7576033306816923,0.046,,0.18181143757441617,-1.3496571198764789
Northern Ireland,E114,1,0.6034960875699528,0.046,,-0.10006378109460846,-1.3496571198764789
Northern Ireland,E115,1,1.0199633561847656,0.046,,0.6616901769862183,-1.3496571198764789
Northern Ireland,E117,1,0.0012110570731633438,0.046,,-1.2016941862876145,-1.3496571198764789
Northern Ireland,E117B,1,0.5299121949236566,0.046,,-0.2346549619591809,-1.3496571198764789
Northern Ireland,E124,1,0.03192368422801046,0.046,,-1.145518186247852,-1.3496571198764789
Northern Ireland,E224,1,0.21234484388877392,0.046,,-0.8155125823255105,-1.3496571198764789
Northern Ireland,E225,1,0.6263142281393428,0.046,,-0.058327466611623656,-1.3496571198764789
Northern Ireland,E226,1,0.31917682356425037,0.046,,-0.6201078302592155,-1.3496571198764789
Northern Ireland,E227,1,0.6338700052136226,0.046,,-0.04450730947934168,-1.3496571198764789
Northern Ireland,E229,1,1.0271798713558595,0.046,,0.6748897953221683,-1.3496571198764789
Northern Ireland,E233,1,0.2908673028862622,0.046,,-0.6718883447269051,-1.3496571198764789
Northern Ireland,E233A,1,0.15067607367839259,0.046,,-0.9283099936418439,-1.3496571198764789
Northern Ireland,E233B,1,0.1692609852260992,0.046,,-0.8943166140921502,-1.3496571198764789
Northern Ireland,E235,1,1.1083434098205955,0.046,,0.8233447912765828,-1.3496571198764789
Northern Ireland,E236,1,0.27534543156766045,0.046,,-0.7002791638976235,-1.3496571198764789
Northern Ireland,E248B,1,0.41063712194252083,0.046,,-0.4528191870757379,-1.3496571198764789
Northern Ireland,E254B,1,0.28088480129731686,0.046,,-0.6901471868256351,-1.3496571198764789
Northern Ireland,E258B,1,0.05609641607905074,0.046,,-1.1013042094174497,-1.3496571198764789
Northern Ireland,E259B,1,0.7215522919208839,0.046,,0.11587102991570411,-1.3496571198764789
Northern Ireland,E260B,1,0.39174884414848493,0.046,,-0.48736744922078673,-1.3496571198764789
Northern Ireland,E261B,1,0.3855227638341922,0.046,,-0.4987554781972683,-1.3496571198764789
Northern Ireland,E262B,1,0.7372568257357307,0.046,,0.14459595428506247,-1.3496571198764789
Northern Ireland,E268,0,0.33451087177295336,0.046,,-0.5920605554872209,-1.3496571198764789
Northern Ireland,E277,1,0.3672696230742724,0.046,,-0.5321420208360739,-1.3496571198764789
Northern Ireland,E286,1,0.20977244569363895,0.046,,-0.8202177168092397,-1.3496571198764789
Northern Ireland,E287,1,0.8552970658717819,0.046,,0.36050156539231215,-1.3496571198764789
Northern Ireland,E289,1,0.041751519108928915,0.046,,-1.1275422426765733,-1.3496571198764789
Northern Ireland,F028,1,0.48349118435913785,0.046,,-0.31956292760374994,-1.3496571198764789
Northern Ireland,F028B,1,0.508719471216425,0.046,,-0.2734182511372031,-1.3496571198764789
Northern Ireland,F114A,1,0.2867975102357311,0.046,,-0.6793323406750661,-1.3496571198764789
Northern Ireland,F114B,1,0.3520928055628538,0.046,,-0.5599017073267936,-1.3496571198764789
Northern Ireland,F114C,1,0.40697300430823535,0.046,,-0.459521169010775,-1.3496571198764789
Northern Ireland,F114D,1,0.9749861660168063,0.046,,0.5794230813084418,-1.3496571198764789
Northern Ireland,F116,1,0.8278312763357378,0.046,,0.3102643067465498,-1.3496571198764789
Northern Ireland,F117,1,0.7009327571298362,0.046,,0.07815615188193191,-1.3496571198764789
Northern Ireland,F120,1,1.2821849230773141,0.046,,1.1413156638556334,-1.3496571198764789
Northern Ireland,F121,1,0.3795178681455905,0.046,,-0.5097389417329957,-1.3496571198764789
Northern Ireland,F122,1,0.3625974704697831,0.046,,-0.5406877842307937,-1.3496571198764789
Northern Ireland,F123,1,0.4862402177801949,0.046,,-0.3145347123100206,-1.3496571198764789
Northern Ireland,F144_02,1,0.7924595315996839,0.046,,0.24556638547525161,-1.3496571198764789
Northern Ireland,F202,1,0.4104593807622317,0.046,,-0.4531442907700799,-1.3496571198764789
Northern Ireland,F206,1,0.5804511402209143,0.046,,-0.14221494441479346,-1.3496571198764789
Northern Ireland,G007_18_B,1,0.5722612429867381,0.046,,-0.1571949611041219,-1.3496571198764789
Northern Ireland,G007_33_B,1,0.8985871626116676,0.046,,0.43968282409480436,-1.3496571198764789
Northern Ireland,G007_34_B,1,0.42735861976445694,0.046,,-0.4222341492808933,-1.3496571198764789
Northern Ireland,G007_35_B,0,1.5478896177010484,0.046,,1.627312086776174,-1.3496571198764789
Northern Ireland,G007_36_B,0,0.9015841806342951,0.046,,0.4451646242582828,-1.3496571198764789
Northern Ireland,G052,1,0.15152273927326138,0.046,,-0.9267613704566241,-1.3496571198764789
Northern Ireland,G058,1,1.3020843388213637,0.046,,1.1777133830736246,-1.3496571198764789
Northern Ireland,G062,1,1.4064948592485091,0.046,,1.3686890807921852,-1.3496571198764789
Northern Ireland,G063,1,0.1995070833952879,0.046,,-0.8389939351370598,-1.3496571198764789
Northern Ireland,H001,1,0.7920239503276533,0.046,,0.24476967038371805,-1.3496571198764789
Northern Ireland,H006_01,1,1.1918519033271822,0.046,,0.9760889088961705,-1.3496571198764789
Northern Ireland,H006_02,1,0.05194199507677213,0.046,,-1.1089029977989364,-1.3496571198764789
Northern Ireland,H008_01,1,0.09079346985098737,0.046,,-1.037840355145239,-1.3496571198764789
Northern Ireland,H008_02,0,0.33851770561088984,0.046,,-0.5847317165473155,-1.3496571198764789
Northern Ireland,H008_03,0,0.5305422413079843,0.046,,-0.23350255368317768,-1.3496571198764789
Northern Ireland,H008_04,0,0.5511720888563311,0.046,,-0.19576881274160152,-1.3496571198764789
Northern Ireland,H008_07,1,0.019458148405387354,0.046,,-1.1683187085651627,-1.3496571198764789
Northern Ireland,H008_08,1,0.7579603068821882,0.046,,0.1824643773230136,-1.3496571198764789
Northern Ireland,H008_09,1,1.1448964410766547,0.046,,0.8902033857869435,-1.3496571198764789
Pakistan,A001,1,1.2759600666534756,0.178,7.306917230537189,1.1299298734786,1.5377778853697959
Pakistan,A002,1,1.1993244850778482,0.178,7.306917230537189,0.9897568947251291,1.5377778853697959
Pakistan,A003,1,1.1861132118002744,0.178,7.306917230537189,0.9655923553509985,1.5377778853697959
Pakistan,A004,1,0.3338001200575581,0.178,7.306917230537189,-0.593360580658985,1.5377778853697959
Pakistan,A005,1,2.132380462712382,0.178,7.306917230537189,2.6963954174548874,1.5377778853697959
Pakistan,A006,1,1.5251467927813158,0.178,7.306917230537189,1.5857135310045107,1.5377778853697959
Pakistan,A008,1,0.8201250344160992,0.178,7.306917230537189,0.2961689366500285,1.5377778853697959
Pakistan,A009,1,0.04344394860383846,0.178,7.306917230537189,-1.1244466455824536,1.5377778853697959
Pakistan,A062,0,0.8888851463576379,0.178,7.306917230537189,0.42193701346374834,1.5377778853697959
Pakistan,A165,1,0.4497193237218807,0.178,7.306917230537189,-0.3813345251599034,1.5377778853697959
Pakistan,A170,1,0.34217101868224925,0.178,7.306917230537189,-0.5780494970742881,1.5377778853697959
Pakistan,A173,0,0.23692439404270482,0.178,7.306917230537189,-0.7705545003137395,1.5377778853697959
Pakistan,B008,1,0.053742928798693565,0.178,7.306917230537189,-1.1056089372705358,1.5377778853697959
Pakistan,C001_01,1,1.0410210500446095,0.178,7.306917230537189,0.700206485120451,1.5377778853697959
Pakistan,C002_01,1,0.2718877421987304,0.178,7.306917230537189,-0.7066035710265605,1.5377778853697959
Pakistan,C006,1,1.4421817180473038,0.178,7.306917230537189,1.4339633724114773,1.5377778853697959
Pakistan,C038,1,0.22444365307026615,0.178,7.306917230537189,-0.7933828341397283,1.5377778853697959
Pakistan,C039,1,0.06309580563806239,0.178,7.306917230537189,-1.088501732242087,1.5377778853697959
Pakistan,C041,1,0.22118672972252815,0.178,7.306917230537189,-0.7993400231873984,1.5377778853697959
Pakistan,D001_B,1,1.8342453330013864,0.178,7.306917230537189,2.151080978085728,1.5377778853697959
Pakistan,D026_03,1,0.6239378656460043,0.178,7.306917230537189,-0.06267403516947512,1.5377778853697959
Pakistan,D026_05,1,1.6773544676248087,0.178,7.306917230537189,1.864114278193953,1.5377778853697959
Pakistan,D054,1,0.3936958057348297,0.178,7.306917230537189,-0.48380629134261227,1.5377778853697959
Pakistan,D057,1,0.6009738159249793,0.178,7.306917230537189,-0.10467722986647482,1.5377778853697959
Pakistan,D059,1,0.39393235241343355,0.178,7.306917230537189,-0.48337362740410716,1.5377778853697959
Pakistan,D060,1,0.4772006650959701,0.178,7.306917230537189,-0.33106882088328554,1.5377778853697959
Pakistan,D061,1,1.5407771807022386,0.178,7.306917230537189,1.6143028362449998,1.5377778853697959
Pakistan,D066_01,1,0.8784861414100462,0.178,7.306917230537189,0.4029163513952087,1.5377778853697959
Pakistan,D078,1,0.8692062860474565,0.178,7.306917230537189,0.38594270884130055,1.5377778853697959
Pakistan,E015,1,0.46100293947061505,0.178,7.306917230537189,-0.3606958349054448,1.5377778853697959
Pakistan,E016,1,0.7084501301884187,0.178,7.306917230537189,0.09190606481216446,1.5377778853697959
Pakistan,E018,1,1.902095569006884,0.178,7.306917230537189,2.2751848146388696,1.5377778853697959
Pakistan,E023,1,0.15922918455265997,0.178,7.306917230537189,-0.9126656283978531,1.5377778853697959
Pakistan,E025,1,0.3487360526417837,0.178,7.306917230537189,-0.5660414931314002,1.5377778853697959
Pakistan,E026,0,0.5693493907238116,0.178,7.306917230537189,-0.16252098586954555,1.5377778853697959
Pakistan,E027,0,0.23607623516879844,0.178,7.306917230537189,-0.7721058548329757,1.5377778853697959
Pakistan,E028,0,0.4493784678223283,0.178,7.306917230537189,-0.38195797951078875,1.5377778853697959
Pakistan,E034,1,0.50868017660693,0.178,7.306917230537189,-0.2734901243108468,1.5377778853697959
Pakistan,E035,1,0.34895065340408105,0.178,7.306917230537189,-0.5656489701352212,1.5377778853697959
Pakistan,E036,1,0.19145237247351005,0.178,7.306917230537189,-0.8537266845948233,1.5377778853697959
Pakistan,E037,1,0.46184490409729795,0.178,7.306917230537189,-0.35915581018976195,1.5377778853697959
Pakistan,E039,1,0.12385776073936731,0.178,7.306917230537189,-0.9773629626742012,1.5377778853697959
Pakistan,E040,1,0.30385875932289524,0.178,7.306917230537189,-0.6481258689992079,1.5377778853697959
Pakistan,E069_01,1,3.0240084883760026,0.178,7.306917230537189,4.327258702207389,1.5377778853697959
Pakistan,E069_04,1,0.11525522445759877,0.178,7.306917230537189,-0.9930977311806596,1.5377778853697959
Pakistan,E069_05,1,0.9691529467553553,0.178,7.306917230537189,0.5687536285191679,1.5377778853697959
Pakistan,E069_07,1,0.12916756241383284,0.178,7.306917230537189,-0.9676508850465849,1.5377778853697959
Pakistan,E069_08,1,0.8134054447747452,0.178,7.306917230537189,0.28387823725603956,1.5377778853697959
Pakistan,E069_10,1,0.8368313658841626,0.178,7.306917230537189,0.32672623389726524,1.5377778853697959
Pakistan,E069_12,1,0.38947983610936704,0.178,7.306917230537189,-0.4915176573763138,1.5377778853697959
Pakistan,E069_13,1,0.27202041020223355,0.178,7.306917230537189,-0.706360909995562,1.5377778853697959
Pakistan,E069_14,1,0.4718475316235612,0.178,7.306917230537189,-0.3408601560446423,1.5377778853697959
Pakistan,E069_15,1,0.4024627398854598,0.178,7.306917230537189,-0.46777082519016155,1.5377778853697959
Pakistan,E069_40,1,0.6364912356257099,0.178,7.306917230537189,-0.03971285672897179,1.5377778853697959
Pakistan,E069_41,0,0.9366423414680272,0.178,7.306917230537189,0.5092889739747775,1.5377778853697959
Pakistan,E069_54,1,1.2995443480776152,0.178,7.306917230537189,1.173067524567206,1.5377778853697959
Pakistan,E114,1,0.5377880139444158,0.178,7.306917230537189,-0.22024942096157515,1.5377778853697959
Pakistan,E115,1,0.20701950361056917,0.178,7.306917230537189,-0.8252530813773139,1.5377778853697959
Pakistan,E117,1,1.1675442145688335,0.178,7.306917230537189,0.9316280844355701,1.5377778853697959
Pakistan,E117B,1,0.5863821942193908,0.178,7.306917230537189,-0.13136654359338523,1.5377778853697959
Pakistan,E124,1,0.9678872788995168,0.178,7.306917230537189,0.5664386146598377,1.5377778853697959
Pakistan,E224,1,0.11120346463525609,0.178,7.306917230537189,-1.0005087435565612,1.5377778853697959
Pakistan,E225,1,1.305835378730844,0.178,7.306917230537189,1.1845743532225383,1.5377778853697959
Pakistan,E226,1,1.7665664494080506,0.178,7.306917230537189,2.027290559628143,1.5377778853697959
Pakistan,E227,1,1.4323899891635363,0.178,7.306917230537189,1.4160534697714144,1.5377778853697959
Pakistan,E229,1,0.1438181466308028,0.178,7.306917230537189,-0.940853723885295,1.5377778853697959
Pakistan,E233,1,0.5158182592210588,0.178,7.306917230537189,-0.26043396577405276,1.5377778853697959
Pakistan,E233A,1,0.5984168861058244,0.178,7.306917230537189,-0.10935407137854475,1.5377778853697959
Pakistan,E233B,1,1.0431888381192336,0.178,7.306917230537189,0.704171553375677,1.5377778853697959
Pakistan,E235,1,0.6883502090395675,0.178,7.306917230537189,0.055141604202389186,1.5377778853697959
Pakistan,E236,1,0.6777267696319654,0.178,7.306917230537189,0.03571043247048218,1.5377778853697959
Pakistan,E248B,1,0.781962289453143,0.178,7.306917230537189,0.22636603923758333,1.5377778853697959
Pakistan,E254B,1,0.5343285608299152,0.178,7.306917230537189,-0.2265770541307575,1.5377778853697959
Pakistan,E258B,1,0.19720651925054059,0.178,7.306917230537189,-0.8432018620862985,1.5377778853697959
Pakistan,E259B,1,2.0620935370813283,0.178,7.306917230537189,2.567834668902261,1.5377778853697959
Pakistan,E260B,0,0.29098363274390066,0.178,7.306917230537189,-0.6716755675504567,1.5377778853697959
Pakistan,E261B,1,0.0695808500293119,0.178,7.306917230537189,-1.0766400360041213,1.5377778853697959
Pakistan,E262B,0,1.189026758012231,0.178,7.306917230537189,0.9709214784928749,1.5377778853697959
Pakistan,E268,1,0.8626459373744385,0.178,7.306917230537189,0.37394327468484634,1.5377778853697959
Pakistan,E277,1,0.20342221163437602,0.178,7.306917230537189,-0.8318328335157034,1.5377778853697959
Pakistan,E286,0,0.6528076827884779,0.178,7.306917230537189,-0.009868690945199684,1.5377778853697959
Pakistan,E287,1,0.11305621200108407,0.178,7.306917230537189,-0.9971199114787429,1.5377778853697959
Pakistan,E289,0,0.06820882305451173,0.178,7.306917230537189,-1.079149589713165,1.5377778853697959
Pakistan,F028,1,0.1259689030952653,0.178,7.306917230537189,-0.973501504243083,1.5377778853697959
Pakistan,F028B,1,0.8658119106839473,0.178,7.306917230537189,0.37973410839842464,1.5377778853697959
Pakistan,F114A,1,0.23654930007974015,0.178,7.306917230537189,-0.7712405789865987,1.5377778853697959
Pakistan,F114B,1,1.4878551927529675,0.178,7.306917230537189,1.517504031565949,1.5377778853697959
Pakistan,F114C,1,0.40541772761035066,0.178,7.306917230537189,-0.46236590200615546,1.5377778853697959
Pakistan,F114D,1,0.28803758931366563,0.178,7.306917230537189,-0.6770641308609029,1.5377778853697959
Pakistan,F116,1,0.19104764460510532,0.178,7.306917230537189,-0.8544669661942113,1.5377778853697959
Pakistan,F117,1,0.30434529082728945,0.178,7.306917230537189,-0.6472359616112011,1.5377778853697959
Pakistan,F120,1,0.2668422825621409,0.178,7.306917230537189,-0.7158321446460251,1.5377778853697959
Pakistan,F121,0,1.6162312912244876,0.178,7.306917230537189,1.752314804232217,1.5377778853697959
Pakistan,F122,1,1.0428090021965148,0.178,7.306917230537189,0.7034768012562257,1.5377778853697959
Pakistan,F123,1,0.05112278282065487,0.178,7.306917230537189,-1.1104014064990517,1.5377778853697959
Pakistan,F144_02,0,0.23650219554564253,0.178,7.306917230537189,-0.7713267371747602,1.5377778853697959
Pakistan,F202,1,1.9008473731293778,0.178,7.306917230537189,2.272901758509842,1.5377778853697959
Pakistan,F206,1,0.03027695162135394,0.178,7.306917230537189,-1.1485301998574537,1.5377778853697959
Pakistan,G007_18_B,1,0.2955837339283673,0.178,7.306917230537189,-0.6632615923141921,1.5377778853697959
Pakistan,G007_33_B,1,0.723365364671235,0.178,7.306917230537189,0.11918729375670684,1.5377778853697959
Pakistan,G007_34_B,1,0.12156878862082525,0.178,7.306917230537189,-0.9815496868243018,1.5377778853697959
Pakistan,G007_35_B,1,0.7095438400757451,0.178,7.306917230537189,0.09390655296201128,1.5377778853697959
Pakistan,G007_36_B,1,0.41380769854107025,0.178,7.306917230537189,-0.4470199335560639,1.5377778853697959
Pakistan,G052,1,0.3339047782074027,0.178,7.306917230537189,-0.5931691520260586,1.5377778853697959
Pakistan,G058,1,0.8601797226182714,0.178,7.306917230537189,0.36943235871722147,1.5377778853697959
Pakistan,G062,1,1.3806891758815523,0.178,7.306917230537189,1.3214882971360244,1.5377778853697959
Pakistan,G063,0,0.8164264717788661,0.178,7.306917230537189,0.28940395188305523,1.5377778853697959
Pakistan,H001,0,0.629916649995483,0.178,7.306917230537189,-0.0517383314877065,1.5377778853697959
Pakistan,H006_01,1,0.8802235498494425,0.178,7.306917230537189,0.40609421879380425,1.5377778853697959
Pakistan,H006_02,1,0.17496181146225012,0.178,7.306917230537189,-0.8838893193754185,1.5377778853697959
Pakistan,H008_01,1,0.7243578529151602,0.178,7.306917230537189,0.12100263893538866,1.5377778853697959
Pakistan,H008_02,0,0.5420410046193432,0.178,7.306917230537189,-0.21247034028836326,1.5377778853697959
Pakistan,H008_03,1,0.10027053487020579,0.178,7.306917230537189,-1.020505999402493,1.5377778853697959
Pakistan,H008_04,1,0.5621435290492702,0.178,7.306917230537189,-0.17570111805669628,1.5377778853697959
Pakistan,H008_07,1,0.3439162812731217,0.178,7.306917230537189,-0.5748572637664717,1.5377778853697959
Pakistan,H008_08,1,1.013705825505161,0.178,7.306917230537189,0.6502446226240345,1.5377778853697959
Pakistan,H008_09,1,1.0886830790802076,0.178,7.306917230537189,0.7873843788089222,1.5377778853697959
Peru,A001,1,1.1642949838898544,0.09,8.801533436176816,0.9256849659315342,-0.38717878479438733
Peru,A002,0,1.7900389000763526,0.09,8.801533436176816,2.0702236627790978,-0.38717878479438733
Peru,A003,1,0.4260316682790496,0.09,8.801533436176816,-0.4246612560966396,-0.38717878479438733
Peru,A004,1,0.8275586614157295,0.09,8.801533436176816,0.30976567093529167,-0.38717878479438733
Peru,A005,1,0.40621292349962684,0.09,8.801533436176816,-0.46091142127800494,-0.38717878479438733
Peru,A006,1,0.8828376009496425,0.09,8.801533436176816,0.4108755399737997,-0.38717878479438733
Peru,A008,1,0.06612156108291208,0.09,8.801533436176816,-1.082967368895923,-0.38717878479438733
Peru,A009,1,0.18335322485652913,0.09,8.801533436176816,-0.8685407125371303,-0.38717878479438733
Peru,A062,1,0.30731801259231767,0.09,8.801533436176816,-0.6417986013636239,-0.38717878479438733
Peru,A165,1,0.046629063519374965,0.09,8.801533436176816,-1.118620800247904,-0.38717878479438733
Peru,A170,0,0.8810775240978854,0.09,8.801533436176816,0.40765621012631437,-0.38717878479438733
Peru,A173,1,0.011943907911503748,0.09,8.801533436176816,-1.182062891768864,-0.38717878479438733
Peru,B008,1,0.05451908454546857,0.09,8.801533436176816,-1.1041892825779605,-0.38717878479438733
Peru,C001_01,1,0.4928201571944201,0.09,8.801533436176816,-0.3024994450262573,-0.38717878479438733
Peru,C002_01,1,0.11601472757648089,0.09,8.801533436176816,-0.9917085355569374,-0.38717878479438733
Peru,C006,1,0.7620881115787381,0.09,8.801533436176816,0.19001448222378972,-0.38717878479438733
Peru,C038,1,0.022990059912226975,0.09,8.801533436176816,-1.16185854285064,-0.38717878479438733
Peru,C039,1,0.1652384005125692,0.09,8.801533436176816,-0.9016742627194688,-0.38717878479438733
Peru,C041,1,0.3091152860672495,0.09,8.801533436176816,-0.6385112357374209,-0.38717878479438733
Peru,D001_B,1,0.5407778854079085,0.09,8.801533436176816,-0.2147806924609088,-0.38717878479438733
Peru,D026_03,1,1.059072150519519,0.09,8.801533436176816,0.7332234789413863,-0.38717878479438733
Peru,D026_05,1,0.5608964454922569,0.09,8.801533436176816,-0.17798213965719814,-0.38717878479438733
Peru,D054,1,0.0804066905522633,0.09,8.801533436176816,-1.0568386554650488,-0.38717878479438733
Peru,D057,1,0.08232017941943517,0.09,8.801533436176816,-1.0533387220293196,-0.38717878479438733
Peru,D059,1,0.6887636909582717,0.09,8.801533436176816,0.05589789770227321,-0.38717878479438733
Peru,D060,1,0.4392431659015655,0.09,8.801533436176816,-0.40049630637658146,-0.38717878479438733
Peru,D061,1,0.4520724671283188,0.09,8.801533436176816,-0.3770304262813818,-0.38717878479438733
Peru,D066_01,1,0.8707250321484066,0.09,8.801533436176816,0.3887206242764474,-0.38717878479438733
Peru,D078,1,0.8299486957074017,0.09,8.801533436176816,0.31413724637190554,-0.38717878479438733
Peru,E015,1,0.21444440766067885,0.09,8.801533436176816,-0.8116723021065844,-0.38717878479438733
Peru,E016,1,0.5031146109945753,0.09,8.801533436176816,-0.283670015874164,-0.38717878479438733
Peru,E018,1,0.1143924853238359,0.09,8.801533436176816,-0.9946757542318369,-0.38717878479438733
Peru,E023,1,0.2744180265787733,0.09,8.801533436176816,-0.7019754662826306,-0.38717878479438733
Peru,E025,0,0.031189920744872406,0.09,8.801533436176816,-1.1468603018946224,-0.38717878479438733
Peru,E026,0,0.050378655390448376,0.09,8.801533436176816,-1.1117624786840559,-0.38717878479438733
Peru,E027,0,0.67579675141146,0.09,8.801533436176816,0.03218026544552471,-0.38717878479438733
Peru,E028,0,0.31648057682034664,0.09,8.801533436176816,-0.6250394942431883,-0.38717878479438733
Peru,E034,1,0.7245256111189503,0.09,8.801533436176816,0.12130948291898115,-0.38717878479438733
Peru,E035,1,0.7321404123090752,0.09,8.801533436176816,0.135237600165432,-0.38717878479438733
Peru,E036,0,0.16254555575492755,0.09,8.801533436176816,-0.9065997041820197,-0.38717878479438733
Peru,E037,1,0.695394730934398,0.09,8.801533436176816,0.06802663224798414,-0.38717878479438733
Peru,E039,1,0.7325519436353507,0.09,8.801533436176816,0.135990325866319,-0.38717878479438733
Peru,E040,0,0.664359198406662,0.09,8.801533436176816,0.01126001089312594,-0.38717878479438733
Peru,E069_01,1,0.6330996531483256,0.09,8.801533436176816,-0.04591634874623889,-0.38717878479438733
Peru,E069_04,1,0.3787804852015115,0.09,8.801533436176816,-0.5110876776808213,-0.38717878479438733
Peru,E069_05,1,0.29143574139106126,0.09,8.801533436176816,-0.6708486224879968,-0.38717878479438733
Peru,E069_07,0,1.7735378380443325,0.09,8.801533436176816,2.0400418207408597,-0.38717878479438733
Peru,E069_08,1,1.5697884836063483,0.09,8.801533436176816,1.6673669699278006,-0.38717878479438733
Peru,E069_10,1,0.3519454066011709,0.09,8.801533436176816,-0.5601713125297484,-0.38717878479438733
Peru,E069_12,1,0.4957361440948365,0.09,8.801533436176816,-0.29716585765817427,-0.38717878479438733
Peru,E069_13,1,0.0045480022936913314,0.09,8.801533436176816,-1.1955906304473425,-0.38717878479438733
Peru,E069_14,1,0.002210906408896955,0.09,8.801533436176816,-1.1998653770476644,-0.38717878479438733
Peru,E069_15,1,0.6189514962310381,0.09,8.801533436176816,-0.07179452776169559,-0.38717878479438733
Peru,E069_40,1,0.21610779041614553,0.09,8.801533436176816,-0.8086298339625823,-0.38717878479438733
Peru,E069_41,1,0.5160104093571539,0.09,8.801533436176816,-0.2600825068774076,-0.38717878479438733
Peru,E069_54,1,0.47545675393748366,0.09,8.801533436176816,-0.33425858230664246,-0.38717878479438733
Peru,E114,1,1.329971345512881,0.09,8.801533436176816,1.2287210836234062,-0.38717878479438733
Peru,E115,1,0.699708923332615,0.09,8.801533436176816,0.07591765606408044,-0.38717878479438733
Peru,E117,1,0.36138756614497713,0.09,8.801533436176816,-0.5429008018621324,-0.38717878479438733
Peru,E117B,0,1.3124404312373832,0.09,8.801533436176816,1.1966555544821775,-0.38717878479438733
Peru,E124,1,1.4556215922645648,0.09,8.801533436176816,1.4585460422936956,-0.38717878479438733
Peru,E224,1,0.25130697414382946,0.09,8.801533436176816,-0.7442475414118159,-0.38717878479438733
Peru,E225,1,0.18272909063291257,0.09,8.801533436176816,-0.8696823069697371,-0.38717878479438733
Peru,E226,1,0.09494655501089351,0.09,8.801533436176816,-1.0302440101327544,-0.38717878479438733
Peru,E227,1,0.7957661246931699,0.09,8.801533436176816,0.25161442470076717,-0.38717878479438733
Peru,E229,0,0.4038592377743742,0.09,8.801533436176816,-0.4652165121036367,-0.38717878479438733
Peru,E233,1,0.07799073611512629,0.09,8.801533436176816,-1.0612576410462042,-0.38717878479438733
Peru,E233A,0,0.015108804263540443,0.09,8.801533436176816,-1.1762740279018473,-0.38717878479438733
Peru,E233B,0,0.5507232615975487,0.09,8.801533436176816,-0.19658975586639785,-0.38717878479438733
Peru,E235,1,0.6597749012739527,0.09,8.801533436176816,0.0028749426079883638,-0.38717878479438733
Peru,E236,1,0.5807808558335473,0.09,8.801533436176816,-0.1416118665935768,-0.38717878479438733
Peru,E248B,0,2.0223546102153507,0.09,8.801533436176816,2.49514880110111,-0.38717878479438733
Peru,E254B,1,0.05048368198907657,0.09,8.801533436176816,-1.1115703761270532,-0.38717878479438733
Peru,E258B,1,0.07041621885032374,0.09,8.801533436176816,-1.0751120755764516,-0.38717878479438733
Peru,E259B,1,0.9521905886436784,0.09,8.801533436176816,0.5377280368251782,-0.38717878479438733
Peru,E260B,1,0.12401288102519602,0.09,8.801533436176816,-0.9770792345144788,-0.38717878479438733
Peru,E261B,1,0.01779666730313546,0.09,8.801533436176816,-1.1713576984241414,-0.38717878479438733
Peru,E262B,1,0.876066583302633,0.09,8.801533436176816,0.3984907743954631,-0.38717878479438733
Peru,E268,0,2.568531684625016,0.09,8.801533436176816,3.49415299566453,-0.38717878479438733
Peru,E277,1,0.27876541620098755,0.09,8.801533436176816,-0.6940237219281321,-0.38717878479438733
Peru,E286,0,0.2666314216161537,0.09,8.801533436176816,-0.7162178272009703,-0.38717878479438733
Peru,E287,1,1.4501283697804626,0.09,8.801533436176816,1.4484984724479277,-0.38717878479438733
Peru,E289,0,0.8476292716231152,0.09,8.801533436176816,0.3464765193470405,-0.38717878479438733
Peru,F028,1,0.4426432899631868,0.09,8.801533436176816,-0.39427719107726744,-0.38717878479438733
Peru,F028B,1,0.5560011378922161,0.09,8.801533436176816,-0.18693607246626898,-0.38717878479438733
Peru,F114A,1,0.7092723631495054,0.09,8.801533436176816,0.0934099986378778,-0.38717878479438733
Peru,F114B,1,0.028152501617400023,0.09,8.801533436176816,-1.1524159991055898,-0.38717878479438733
Peru,F114C,0,1.530261349882573,0.09,8.801533436176816,1.5950684897475385,-0.38717878479438733
Peru,F114D,1,0.6266644047048803,0.09,8.801533436176816,-0.05768696397209439,-0.38717878479438733
Peru,F116,0,0.6671044511194565,0.09,8.801533436176816,0.01628131095077213,-0.38717878479438733
Peru,F117,1,0.2812437522155449,0.09,8.801533436176816,-0.6894906351508148,-0.38717878479438733
Peru,F120,1,0.13969699747646253,0.09,8.801533436176816,-0.9483916552348621,-0.38717878479438733
Peru,F121,1,0.23301857933935846,0.09,8.801533436176816,-0.7776985666882718,-0.38717878479438733
Peru,F122,1,1.160821122592976,0.09,8.801533436176816,0.9193309789747145,-0.38717878479438733
Peru,F123,1,0.30188225290125675,0.09,8.801533436176816,-0.6517410668870588,-0.38717878479438733
Peru,F144_02,1,0.1610071230467188,0.09,8.801533436176816,-0.909413628091615,-0.38717878479438733
Peru,F202,1,0.10469151489352882,0.09,8.801533436176816,-1.0124196519626,-0.38717878479438733
Peru,F206,1,0.7047445782017948,0.09,8.801533436176816,0.08512829593233502,-0.38717878479438733
Peru,G007_18_B,1,1.2829906311389603,0.09,8.801533436176816,1.1427893722386666,-0.38717878479438733
Peru,G007_33_B,1,0.7466600536390996,0.09,8.801533436176816,0.16179525568022754,-0.38717878479438733
Peru,G007_34_B,1,0.0922895013244848,0.09,8.801533436176816,-1.035103986690305,-0.38717878479438733
Peru,G007_35_B,1,0.012774925453632692,0.09,8.801533436176816,-1.1805428901993367,-0.38717878479438733
Peru,G007_36_B,1,0.6191593428811583,0.09,8.801533436176816,-0.0714143586095567,-0.38717878479438733
Peru,G052,0,1.918415049523317,0.09,8.801533436176816,2.3050345286837772,-0.38717878479438733
Peru,G058,1,0.004221383919618,0.09,8.801533436176816,-1.1961880431565328,-0.38717878479438733
Peru,G062,1,0.8420641966058056,0.09,8.801533436176816,0.3362975251236718,-0.38717878479438733
Peru,G063,1,0.30712041575210036,0.09,8.801533436176816,-0.6421600227440853,-0.38717878479438733
Peru,H001,1,2.34128603247561,0.09,8.801533436176816,3.0785014234359998,-0.38717878479438733
Peru,H006_01,1,0.24236934333238747,0.09,8.801533436176816,-0.7605952262349851,-0.38717878479438733
Peru,H006_02,1,0.6329640960502134,0.09,8.801533436176816,-0.04616429417632363,-0.38717878479438733
Peru,H008_01,1,0.7730324138553794,0.09,8.801533436176816,0.21003253935801114,-0.38717878479438733
Peru,H008_02,1,1.5323517042955788,0.09,8.801533436176816,1.5988919252679217,-0.38717878479438733
Peru,H008_03,1,0.9940819840153472,0.09,8.801533436176816,0.6143509520906073,-0.38717878479438733
Peru,H008_04,1,0.8035079746358779,0.09,8.801533436176816,0.26577492489167187,-0.38717878479438733
Peru,H008_07,1,0.5612358161625819,0.09,8.801533436176816,-0.17736140191654345,-0.38717878479438733
Peru,H008_08,1,0.385873436575295,0.09,8.801533436176816,-0.49811406801054564,-0.38717878479438733
Peru,H008_09,1,0.05634616801830524,0.09,8.801533436176816,-1.1008473919371748,-0.38717878479438733
Philippines,A001,1,0.6569129060339465,0.144,8.093823345879017,-0.0023598894337574887,0.794044626442725
Philippines,A002,1,0.22827193420604847,0.144,8.093823345879017,-0.7863805832364874,0.794044626442725
Philippines,A003,1,2.6173627515861493,0.144,8.093823345879017,3.583469158873881,0.794044626442725
Philippines,A004,1,0.8265480888777046,0.144,8.093823345879017,0.30791724804883364,0.794044626442725
Philippines,A005,0,2.7925361344993105,0.144,8.093823345879017,3.9038761340206496,0.794044626442725
Philippines,A006,1,1.579763136815819,0.144,8.093823345879017,1.6856114566747902,0.794044626442725
Philippines,A008,1,0.14867064563329704,0.144,8.093823345879017,-0.9319780916320627,0.794044626442725
Philippines,A009,1,1.8499324466993319,0.144,8.093823345879017,2.17977403958374,0.794044626442725
Philippines,A062,1,1.001386959915904,0.144,8.093823345879017,0.6277123726037782,0.794044626442725
Philippines,A165,1,2.147152021249216,0.144,8.093823345879017,2.7234138509079684,0.794044626442725
Philippines,A170,1,0.6842753509556913,0.144,8.093823345879017,0.04768834314700179,0.794044626442725
Philippines,A173,1,0.7116681388147031,0.144,8.093823345879017,0.09779207553363993,0.794044626442725
Philippines,B008,1,1.3617338013713305,0.144,8.093823345879017,1.2868173094060844,0.794044626442725
Philippines,C001_01,1,0.5010173601989119,0.144,8.093823345879017,-0.2875060654633633,0.794044626442725
Philippines,C002_01,1,0.01222781804094335,0.144,8.093823345879017,-1.1815435960615228,0.794044626442725
Philippines,C006,1,0.37774152471180805,0.144,8.093823345879017,-0.5129880245386993,0.794044626442725
Philippines,C038,1,1.2812291855690987,0.144,8.093823345879017,1.1395675388896767,0.794044626442725
Philippines,C039,1,0.7808024248204373,0.144,8.093823345879017,0.22424454844734626,0.794044626442725
Philippines,C041,1,0.6530389057600618,0.144,8.093823345879017,-0.009445764518378384,0.794044626442725
Philippines,D001_B,1,0.6874836535464134,0.144,8.093823345879017,0.05355660070619051,0.794044626442725
Philippines,D026_03,1,1.3065096714769762,0.144,8.093823345879017,1.185807691847155,0.794044626442725
Philippines,D026_05,1,0.9593170469837291,0.144,8.093823345879017,0.5507629335787394,0.794044626442725
Philippines,D054,1,0.4988455920314098,0.144,8.093823345879017,-0.2914784136460454,0.794044626442725
Philippines,D057,1,1.2706889862939998,0.144,8.093823345879017,1.1202886204203522,0.794044626442725
Philippines,D059,1,0.5530424865843883,0.144,8.093823345879017,-0.19234769665420323,0.794044626442725
Philippines,D060,0,0.7780230789086932,0.144,8.093823345879017,0.2191608890371154,0.794044626442725
Philippines,D061,1,0.048305764254669765,0.144,8.093823345879017,-1.115553972389196,0.794044626442725
Philippines,D066_01,1,1.4886811124219401,0.144,8.093823345879017,1.5190147086930839,0.794044626442725
Philippines,D078,1,0.1925100781568261,0.144,8.093823345879017,-0.8517920511879041,0.794044626442725
Philippines,E015,0,1.1440116231543032,0.144,8.093823345879017,0.8885849787587659,0.794044626442725
Philippines,E016,1,0.5027262617480778,0.144,8.093823345879017,-0.2843803395848872,0.794044626442725
Philippines,E018,1,1.0323884154483025,0.144,8.093823345879017,0.6844166642438329,0.794044626442725
Philippines,E023,1,1.1982680256310025,0.144,8.093823345879017,0.9878245407904173,0.794044626442725
Philippines,E025,0,0.7471366575047964,0.144,8.093823345879017,0.1626670045750175,0.794044626442725
Philippines,E026,0,0.507394562913977,0.144,8.093823345879017,-0.27584162079801877,0.794044626442725
Philippines,E027,0,0.0068080841847529055,0.144,8.093823345879017,-1.1914567489737056,0.794044626442725
Philippines,E028,0,1.6802383484857601,0.144,8.093823345879017,1.8693891408926953,0.794044626442725
Philippines,E034,1,0.24975409460104553,0.144,8.093823345879017,-0.747087889807196,0.794044626442725
Philippines,E035,1,0.2503590815959069,0.144,8.093823345879017,-0.7459813172800058,0.794044626442725
Philippines,E036,1,0.6463401964431427,0.144,8.093823345879017,-0.021698272027955583,0.794044626442725
Philippines,E037,1,0.9926039773768968,0.144,8.093823345879017,0.6116475525877987,0.794044626442725
Philippines,E039,1,0.13545255673922826,0.144,8.093823345879017,-0.9561550973468472,0.794044626442725
Philippines,E040,1,1.031420682484466,0.144,8.093823345879017,0.6826465985721185,0.794044626442725
Philippines,E069_01,1,0.5384347917706488,0.144,8.093823345879017,-0.21906640945920522,0.794044626442725
Philippines,E069_04,1,0.12911954706608342,0.144,8.093823345879017,-0.9677387091901687,0.794044626442725
Philippines,E069_05,1,0.16092688066003122,0.144,8.093823345879017,-0.909560398222839,0.794044626442725
Philippines,E069_07,1,0.2667986481766382,0.144,8.093823345879017,-0.7159119556380765,0.794044626442725
Philippines,E069_08,1,0.7395616175405783,0.144,8.093823345879017,0.14881161398320478,0.794044626442725
Philippines,E069_10,1,1.1150501014556742,0.144,8.093823345879017,0.8356118991231153,0.794044626442725
Philippines,E069_12,1,0.6198978651768859,0.144,8.093823345879017,-0.07006353869092866,0.794044626442725
Philippines,E069_13,1,0.063442316541035,0.144,8.093823345879017,-1.0878679344103017,0.794044626442725
Philippines,E069_14,1,0.2742334629713759,0.144,8.093823345879017,-0.7023130487748159,0.794044626442725
Philippines,E069_15,1,0.3131362951646155,0.144,8.093823345879017,-0.6311564690457063,0.794044626442725
Philippines,E069_40,1,0.795870453737383,0.144,8.093823345879017,0.25180525137157955,0.794044626442725
Philippines,E069_41,1,0.18098044035019065,0.144,8.093823345879017,-0.8728807366532821,0.794044626442725
Philippines,E069_54,1,0.9669513303260863,0.144,8.093823345879017,0.5647266853340538,0.794044626442725
Philippines,E114,1,0.8604048916820064,0.144,8.093823345879017,0.36984421203310874,0.794044626442725
Philippines,E115,1,0.36272201769733775,0.144,8.093823345879017,-0.5404599767877902,0.794044626442725
Philippines,E117,0,1.6507645795202592,0.144,8.093823345879017,1.8154791175583151,0.794044626442725
Philippines,E117B,0,0.8839025996531197,0.144,8.093823345879017,0.4128235129331706,0.794044626442725
Philippines,E124,0,1.7352083859720075,0.144,8.093823345879017,1.9699340018856704,0.794044626442725
Philippines,E224,1,0.5464954418584217,0.144,8.093823345879017,-0.2043227967630905,0.794044626442725
Philippines,E225,1,0.3599533934410169,0.144,8.093823345879017,-0.5455240253808661,0.794044626442725
Philippines,E226,0,0.72035888896849,0.144,8.093823345879017,0.11368819469411508,0.794044626442725
Philippines,E227,1,0.13035185097188817,0.144,8.093823345879017,-0.9654847208253029,0.794044626442725
Philippines,E229,0,0.4897946667249985,0.144,8.093823345879017,-0.30803332370988884,0.794044626442725
Philippines,E233,1,0.20450277680227905,0.144,8.093823345879017,-0.8298563881725864,0.794044626442725
Philippines,E233A,1,0.35981092574660284,0.144,8.093823345879017,-0.5457846108777277,0.794044626442725
Philippines,E233B,1,0.29660745293302115,0.144,8.093823345879017,-0.661389123425217,0.794044626442725
Philippines,E235,1,1.0352117920961916,0.144,8.093823345879017,0.6895808596050574,0.794044626442725
Philippines,E236,1,0.35032965053211745,0.144,8.093823345879017,-0.5631266674247161,0.794044626442725
Philippines,E248B,1,0.30979297775396974,0.144,8.093823345879017,-0.6372716801621781,0.794044626442725
Philippines,E254B,1,0.40866574758600455,0.144,8.093823345879017,-0.45642499798119046,0.794044626442725
Philippines,E258B,1,1.031932561517111,0.144,8.093823345879017,0.6835828687392144,0.794044626442725
Philippines,E259B,1,1.0220773211279766,0.144,8.093823345879017,0.665556798168937,0.794044626442725
Philippines,E260B,1,0.5860371485355179,0.144,8.093823345879017,-0.13199766141516042,0.794044626442725
Philippines,E261B,1,0.3150234478690599,0.144,8.093823345879017,-0.6277047066853777,0.794044626442725
Philippines,E262B,1,0.5265378252476074,0.144,8.093823345879017,-0.24082697030285646,0.794044626442725
Philippines,E268,1,1.1254345256745404,0.144,8.093823345879017,0.8546058918021125,0.794044626442725
Philippines,E277,1,0.5074811711486129,0.144,8.093823345879017,-0.2756832069909608,0.794044626442725
Philippines,E286,0,1.1702527058993248,0.144,8.093823345879017,0.936582144806969,0.794044626442725
Philippines,E287,1,0.22990065068900922,0.144,8.093823345879017,-0.7834015226452111,0.794044626442725
Philippines,E289,1,1.001328364452553,0.144,8.093823345879017,0.6276051965313785,0.794044626442725
Philippines,F028,1,1.114792811894276,0.144,8.093823345879017,0.8351412946926163,0.794044626442725
Philippines,F028B,1,1.1875957983940089,0.144,8.093823345879017,0.9683041319804828,0.794044626442725
Philippines,F114A,0,1.2321110610149977,0.144,8.093823345879017,1.049726322995231,0.794044626442725
Philippines,F114B,1,0.3585025095263591,0.144,8.093823345879017,-0.5481778151213718,0.794044626442725
Philippines,F114C,1,0.05926710244701756,0.144,8.093823345879017,-1.0955047551202006,0.794044626442725
Philippines,F114D,1,0.6681513918748274,0.144,8.093823345879017,0.018196254391423517,0.794044626442725
Philippines,F116,1,0.40775317433945385,0.144,8.093823345879017,-0.4580941718514703,0.794044626442725
Philippines,F117,1,1.495729012434049,0.144,8.093823345879017,1.531905915601705,0.794044626442725
Philippines,F120,1,1.1144924518751662,0.144,8.093823345879017,0.8345919107418268,0.794044626442725
Philippines,F121,1,0.15696630921497193,0.144,8.093823345879017,-0.9168046193223037,0.794044626442725
Philippines,F122,1,0.47807050264916306,0.144,8.093823345879017,-0.329477814220899,0.794044626442725
Philippines,F123,1,0.024094028609530832,0.144,8.093823345879017,-1.1598392904672163,0.794044626442725
Philippines,F144_02,1,0.4903010376063266,0.144,8.093823345879017,-0.3071071284187402,0.794044626442725
Philippines,F202,1,1.9029929355867914,0.144,8.093823345879017,2.276826174226065,0.794044626442725
Philippines,F206,1,0.3218358572315832,0.144,8.093823345879017,-0.6152442321486173,0.794044626442725
Philippines,G007_18_B,1,0.4342499402439375,0.144,8.093823345879017,-0.4096293396181609,0.794044626442725
Philippines,G007_33_B,1,0.8934278861103228,0.144,8.093823345879017,0.4302460697760208,0.794044626442725
Philippines,G007_34_B,1,0.595961911484621,0.144,8.093823345879017,-0.11384442818595897,0.794044626442725
Philippines,G007_35_B,1,0.19883621643733188,0.144,8.093823345879017,-0.8402210077045352,0.794044626442725
Philippines,G007_36_B,1,0.6952156443563553,0.144,8.093823345879017,0.0676990677070374,0.794044626442725
Philippines,G052,1,2.030380585680872,0.144,8.093823345879017,2.5098289909721054,0.794044626442725
Philippines,G058,1,0.1208767422533609,0.144,8.093823345879017,-0.9828154983281561,0.794044626442725
Philippines,G062,1,0.14692973831701925,0.144,8.093823345879017,-0.9351623587732409,0.794044626442725
Philippines,G063,1,1.5916911497831412,0.144,8.093823345879017,1.7074288040983183,0.794044626442725
Philippines,H001,0,0.974882864752167,0.144,8.093823345879017,0.5792341345336437,0.794044626442725
Philippines,H006_01,1,1.2472159375138352,0.144,8.093823345879017,1.0773544232720704,0.794044626442725
Philippines,H006_02,1,0.18064626634376574,0.144,8.093823345879017,-0.8734919692548947,0.794044626442725
Philippines,H008_01,1,0.02121233103689856,0.144,8.093823345879017,-1.1651101597464413,0.794044626442725
Philippines,H008_02,0,0.9943219049060759,0.144,8.093823345879017,0.6147897877492816,0.794044626442725
Philippines,H008_03,1,0.03111896599596106,0.144,8.093823345879017,-1.1469900841485978,0.794044626442725
Philippines,H008_04,1,0.2140928087012497,0.144,8.093823345879017,-0.8123154064251856,0.794044626442725
Philippines,H008_07,1,0.2986944623631579,0.144,8.093823345879017,-0.657571806162215,0.794044626442725
Philippines,H008_08,1,0.3665629175732526,0.144,8.093823345879017,-0.5334346451385548,0.794044626442725
Philippines,H008_09,1,1.1814086403577457,0.144,8.093823345879017,0.9569872951518145,0.794044626442725
Romania,A001,1,0.35628924520323096,0.103,9.45854587254563,-0.5522260632923013,-0.1028101857928603
Romania,A002,1,0.12429109898186581,0.103,9.45854587254563,-0.9765703502739301,-0.1028101857928603
Romania,A003,1,1.4137718117388405,0.103,9.45854587254563,1.3819992441111733,-0.1028101857928603
Romania,A004,1,0.8600783099422112,0.103,9.45854587254563,0.3692468663311204,-0.1028101857928603
Romania,A005,1,1.0780596044976638,0.103,9.45854587254563,0.7679531427390632,-0.1028101857928603
Romania,A006,1,0.1999762220589814,0.103,9.45854587254563,-0.8381358407299149,-0.1028101857928603
Romania,A008,1,1.4989097597530059,0.103,9.45854587254563,1.537723772231661,-0.1028101857928603
Romania,A009,1,0.3137984912176288,0.103,9.45854587254563,-0.629945256298817,-0.1028101857928603
Romania,A062,1,0.61055358247605,0.103,9.45854587254563,-0.08715502431106613,-0.1028101857928603
Romania,A165,1,0.00516390375840101,0.103,9.45854587254563,-1.1944640944290599,-0.1028101857928603
Romania,A170,1,0.25612534432578166,0.103,9.45854587254563,-0.735434333666082,-0.1028101857928603
Romania,A173,1,0.35653051990483325,0.103,9.45854587254563,-0.5517847513987121,-0.1028101857928603
Romania,B008,1,1.5957214250886524,0.103,9.45854587254563,1.7148005194706686,-0.1028101857928603
Romania,C001_01,1,0.5214866385486121,0.103,9.45854587254563,-0.25006601920521726,-0.1028101857928603
Romania,C002_01,1,0.11886005453055302,0.103,9.45854587254563,-0.9865041912239301,-0.1028101857928603
Romania,C006,1,1.2405690624226204,0.103,9.45854587254563,1.065196724957765,-0.1028101857928603
Romania,C038,1,1.5318312549930055,0.103,9.45854587254563,1.597939979350217,-0.1028101857928603
Romania,C039,1,1.09434733688791,0.103,9.45854587254563,0.7977447867683727,-0.1028101857928603
Romania,C041,1,0.036870542121864046,0.103,9.45854587254563,-1.1364699635790219,-0.1028101857928603
Romania,D001_B,1,0.24579187834526725,0.103,9.45854587254563,-0.7543351194049746,-0.1028101857928603
Romania,D026_03,1,0.7138676488725259,0.103,9.45854587254563,0.10181516598672108,-0.1028101857928603
Romania,D026_05,1,0.0813493071535739,0.103,9.45854587254563,-1.0551145297507056,-0.1028101857928603
Romania,D054,1,0.5710860703100397,0.103,9.45854587254563,-0.15934445160521435,-0.1028101857928603
Romania,D057,1,1.4335282789329373,0.103,9.45854587254563,1.4181354983067376,-0.1028101857928603
Romania,D059,1,0.19353782571477665,0.103,9.45854587254563,-0.849912213733257,-0.1028101857928603
Romania,D060,1,0.36610572947003195,0.103,9.45854587254563,-0.5342708809569761,-0.1028101857928603
Romania,D061,1,0.29987190474692915,0.103,9.45854587254563,-0.655418164174375,-0.1028101857928603
Romania,D066_01,1,0.6335330569773103,0.103,9.45854587254563,-0.045123616382721894,-0.1028101857928603
Romania,D078,1,0.18668312384642324,0.103,9.45854587254563,-0.8624500448503324,-0.1028101857928603
Romania,E015,1,0.5570140384384372,0.103,9.45854587254563,-0.18508339145536382,-0.1028101857928603
Romania,E016,1,0.6104289983174253,0.103,9.45854587254563,-0.08738289930412907,-0.1028101857928603
Romania,E018,0,0.3428617365141726,0.103,9.45854587254563,-0.5767861155746214,-0.1028101857928603
Romania,E023,1,0.030035376041065206,0.103,9.45854587254563,-1.14897206208368,-0.1028101857928603
Romania,E025,0,0.007423307015300543,0.103,9.45854587254563,-1.1903314542348653,-0.1028101857928603
Romania,E026,0,0.7821664587091146,0.103,9.45854587254563,0.22673948212391656,-0.1028101857928603
Romania,E027,0,0.5283163823593534,0.103,9.45854587254563,-0.23757383849239863,-0.1028101857928603
Romania,E028,1,0.4739184534677995,0.103,9.45854587254563,-0.33707226434076004,-0.1028101857928603
Romania,E034,1,0.730972546084781,0.103,9.45854587254563,0.1331014737855031,-0.1028101857928603
Romania,E035,1,1.1464945100982797,0.103,9.45854587254563,0.8931263895719904,-0.1028101857928603
Romania,E036,1,0.04560409397991139,0.103,9.45854587254563,-1.1204955564711134,-0.1028101857928603
Romania,E037,1,0.7239829611784423,0.103,9.45854587254563,0.12031693015148714,-0.1028101857928603
Romania,E039,1,0.4125387122157918,0.103,9.45854587254563,-0.44934101717746455,-0.1028101857928603
Romania,E040,0,1.39885518692688,0.103,9.45854587254563,1.3547154721367014,-0.1028101857928603
Romania,E069_01,1,1.2044182107218435,0.103,9.45854587254563,0.9990737509659493,-0.1028101857928603
Romania,E069_04,1,0.5729776250954479,0.103,9.45854587254563,-0.15588463746542863,-0.1028101857928603
Romania,E069_05,1,0.46944161446102795,0.103,9.45854587254563,-0.3452607825992092,-0.1028101857928603
Romania,E069_07,1,0.7253552291154992,0.103,9.45854587254563,0.1228269246009365,-0.1028101857928603
Romania,E069_08,1,0.07958765282986102,0.103,9.45854587254563,-1.0583367449281957,-0.1028101857928603
Romania,E069_10,1,0.3257392683757793,0.103,9.45854587254563,-0.6081045620876352,-0.1028101857928603
Romania,E069_12,1,0.2430672925222033,0.103,9.45854587254563,-0.7593186179683863,-0.1028101857928603
Romania,E069_13,1,0.11732095845968919,0.103,9.45854587254563,-0.9893193284800864,-0.1028101857928603
Romania,E069_14,1,1.123104226179086,0.103,9.45854587254563,0.8503435763743474,-0.1028101857928603
Romania,E069_15,1,0.04816240527652998,0.103,9.45854587254563,-1.1158161881195887,-0.1028101857928603
Romania,E069_40,1,0.27189036101257463,0.103,9.45854587254563,-0.7065987809939177,-0.1028101857928603
Romania,E069_41,1,1.7786882382692946,0.103,9.45854587254563,2.0494623395972744,-0.1028101857928603
Romania,E069_54,1,0.027773389110491105,0.103,9.45854587254563,-1.1531094280361665,-0.1028101857928603
Romania,E114,1,1.9197477707147752,0.103,9.45854587254563,2.3074721887812637,-0.1028101857928603
Romania,E115,1,0.8589856352923323,0.103,9.45854587254563,0.3672482717183714,-0.1028101857928603
Romania,E117,1,0.13210761131020318,0.103,9.45854587254563,-0.9622732862470196,-0.1028101857928603
Romania,E117B,1,0.9279193781410249,0.103,9.45854587254563,0.49333393418824495,-0.1028101857928603
Romania,E124,1,1.3399462236170074,0.103,9.45854587254563,1.2469659817217962,-0.1028101857928603
Romania,E224,1,0.12942863979136726,0.103,9.45854587254563,-0.9671733523790992,-0.1028101857928603
Romania,E225,1,0.2918295853548692,0.103,9.45854587254563,-0.6701282484732638,-0.1028101857928603
Romania,E226,1,0.13466199643699442,0.103,9.45854587254563,-0.9576010991931178,-0.1028101857928603
Romania,E227,1,0.8859346801130998,0.103,9.45854587254563,0.41654036045080894,-0.1028101857928603
Romania,E229,1,1.5780900576407726,0.103,9.45854587254563,1.682551252956949,-0.1028101857928603
Romania,E233,1,0.07506091535889672,0.103,9.45854587254563,-1.066616531709925,-0.1028101857928603
Romania,E233A,1,0.25399481203537444,0.103,9.45854587254563,-0.7393312579320266,-0.1028101857928603
Romania,E233B,0,0.48375367541083975,0.103,9.45854587254563,-0.31908280920630716,-0.1028101857928603
Romania,E235,1,1.4263032020005872,0.103,9.45854587254563,1.4049202197832613,-0.1028101857928603
Romania,E236,1,0.3157400140342009,0.103,9.45854587254563,-0.6263940463918607,-0.1028101857928603
Romania,E248B,1,0.4268761315060223,0.103,9.45854587254563,-0.4231166612291012,-0.1028101857928603
Romania,E254B,1,0.3685276829065937,0.103,9.45854587254563,-0.5298409226970516,-0.1028101857928603
Romania,E258B,1,0.6326625640983911,0.103,9.45854587254563,-0.046715821691445024,-0.1028101857928603
Romania,E259B,1,0.8673198271682502,0.103,9.45854587254563,0.382492215546181,-0.1028101857928603
Romania,E260B,1,0.03493218206197355,0.103,9.45854587254563,-1.14001538853575,-0.1028101857928603
Romania,E261B,1,0.9062710194794027,0.103,9.45854587254563,0.45373725003274606,-0.1028101857928603
Romania,E262B,1,0.8334266318864761,0.103,9.45854587254563,0.320498686633884,-0.1028101857928603
Romania,E268,1,0.9641695628331206,0.103,9.45854587254563,0.5596385966463758,-0.1028101857928603
Romania,E277,1,0.4140270413472374,0.103,9.45854587254563,-0.44661873695943793,-0.1028101857928603
Romania,E286,1,0.5905389928258764,0.103,9.45854587254563,-0.12376340637214074,-0.1028101857928603
Romania,E287,1,1.7245278867528802,0.103,9.45854587254563,1.9503984629188034,-0.1028101857928603
Romania,E289,0,0.23107582948579564,0.103,9.45854587254563,-0.7812520209499587,-0.1028101857928603
Romania,F028,1,0.637947914894445,0.103,9.45854587254563,-0.037048466794310245,-0.1028101857928603
Romania,F028B,1,0.1664186892561683,0.103,9.45854587254563,-0.8995154144980821,-0.1028101857928603
Romania,F114A,1,0.8870875329008449,0.103,9.45854587254563,0.41864902598188464,-0.1028101857928603
Romania,F114B,1,0.05377552277296676,0.103,9.45854587254563,-1.1055493201270452,-0.1028101857928603
Romania,F114C,1,1.9418351206906486,0.103,9.45854587254563,2.347871825284749,-0.1028101857928603
Romania,F114D,1,0.0007154295267855653,0.103,9.45854587254563,-1.2026007311079143,-0.1028101857928603
Romania,F116,0,1.3513593479518085,0.103,9.45854587254563,1.2678415541647876,-0.1028101857928603
Romania,F117,0,0.34217230760855666,0.103,9.45854587254563,-0.5780471395187481,-0.1028101857928603
Romania,F120,1,0.8497979403516975,0.103,9.45854587254563,0.35044319839305127,-0.1028101857928603
Romania,F121,1,0.25247392080823505,0.103,9.45854587254563,-0.7421130969849182,-0.1028101857928603
Romania,F122,1,2.136040595432613,0.103,9.45854587254563,2.7030901106441276,-0.1028101857928603
Romania,F123,0,0.9411332292397955,0.103,9.45854587254563,0.5175031886159893,-0.1028101857928603
Romania,F144_02,0,1.2666500281032544,0.103,9.45854587254563,1.1129010233144463,-0.1028101857928603
Romania,F202,1,0.49948139687274873,0.103,9.45854587254563,-0.29031547266374985,-0.1028101857928603
Romania,F206,1,0.8288941177776924,0.103,9.45854587254563,0.3122083338916219,-0.1028101857928603
Romania,G007_18_B,1,1.8297369265969994,0.103,9.45854587254563,2.142834720379567,-0.1028101857928603
Romania,G007_33_B,1,0.43242757429224027,0.103,9.45854587254563,-0.4129626015126533,-0.1028101857928603
Romania,G007_34_B,1,0.7168949445357059,0.103,9.45854587254563,0.10735234652284906,-0.1028101857928603
Romania,G007_35_B,1,0.35818862623595377,0.103,9.45854587254563,-0.5487519342823731,-0.1028101857928603
Romania,G007_36_B,1,0.5638758635405452,0.103,9.45854587254563,-0.17253253133957508,-0.1028101857928603
Romania,G052,1,0.7400347053914239,0.103,9.45854587254563,0.14967693178861183,-0.1028101857928603
Romania,G058,1,0.3207228736100785,0.103,9.45854587254563,-0.6172799735930296,-0.1028101857928603
Romania,G062,1,1.005848553975413,0.103,9.45854587254563,0.6358730065606432,-0.1028101857928603
Romania,G063,1,0.08667626272529796,0.103,9.45854587254563,-1.04537107619005,-0.1028101857928603
Romania,H001,1,1.458015199876514,0.103,9.45854587254563,1.462924153636177,-0.1028101857928603
Romania,H006_01,1,0.763962341807203,0.103,9.45854587254563,0.19344260827949744,-0.1028101857928603
Romania,H006_02,1,0.8301295239615273,0.103,9.45854587254563,0.31446799658613284,-0.1028101857928603
Romania,H008_01,1,0.030504498880168977,0.103,9.45854587254563,-1.148113996621052,-0.1028101857928603
Romania,H008_02,0,0.12744211222520038,0.103,9.45854587254563,-0.9708068797902624,-0.1028101857928603
Romania,H008_03,1,0.9576446754384972,0.103,9.45854587254563,0.5477040241758485,-0.1028101857928603
Romania,H008_04,1,1.092156439199774,0.103,9.45854587254563,0.7937374490699297,-0.1028101857928603
Romania,H008_07,1,0.5174050038496419,0.103,9.45854587254563,-0.25753167526438825,-0.1028101857928603
Romania,H008_08,1,0.19069395607508824,0.103,9.45854587254563,-0.8551138925146504,-0.1028101857928603
Romania,H008_09,1,0.6647501104934851,0.103,9.45854587254563,0.011975022256178632,-0.1028101857928603
Russia,A001,1,1.0910045853834034,0.085,,0.7916306107422283,-0.4965513228718975
Russia,A002,1,0.3933591945004574,0.085,,-0.48442198184086055,-0.4965513228718975
Russia,A003,1,0.5096803742041782,0.085,,-0.27166067807104766,-0.4965513228718975
Russia,A004,1,0.14347828586644668,0.085,,-0.9414753580495014,-0.4965513228718975
Russia,A005,1,0.5769522906827932,0.085,,-0.14861463698429064,-0.4965513228718975
Russia,A006,1,0.2955326160011345,0.085,,-0.6633550913388044,-0.4965513228718975
Russia,A008,1,0.4504475625527716,0.085,,-0.38000251457068146,-0.4965513228718975
Russia,A009,1,0.555206935153026,0.085,,-0.1883887366386753,-0.4965513228718975
Russia,A062,1,0.03978207437412961,0.085,,-1.1311445241402396,-0.4965513228718975
Russia,A165,1,0.012577554914792828,0.085,,-1.1809038976553845,-0.4965513228718975
Russia,A170,1,0.008039838473100094,0.085,,-1.189203765905787,-0.4965513228718975
Russia,A173,1,0.3152908155173065,0.085,,-0.6272156685792332,-0.4965513228718975
Russia,B008,1,0.5384966841872276,0.085,,-0.21895320297971183,-0.4965513228718975
Russia,C001_01,1,0.039955794819721224,0.085,,-1.1308267747106886,-0.4965513228718975
Russia,C002_01,1,0.22739372009619366,0.085,,-0.7879869113314886,-0.4965513228718975
Russia,C006,1,1.0485067035351032,0.085,,0.7138983802702691,-0.4965513228718975
Russia,C038,1,0.31701475751990066,0.085,,-0.6240624324357404,-0.4965513228718975
Russia,C039,1,1.7784082519410052,0.085,,2.0489502208550445,-0.4965513228718975
Russia,C041,1,1.0810718879518322,0.085,,0.7734628646716083,-0.4965513228718975
Russia,D001_B,1,1.3709264948787938,0.085,,1.3036315255341007,-0.4965513228718975
Russia,D026_03,1,0.11123969936718629,0.085,,-1.0004424671585155,-0.4965513228718975
Russia,D026_05,1,2.235105423251128,0.085,,2.8842880831722986,-0.4965513228718975
Russia,D054,1,0.31885395570661634,0.085,,-0.6206983829557283,-0.4965513228718975
Russia,D057,1,0.8500439946064435,0.085,,0.35089325249473086,-0.4965513228718975
Russia,D059,1,0.48385999907079796,0.085,,-0.3188883342141182,-0.4965513228718975
Russia,D060,1,0.3794603697864352,0.085,,-0.5098441111087678,-0.4965513228718975
Russia,D061,1,0.47856673139429456,0.085,,-0.32857016975708636,-0.4965513228718975
Russia,D066_01,1,0.3517691406431654,0.085,,-0.5604937179174088,-0.4965513228718975
Russia,D078,1,1.3764098967997311,0.085,,1.3136611327368826,-0.4965513228718975
Russia,E015,1,0.6162378210065863,0.085,,-0.07675806991483392,-0.4965513228718975
Russia,E016,1,0.1731576776002964,0.085,,-0.8871892332313664,-0.4965513228718975
Russia,E018,1,0.27674341543837516,0.085,,-0.6977221328243484,-0.4965513228718975
Russia,E023,1,0.4381922374851543,0.085,,-0.4024185435874996,-0.4965513228718975
Russia,E025,1,0.22502315791107716,0.085,,-0.7923228706336332,-0.4965513228718975
Russia,E026,1,0.6563869084987997,0.085,,-0.003321983539427608,-0.4965513228718975
Russia,E027,1,0.4436229209638714,0.085,,-0.3924853628869941,-0.4965513228718975
Russia,E028,1,0.9464004349029164,0.085,,0.5271373545259616,-0.4965513228718975
Russia,E034,1,0.215556301611011,0.085,,-0.8096385537631701,-0.4965513228718975
Russia,E035,1,1.197560726457785,0.085,,0.9865308306111328,-0.4965513228718975
Russia,E036,0,0.39811039755234184,0.085,,-0.47573162847298023,-0.4965513228718975
Russia,E037,1,0.5607304567731387,0.085,,-0.17828574710324216,-0.4965513228718975
Russia,E039,1,0.6749869140907067,0.085,,0.030699004297350303,-0.4965513228718975
Russia,E040,1,0.4929439533659372,0.085,,-0.30227301132844947,-0.4965513228718975
Russia,E069_01,1,0.5788910999920125,0.085,,-0.1450683903124358,-0.4965513228718975
Russia,E069_04,1,0.13813337395430625,0.085,,-0.9512516552797935,-0.4965513228718975
Russia,E069_05,1,0.20878296827730075,0.085,,-0.8220275549288936,-0.4965513228718975
Russia,E069_07,1,0.4268198793471599,0.085,,-0.4232195511988377,-0.4965513228718975
Russia,E069_08,1,0.8852882173289666,0.085,,0.4153579251871606,-0.4965513228718975
Russia,E069_10,1,0.9865615259375581,0.085,,0.6005953963985818,-0.4965513228718975
Russia,E069_12,1,0.8082186444209747,0.085,,0.27439113947666033,-0.4965513228718975
Russia,E069_13,1,0.28705796048949467,0.085,,-0.6788559550701482,-0.4965513228718975
Russia,E069_14,1,0.48942339036967064,0.085,,-0.30871241965457974,-0.4965513228718975
Russia,E069_15,1,0.2675333227064801,0.085,,-0.7145681736096121,-0.4965513228718975
Russia,E069_40,1,0.7472384478595042,0.085,,0.16285318776739904,-0.4965513228718975
Russia,E069_41,1,1.0801044176844359,0.085,,0.7716932794939643,-0.4965513228718975
Russia,E069_54,1,0.31854588768619246,0.085,,-0.621261865494696,-0.4965513228718975
Russia,E114,1,0.7238996311172652,0.085,,0.12016451240173237,-0.4965513228718975
Russia,E115,1,1.0119083733375593,0.085,,0.6469569301537821,-0.4965513228718975
Russia,E117,1,1.3754442809842202,0.085,,1.3118949395090271,-0.4965513228718975
Russia,E117B,1,0.5197238227385481,0.085,,-0.2532903588397581,-0.4965513228718975
Russia,E124,1,0.8696929818121817,0.085,,0.3868329166753848,-0.4965513228718975
Russia,E224,1,1.0428173552147688,0.085,,0.7034920796350957,-0.4965513228718975
Russia,E225,1,0.07504491953272739,0.085,,-1.0666457894327175,-0.4965513228718975
Russia,E226,1,0.3619420516007358,0.085,,-0.541886600933384,-0.4965513228718975
Russia,E227,1,0.018512946926249312,0.085,,-1.1700475622402957,-0.4965513228718975
Russia,E229,1,0.2491514725472943,0.085,,-0.7481901366565069,-0.4965513228718975
Russia,E233,1,0.3329187065714907,0.085,,-0.5949727606844425,-0.4965513228718975
Russia,E233A,0,0.92420359180534,0.085,,0.4865374458159293,-0.4965513228718975
Russia,E233B,1,1.845366518962034,0.085,,2.17142257048086,-0.4965513228718975
Russia,E235,1,1.8527429546612288,0.085,,2.184914697026793,-0.4965513228718975
Russia,E236,1,0.7978299837986214,0.085,,0.2553893980563633,-0.4965513228718975
Russia,E248B,1,0.3753410564186145,0.085,,-0.5173786846490834,-0.4965513228718975
Russia,E254B,1,0.01889509711736543,0.085,,-1.1693485771276546,-0.4965513228718975
Russia,E258B,1,0.4318254373061526,0.085,,-0.4140639611320653,-0.4965513228718975
Russia,E259B,1,0.3596486135970394,0.085,,-0.5460814935662178,-0.4965513228718975
Russia,E260B,0,2.4833899442751717,0.085,,3.338421531040429,-0.4965513228718975
Russia,E261B,0,0.1107030022925645,0.085,,-1.0014241316293953,-0.4965513228718975
Russia,E262B,1,0.6790284692890733,0.085,,0.03809135155046757,-0.4965513228718975
Russia,E268,1,0.20905600465462149,0.085,,-0.8215281482364639,-0.4965513228718975
Russia,E277,1,0.30593548822008715,0.085,,-0.6443273557029328,-0.4965513228718975
Russia,E286,1,0.08271493177354472,0.085,,-1.0526166864916773,-0.4965513228718975
Russia,E287,1,1.8668112330525466,0.085,,2.21064677144314,-0.4965513228718975
Russia,E289,1,1.6275943819091443,0.085,,1.7730988608853566,-0.4965513228718975
Russia,F028,1,0.6984864040026716,0.085,,0.07368156451836992,-0.4965513228718975
Russia,F028B,1,0.9601705476295814,0.085,,0.5523240586519415,-0.4965513228718975
Russia,F114A,1,0.45685334373619496,0.085,,-0.36828579746275053,-0.4965513228718975
Russia,F114B,1,1.1639917923416514,0.085,,0.9251304028738695,-0.4965513228718975
Russia,F114C,1,1.3984780128968177,0.085,,1.3540255888446944,-0.4965513228718975
Russia,F114D,1,0.37901091431039935,0.085,,-0.5106662032962047,-0.4965513228718975
Russia,F116,1,2.088913765736462,0.085,,2.6168911419418674,-0.4965513228718975
Russia,F117,0,0.08119331460777983,0.085,,-1.0553998533478877,-0.4965513228718975
Russia,F120,1,0.6516692218441058,0.085,,-0.011951032574063596,-0.4965513228718975
Russia,F121,1,0.533421376165988,0.085,,-0.22823637182637202,-0.4965513228718975
Russia,F122,1,0.3430525115841799,0.085,,-0.5764371717904808,-0.4965513228718975
Russia,F123,1,0.8931991195509718,0.085,,0.42982763633552074,-0.4965513228718975
Russia,F144_02,1,0.2996662703852512,0.085,,-0.6557942868633119,-0.4965513228718975
Russia,F202,1,0.8552678682409223,0.085,,0.3604481604489948,-0.4965513228718975
Russia,F206,1,0.29054051755840415,0.085,,-0.6724860628087284,-0.4965513228718975
Russia,G007_18_B,1,0.4011372521720832,0.085,,-0.47019525464270995,-0.4965513228718975
Russia,G007_33_B,1,0.16187257592111026,0.085,,-0.9078306413786547,-0.4965513228718975
Russia,G007_34_B,1,0.38687070804125784,0.085,,-0.4962899739130551,-0.4965513228718975
Russia,G007_35_B,1,0.7989279271500929,0.085,,0.2573976295712041,-0.4965513228718975
Russia,G007_36_B,1,0.8200874787948588,0.085,,0.2961002442333995,-0.4965513228718975
Russia,G052,1,0.044511487107519766,0.085,,-1.1224940271130894,-0.4965513228718975
Russia,G058,1,0.2335166652181271,0.085,,-0.7767875253695191,-0.4965513228718975
Russia,G062,1,2.5324015821168917,0.085,,3.4280679737059745,-0.4965513228718975
Russia,G063,1,0.4028752855794586,0.085,,-0.4670162441246722,-0.4965513228718975
Russia,H001,1,0.9999691475105746,0.085,,0.6251190734588827,-0.4965513228718975
Russia,H006_01,1,0.012966800405586055,0.085,,-1.1801919346378271,-0.4965513228718975
Russia,H006_02,1,0.1428005968173986,0.085,,-0.9427149088002181,-0.4965513228718975
Russia,H008_01,0,0.6376948100242202,0.085,,-0.03751141706971733,-0.4965513228718975
Russia,H008_02,0,0.027685040993300287,0.085,,-1.1532710242359903,-0.4965513228718975
Russia,H008_03,0,0.4596766666925476,0.085,,-0.36312170030790014,-0.4965513228718975
Russia,H008_04,0,2.5448200447429605,0.085,,3.4507823951541483,-0.4965513228718975
Russia,H008_07,1,0.1936441478569054,0.085,,-0.8497177415173068,-0.4965513228718975
Russia,H008_08,1,0.041677877154873325,0.085,,-1.1276769400566802,-0.4965513228718975
Russia,H008_09,0,0.5986599059350225,0.085,,-0.10890956749856527,-0.4965513228718975
Singapore,A001,1,0.27806345217936823,0.038,11.089392237037707,-0.6953076736626282,-1.5246531808004955
Singapore,A002,1,0.2645378472377805,0.038,11.089392237037707,-0.7200471523111205,-1.5246531808004955
Singapore,A003,1,0.644097485054221,0.038,11.089392237037707,-0.025800381379852997,-1.5246531808004955
Singapore,A004,1,0.33600104702806427,0.038,11.089392237037707,-0.5893348985524266,-1.5246531808004955
Singapore,A005,1,0.6955505513799974,0.038,11.089392237037707,0.06831164105931307,-1.5246531808004955
Singapore,A006,1,0.40920208884224213,0.038,11.089392237037707,-0.455443984332315,-1.5246531808004955
Singapore,A008,1,0.5469946692423623,0.038,11.089392237037707,-0.2034096675345585,-1.5246531808004955
Singapore,A009,1,0.021433143425681273,0.038,11.089392237037707,-1.1647062751585648,-1.5246531808004955
Singapore,A062,1,0.17970849484599988,0.038,11.089392237037707,-0.8752072328639041,-1.5246531808004955
Singapore,A165,1,0.19574625487359523,0.038,11.089392237037707,-0.8458728094879571,-1.5246531808004955
Singapore,A170,1,1.0412747882543922,0.038,11.089392237037707,0.700670593827628,-1.5246531808004955
Singapore,A173,1,0.919457150938855,0.038,11.089392237037707,0.4778558028890621,-1.5246531808004955
Singapore,B008,1,0.0012514107334144066,0.038,11.089392237037707,-1.201620376020312,-1.5246531808004955
Singapore,C001_01,1,0.7972686443354626,0.038,11.089392237037707,0.2543626605667393,-1.5246531808004955
Singapore,C002_01,1,1.9021387905311087,0.038,11.089392237037707,2.2752638704726253,-1.5246531808004955
Singapore,C006,1,0.09811406732196011,0.038,11.089392237037707,-1.0244503614547922,-1.5246531808004955
Singapore,C038,1,0.0014563026789802943,0.038,11.089392237037707,-1.2012456112734138,-1.5246531808004955
Singapore,C039,1,0.01164656199179738,0.038,11.089392237037707,-1.182606762676196,-1.5246531808004955
Singapore,C041,1,1.4767011643230377,0.038,11.089392237037707,1.4971023675088786,-1.5246531808004955
Singapore,D001_B,1,0.8296675637588461,0.038,11.089392237037707,0.31362303219303983,-1.5246531808004955
Singapore,D026_03,0,0.842101831749545,0.038,11.089392237037707,0.3363663629936965,-1.5246531808004955
Singapore,D026_05,1,0.16179514687634583,0.038,11.089392237037707,-0.9079722656688801,-1.5246531808004955
Singapore,D054,1,0.7084445329709614,0.038,11.089392237037707,0.0918958270266921,-1.5246531808004955
Singapore,D057,1,0.4881430971929203,0.038,11.089392237037707,-0.31105418446634325,-1.5246531808004955
Singapore,D059,1,0.062329990354147304,0.038,11.089392237037707,-1.0899024733510374,-1.5246531808004955
Singapore,D060,1,0.028072028758766396,0.038,11.089392237037707,-1.1525631907895513,-1.5246531808004955
Singapore,D061,1,0.06766086199265,0.038,11.089392237037707,-1.080151856972092,-1.5246531808004955
Singapore,D066_01,1,0.5600625739794531,0.038,11.089392237037707,-0.17950736138115703,-1.5246531808004955
Singapore,D078,1,0.7552120580935135,0.038,11.089392237037707,0.17743759718846241,-1.5246531808004955
Singapore,E015,1,0.619421295262778,0.038,11.089392237037707,-0.0709352254853829,-1.5246531808004955
Singapore,E016,1,0.1424091660040462,0.038,11.089392237037707,-0.94343086895809,-1.5246531808004955
Singapore,E018,1,0.38953756656277894,0.038,11.089392237037707,-0.49141206348046074,-1.5246531808004955
Singapore,E023,1,0.7541044043992872,0.038,11.089392237037707,0.17541160463311423,-1.5246531808004955
Singapore,E025,1,0.5912235451338681,0.038,11.089392237037707,-0.12251130213869056,-1.5246531808004955
Singapore,E026,0,0.06299865588493607,0.038,11.089392237037707,-1.0886794273805709,-1.5246531808004955
Singapore,E027,1,0.8455375263078727,0.038,11.089392237037707,0.3426505397484932,-1.5246531808004955
Singapore,E028,1,1.88631840383684,0.038,11.089392237037707,2.246327041360433,-1.5246531808004955
Singapore,E034,1,0.4660912719208958,0.038,11.089392237037707,-0.3513888432733668,-1.5246531808004955
Singapore,E035,1,1.1278590550933825,0.038,11.089392237037707,0.8590405617521165,-1.5246531808004955
Singapore,E036,0,0.32748893490195413,0.038,11.089392237037707,-0.6049042736086193,-1.5246531808004955
Singapore,E037,1,0.5614001697519084,0.038,11.089392237037707,-0.17706078526157634,-1.5246531808004955
Singapore,E039,1,0.08649739657683764,0.038,11.089392237037707,-1.0456982375465942,-1.5246531808004955
Singapore,E040,0,0.5336276008648606,0.038,11.089392237037707,-0.227859169360635,-1.5246531808004955
Singapore,E069_01,1,1.423864527910167,0.038,11.089392237037707,1.4004596780292227,-1.5246531808004955
Singapore,E069_04,1,0.5118196903500795,0.038,11.089392237037707,-0.2677476873883784,-1.5246531808004955
Singapore,E069_05,1,0.4060166030651258,0.038,11.089392237037707,-0.4612705080041496,-1.5246531808004955
Singapore,E069_07,1,0.4335120939675718,0.038,11.089392237037707,-0.41097892304003747,-1.5246531808004955
Singapore,E069_08,1,1.839164802655722,0.038,11.089392237037707,2.160079105341473,-1.5246531808004955
Singapore,E069_10,1,0.1458469491077225,0.038,11.089392237037707,-0.9371428720767052,-1.5246531808004955
Singapore,E069_12,1,1.6857845131490832,0.038,11.089392237037707,1.8795335464746907,-1.5246531808004955
Singapore,E069_13,1,0.8893080088101132,0.038,11.089392237037707,0.42271046475553453,-1.5246531808004955
Singapore,E069_14,0,0.664993572484178,0.038,11.089392237037707,0.012420334887035334,-1.5246531808004955
Singapore,E069_15,1,0.5862528154237301,0.038,11.089392237037707,-0.1316031883842569,-1.5246531808004955
Singapore,E069_40,1,1.2708444748183763,0.038,11.089392237037707,1.1205730221196113,-1.5246531808004955
Singapore,E069_41,1,0.888854336268546,0.038,11.089392237037707,0.42188065919755924,-1.5246531808004955
Singapore,E069_54,1,1.1465710982656445,0.038,11.089392237037707,0.8932664758261306,-1.5246531808004955
Singapore,E114,1,1.3999185586133707,0.038,11.089392237037707,1.3566604691440043,-1.5246531808004955
Singapore,E115,1,0.10607570857464754,0.038,11.089392237037707,-1.0098878443157477,-1.5246531808004955
Singapore,E117,1,0.2632126873714991,0.038,11.089392237037707,-0.7224709821035246,-1.5246531808004955
Singapore,E117B,1,1.4858083346535338,0.038,11.089392237037707,1.5137601544923451,-1.5246531808004955
Singapore,E124,1,0.06159104687138178,0.038,11.089392237037707,-1.0912540636564818,-1.5246531808004955
Singapore,E224,1,1.007599045327709,0.038,11.089392237037707,0.6390748037165948,-1.5246531808004955
Singapore,E225,1,0.08429854084119259,0.038,11.089392237037707,-1.0497201311889144,-1.5246531808004955
Singapore,E226,1,0.30864404638238924,0.038,11.089392237037707,-0.6393731730904835,-1.5246531808004955
Singapore,E227,1,0.44377912825861127,0.038,11.089392237037707,-0.3921996464957757,-1.5246531808004955
Singapore,E229,1,0.5812005754431285,0.038,11.089392237037707,-0.14084416382801246,-1.5246531808004955
Singapore,E233,1,0.4114223065019296,0.038,11.089392237037707,-0.4513830179190525,-1.5246531808004955
Singapore,E233A,1,0.6278576516813349,0.038,11.089392237037707,-0.05550441404372781,-1.5246531808004955
Singapore,E233B,0,0.061916144496503914,0.038,11.089392237037707,-1.0906594325261094,-1.5246531808004955
Singapore,E235,1,0.782253922034598,0.038,11.089392237037707,0.22689945996466132,-1.5246531808004955
Singapore,E236,1,0.8070674605321386,0.038,11.089392237037707,0.2722855265032413,-1.5246531808004955
Singapore,E248B,1,1.1097143288949574,0.038,11.089392237037707,0.8258523185417554,-1.5246531808004955
Singapore,E254B,1,0.2552081104375802,0.038,11.089392237037707,-0.7371120322452459,-1.5246531808004955
Singapore,E258B,1,1.8689952067453908,0.038,11.089392237037707,2.2146414445669174,-1.5246531808004955
Singapore,E259B,1,0.3501313938100052,0.038,11.089392237037707,-0.5634892957851331,-1.5246531808004955
Singapore,E260B,1,0.8838315272006468,0.038,11.089392237037707,0.4126935153893978,-1.5246531808004955
Singapore,E261B,1,0.9981722152909221,0.038,11.089392237037707,0.6218323320175301,-1.5246531808004955
Singapore,E262B,1,0.18904645626308209,0.038,11.089392237037707,-0.8581273094079088,-1.5246531808004955
Singapore,E268,1,5.530681863311231,0.038,11.089392237037707,8.912176915164926,-1.5246531808004955
Singapore,E277,1,0.46686059413814696,0.038,11.089392237037707,-0.3499816876858946,-1.5246531808004955
Singapore,E286,1,0.14982327228722053,0.038,11.089392237037707,-0.9298698397189268,-1.5246531808004955
Singapore,E287,1,0.5542084081110292,0.038,11.089392237037707,-0.1902151272912269,-1.5246531808004955
Singapore,E289,1,0.7049460239445882,0.038,11.089392237037707,0.08549675728206307,-1.5246531808004955
Singapore,F028,1,0.371173185907593,0.038,11.089392237037707,-0.5250020733228171,-1.5246531808004955
Singapore,F028B,1,0.9891627556717315,0.038,11.089392237037707,0.6053532662126364,-1.5246531808004955
Singapore,F114A,1,0.6460807232126133,0.038,11.089392237037707,-0.022172870574509174,-1.5246531808004955
Singapore,F114B,1,0.8507604872643862,0.038,11.089392237037707,0.35220377833734756,-1.5246531808004955
Singapore,F114C,1,1.8146408603266027,0.038,11.089392237037707,2.115222734757809,-1.5246531808004955
Singapore,F114D,1,0.4862527712772825,0.038,11.089392237037707,-0.31451175089908895,-1.5246531808004955
Singapore,F116,1,1.2032765028695775,0.038,11.089392237037707,0.9969854704671524,-1.5246531808004955
Singapore,F117,1,0.11330925867893409,0.038,11.089392237037707,-0.996657067642125,-1.5246531808004955
Singapore,F120,1,0.2946721092103218,0.038,11.089392237037707,-0.664929031245384,-1.5246531808004955
Singapore,F121,0,1.6704897822800742,0.038,11.089392237037707,1.8515581864518011,-1.5246531808004955
Singapore,F122,1,0.4169245181931156,0.038,11.089392237037707,-0.4413190060510849,-1.5246531808004955
Singapore,F123,1,0.5073474405343296,0.038,11.089392237037707,-0.2759278116272045,-1.5246531808004955
Singapore,F144_02,1,0.2810030720450177,0.038,11.089392237037707,-0.6899308595966408,-1.5246531808004955
Singapore,F202,1,0.0386428089654348,0.038,11.089392237037707,-1.1332283372025824,-1.5246531808004955
Singapore,F206,1,0.003819145436418085,0.038,11.089392237037707,-1.1969237714592376,-1.5246531808004955
Singapore,G007_18_B,1,1.1751600801782127,0.038,11.089392237037707,0.9455581485951186,-1.5246531808004955
Singapore,G007_33_B,1,0.5079215305294266,0.038,11.089392237037707,-0.274877752333195,-1.5246531808004955
Singapore,G007_34_B,1,0.20689168337500194,0.038,11.089392237037707,-0.8254868754295812,-1.5246531808004955
Singapore,G007_35_B,1,0.4804083841675605,0.038,11.089392237037707,-0.3252016306300815,-1.5246531808004955
Singapore,G007_36_B,1,0.2998931255307936,0.038,11.089392237037707,-0.6553793495607894,-1.5246531808004955
Singapore,G052,1,0.8841938289524117,0.038,11.089392237037707,0.413356196022967,-1.5246531808004955
Singapore,G058,1,0.1839111509043107,0.038,11.089392237037707,-0.867520218473749,-1.5246531808004955
Singapore,G062,1,0.04122678504839308,0.038,11.089392237037707,-1.1285020257800151,-1.5246531808004955
Singapore,G063,1,1.8245850406651638,0.038,11.089392237037707,2.1334114840392666,-1.5246531808004955
Singapore,H001,1,1.121234671229948,0.038,11.089392237037707,0.8469240018010747,-1.5246531808004955
Singapore,H006_01,1,0.3666783579336693,0.038,11.089392237037707,-0.5332234949279699,-1.5246531808004955
Singapore,H006_02,1,0.4734782236277227,0.038,11.089392237037707,-0.3378774820575308,-1.5246531808004955
Singapore,H008_01,1,0.35286923627380157,0.038,11.089392237037707,-0.5584815497014245,-1.5246531808004955
Singapore,H008_02,1,0.6670411181345225,0.038,11.089392237037707,0.01616546954957149,-1.5246531808004955
Singapore,H008_03,0,1.6760328082344067,0.038,11.089392237037707,1.861696851068835,-1.5246531808004955
Singapore,H008_04,0,0.2523403125864232,0.038,11.089392237037707,-0.7423574777549505,-1.5246531808004955
Singapore,H008_07,1,0.15822437727969496,0.038,11.089392237037707,-0.9145035061255203,-1.5246531808004955
Singapore,H008_08,1,0.2629544563437004,0.038,11.089392237037707,-0.722943308555923,-1.5246531808004955
Singapore,H008_09,1,0.6140307276254725,0.038,11.089392237037707,-0.0807950309094143,-1.5246531808004955
South Korea,A001,1,0.48718226059191333,0.092,,-0.31281163610550905,-0.3434297695633831
South Korea,A002,1,0.20487846420306458,0.092,,-0.8291692240516189,-0.3434297695633831
South Korea,A003,1,0.19989607909954263,0.092,,-0.8382824290002676,-0.3434297695633831
South Korea,A004,1,1.5483658231105435,0.092,,1.6281831068607748,-0.3434297695633831
South Korea,A005,1,0.6416865576939306,0.092,,-0.030210172011071176,-0.3434297695633831
South Korea,A006,1,0.4756146177831376,0.092,,-0.33396983594329743,-0.3434297695633831
South Korea,A008,1,1.8876095086047846,0.092,,2.248688581489505,-0.3434297695633831
South Korea,A009,1,2.1626986631158553,0.092,,2.751849977512028,-0.3434297695633831
South Korea,A062,1,0.21579835679855142,0.092,,-0.8091958142946011,-0.3434297695633831
South Korea,A165,1,0.3609586875086483,0.092,,-0.5436852572644655,-0.3434297695633831
South Korea,A170,1,0.12559074098319742,0.092,,-0.9741931948208853,-0.3434297695633831
South Korea,A173,1,0.302609428951672,0.092,,-0.6504110002134693,-0.3434297695633831
South Korea,B008,1,0.1437138757997247,0.092,,-0.9410444440793461,-0.3434297695633831
South Korea,C001_01,1,1.5021472387403834,0.092,,1.5436453958950065,-0.3434297695633831
South Korea,C002_01,1,1.215454294241643,0.092,,1.0192596837785788,-0.3434297695633831
South Korea,C006,1,0.6920331139937745,0.092,,0.061877949739059655,-0.3434297695633831
South Korea,C038,1,1.0073057453330416,0.092,,0.6385383331493252,-0.3434297695633831
South Korea,C039,0,0.10644245392274296,0.092,,-1.0092170359675945,-0.3434297695633831
South Korea,C041,1,0.142776198979475,0.092,,-0.942759534515148,-0.3434297695633831
South Korea,D001_B,1,0.16560578767438125,0.092,,-0.9010022804395906,-0.3434297695633831
South Korea,D026_03,1,1.0511416391518085,0.092,,0.7187179010023288,-0.3434297695633831
South Korea,D026_05,0,1.3040223822192103,0.092,,1.181258228828616,-0.3434297695633831
South Korea,D054,0,0.7905312691489538,0.092,,0.24203942990213353,-0.3434297695633831
South Korea,D057,1,0.5343304478899814,0.092,,-0.22657360253784037,-0.3434297695633831
South Korea,D059,1,0.4656097655031807,0.092,,-0.3522695593516213,-0.3434297695633831
South Korea,D060,0,0.25751848277415024,0.092,,-0.7328861652812554,-0.3434297695633831
South Korea,D061,1,1.6130714599679241,0.092,,1.7465352048544303,-0.3434297695633831
South Korea,D066_01,1,0.020594195392348694,0.092,,-1.1662407822691494,-0.3434297695633831
South Korea,D078,1,0.09664981632346271,0.092,,-1.0271286007254055,-0.3434297695633831
South Korea,E015,1,0.15341580788291093,0.092,,-0.9232987874039018,-0.3434297695633831
South Korea,E016,1,0.27627384295161944,0.092,,-0.69858102073067,-0.3434297695633831
South Korea,E018,0,1.888505116320233,0.092,,2.250326723964422,-0.3434297695633831
South Korea,E023,1,0.17907051802819016,0.092,,-0.8763741465753867,-0.3434297695633831
South Korea,E025,0,0.011213997132020953,0.092,,-1.1833979604938716,-0.3434297695633831
South Korea,E026,0,0.720140732862054,0.092,,0.11328916867195059,-0.3434297695633831
South Korea,E027,0,0.6938556076493154,0.092,,0.06521144521471366,-0.3434297695633831
South Korea,E028,1,0.4605864405654696,0.092,,-0.3614576467294235,-0.3434297695633831
South Korea,E034,1,0.40828774687677183,0.092,,-0.45711639333951737,-0.3434297695633831
South Korea,E035,1,0.6613761065776634,0.092,,0.005803682918982184,-0.3434297695633831
South Korea,E036,1,0.2478594887407159,0.092,,-0.750553284621798,-0.3434297695633831
South Korea,E037,1,0.026139464817910518,0.092,,-1.1560980141529515,-0.3434297695633831
South Korea,E039,1,1.1715042432157103,0.092,,0.93887131271112,-0.3434297695633831
South Korea,E040,1,0.7104846810712112,0.092,,0.09562743094266206,-0.3434297695633831
South Korea,E069_01,1,0.34467020373044305,0.092,,-0.573478275646083,-0.3434297695633831
South Korea,E069_04,1,0.3718120759327987,0.092,,-0.5238334892775511,-0.3434297695633831
South Korea,E069_05,1,0.12784170492225022,0.092,,-0.9700759908548359,-0.3434297695633831
South Korea,E069_07,1,2.3178454116961054,0.092,,3.0356265398513926,-0.3434297695633831
South Korea,E069_08,1,1.073500876909749,0.092,,0.7596148433201041,-0.3434297695633831
South Korea,E069_10,1,0.9154966564985219,0.092,,0.4706117226377729,-0.3434297695633831
South Korea,E069_12,0,0.39767229129245235,0.092,,-0.4765329619814713,-0.3434297695633831
South Korea,E069_13,1,0.3787014514521756,0.092,,-0.5112322371118153,-0.3434297695633831
South Korea,E069_14,1,0.820558577247312,0.092,,0.29696192326041054,-0.3434297695633831
South Korea,E069_15,1,0.9208707456189663,0.092,,0.48044138745679604,-0.3434297695633831
South Korea,E069_40,1,0.5409534880605197,0.092,,-0.2144595003150747,-0.3434297695633831
South Korea,E069_41,1,0.6408934965704733,0.092,,-0.03166074807147297,-0.3434297695633831
South Korea,E069_54,0,1.5282584159339039,0.092,,1.5914049536712274,-0.3434297695633831
South Korea,E114,1,1.1057210050177473,0.092,,0.818548190465902,-0.3434297695633831
South Korea,E115,1,0.4978921382076085,0.092,,-0.293222361559512,-0.3434297695633831
South Korea,E117,0,1.516796355180495,0.092,,1.5704398723679291,-0.3434297695633831
South Korea,E117B,1,0.5254013015865301,0.092,,-0.24290576847625836,-0.3434297695633831
South Korea,E124,1,1.3541009042260097,0.092,,1.2728560931227235,-0.3434297695633831
South Korea,E224,1,0.9738240826497202,0.092,,0.577297532264835,-0.3434297695633831
South Korea,E225,1,0.8585642671920506,0.092,,0.36647755372349466,-0.3434297695633831
South Korea,E226,0,0.7693010808945739,0.092,,0.20320761488972153,-0.3434297695633831
South Korea,E227,1,0.38936631904775937,0.092,,-0.49172528971024715,-0.3434297695633831
South Korea,E229,0,0.29223543650824974,0.092,,-0.6693859122903806,-0.3434297695633831
South Korea,E233,0,1.2014405279213982,0.092,,0.9936273165638108,-0.3434297695633831
South Korea,E233A,1,0.40697058793378965,0.092,,-0.45952558876458743,-0.3434297695633831
South Korea,E233B,1,1.7599710537431863,0.092,,2.0152270215509978,-0.3434297695633831
South Korea,E235,1,1.457138469361664,0.092,,1.4613205391622746,-0.3434297695633831
South Korea,E236,1,1.9542736527824456,0.092,,2.3706229554879856,-0.3434297695633831
South Korea,E248B,1,1.1299417701734724,0.092,,0.8628500242846463,-0.3434297695633831
South Korea,E254B,1,0.29875857176513687,0.092,,-0.6574545446283852,-0.3434297695633831
South Korea,E258B,1,2.48944067921839,0.092,,3.3494888384608292,-0.3434297695633831
South Korea,E259B,1,0.5319265677282392,0.092,,-0.23097050324518678,-0.3434297695633831
South Korea,E260B,1,1.3846374032479472,0.092,,1.3287099398686157,-0.3434297695633831
South Korea,E261B,1,0.45232694431241366,0.092,,-0.3765649659275098,-0.3434297695633831
South Korea,E262B,1,0.3862396547981144,0.092,,-0.4974442238192317,-0.3434297695633831
South Korea,E268,1,1.0627795941083849,0.092,,0.7400047077221573,-0.3434297695633831
South Korea,E277,1,0.05342014552174297,0.092,,-1.1061993352618047,-0.3434297695633831
South Korea,E286,0,1.160475859115928,0.092,,0.9186994627907492,-0.3434297695633831
South Korea,E287,1,0.7148495127008994,0.092,,0.10361107820822071,-0.3434297695633831
South Korea,E289,0,0.8178579047670748,0.092,,0.2920221642293031,-0.3434297695633831
South Korea,F028,1,0.39799683571954725,0.092,,-0.47593934269721183,-0.3434297695633831
South Korea,F028B,1,1.8778722604815439,0.092,,2.230878328781377,-0.3434297695633831
South Korea,F114A,0,1.0268770810678007,0.092,,0.6743359662033414,-0.3434297695633831
South Korea,F114B,1,2.0291031117451395,0.092,,2.507492382791285,-0.3434297695633831
South Korea,F114C,1,1.9434775871781205,0.092,,2.35087603580052,-0.3434297695633831
South Korea,F114D,1,0.31300825125339304,0.092,,-0.6313906722197187,-0.3434297695633831
South Korea,F116,1,2.098408833928613,0.092,,2.634258427014894,-0.3434297695633831
South Korea,F117,1,0.23903620025661093,0.092,,-0.7666918276300176,-0.3434297695633831
South Korea,F120,1,0.3240387447707924,0.092,,-0.6112149639956101,-0.3434297695633831
South Korea,F121,0,0.25227786894181214,0.092,,-0.7424716924772687,-0.3434297695633831
South Korea,F122,1,0.10722030920380428,0.092,,-1.007794272682659,-0.3434297695633831
South Korea,F123,1,0.1004859757424911,0.092,,-1.0201119397738898,-0.3434297695633831
South Korea,F144_02,1,0.08523068039083792,0.092,,-1.0480151688907062,-0.3434297695633831
South Korea,F202,1,1.1050132719265853,0.092,,0.8172536866138933,-0.3434297695633831
South Korea,F206,1,0.041903261174762306,0.092,,-1.1272646935677553,-0.3434297695633831
South Korea,G007_18_B,1,0.3579738717238645,0.092,,-0.5491447384999623,-0.3434297695633831
South Korea,G007_33_B,1,0.3754899575841892,0.092,,-0.5171063317877971,-0.3434297695633831
South Korea,G007_34_B,1,0.5242098681838849,0.092,,-0.24508500122430432,-0.3434297695633831
South Korea,G007_35_B,1,0.07252006565602301,0.092,,-1.0712639613254387,-0.3434297695633831
South Korea,G007_36_B,1,0.9364872758568678,0.092,,0.5090053458196627,-0.3434297695633831
South Korea,G052,1,0.5441242369525202,0.092,,-0.2086599316560651,-0.3434297695633831
South Korea,G058,1,0.7456567026770131,0.092,,0.1599600416686782,-0.3434297695633831
South Korea,G062,1,0.22310689307039042,0.092,,-0.7958278815603727,-0.3434297695633831
South Korea,G063,1,0.7095461266061809,0.092,,0.09391073522011649,-0.3434297695633831
South Korea,H001,1,2.3549639650899947,0.092,,3.1035195223181162,-0.3434297695633831
South Korea,H006_01,1,0.47241104409668505,0.092,,-0.3398294439354825,-0.3434297695633831
South Korea,H006_02,0,0.22691177029562515,0.092,,-0.7888684383945885,-0.3434297695633831
South Korea,H008_01,0,0.6194971491756146,0.092,,-0.07079648224505243,-0.3434297695633831
South Korea,H008_02,0,1.236612417362037,0.092,,1.0579596855485336,-0.3434297695633831
South Korea,H008_03,0,1.4267302245642477,0.092,,1.4057012802712563,-0.3434297695633831
South Korea,H008_04,0,2.1911474470429924,0.092,,2.8038852162743955,-0.3434297695633831
South Korea,H008_07,1,0.27979403006940357,0.092,,-0.6921422999181652,-0.3434297695633831
South Korea,H008_08,1,0.6677804378437657,0.092,,0.017517748005154227,-0.3434297695633831
South Korea,H008_09,0,0.8817628872342136,0.092,,0.4089097974335645,-0.3434297695633831
Taiwan,A001,1,0.6709227320188121,0.097,,0.023265270573391884,-0.2340572314858726
Taiwan,A002,1,0.19732635984115665,0.097,,-0.8429826634814617,-0.2340572314858726
Taiwan,A003,1,0.21925355368851704,0.097,,-0.8028759661210962,-0.2340572314858726
Taiwan,A004,1,0.15117881918155443,0.097,,-0.9273904294748576,-0.2340572314858726
Taiwan,A005,1,1.2440906678237114,0.097,,1.0716380399307335,-0.2340572314858726
Taiwan,A006,1,0.4277140188465706,0.097,,-0.42158409421558446,-0.2340572314858726
Taiwan,A008,1,0.2564383036057126,0.097,,-0.7348619045986107,-0.2340572314858726
Taiwan,A009,1,0.4931058109728082,0.097,,-0.30197696003709695,-0.2340572314858726
Taiwan,A062,1,0.6520575984308074,0.097,,-0.011240658855788392,-0.2340572314858726
Taiwan,A165,1,0.5024186762838803,0.097,,-0.2849429394875876,-0.2340572314858726
Taiwan,A170,1,0.34320078952699845,0.097,,-0.5761659588564757,-0.2340572314858726
Taiwan,A173,1,0.17233015830658796,0.097,,-0.8887028362078196,-0.2340572314858726
Taiwan,B008,1,0.7623145792222458,0.097,,0.1904287107522236,-0.2340572314858726
Taiwan,C001_01,1,0.6188731295108487,0.097,,-0.0719378671398047,-0.2340572314858726
Taiwan,C002_01,1,0.1989452544670014,0.097,,-0.8400215678999178,-0.2340572314858726
Taiwan,C006,1,0.10799889628658417,0.097,,-1.0063701708703103,-0.2340572314858726
Taiwan,C038,1,0.45032766398926705,0.097,,-0.38022181921284837,-0.2340572314858726
Taiwan,C039,1,0.32337907979564867,0.097,,-0.6124215471863959,-0.2340572314858726
Taiwan,C041,1,1.2852954426055685,0.097,,1.147005067899837,-0.2340572314858726
Taiwan,D001_B,1,0.2267000830322991,0.097,,-0.7892556323540328,-0.2340572314858726
Taiwan,D026_03,1,1.321743412700016,0.097,,1.2136714966345667,-0.2340572314858726
Taiwan,D026_05,0,0.3710831672679939,0.097,,-0.5251667250498154,-0.2340572314858726
Taiwan,D054,1,0.9117210781563986,0.097,,0.4637058696142627,-0.2340572314858726
Taiwan,D057,0,1.3186554668006343,0.097,,1.208023381672214,-0.2340572314858726
Taiwan,D059,0,0.9363257242700842,0.097,,0.508709854265006,-0.2340572314858726
Taiwan,D060,1,1.462750083766044,0.097,,1.4715846578719578,-0.2340572314858726
Taiwan,D061,1,2.7988690006994146,0.097,,3.9154594834396104,-0.2340572314858726
Taiwan,D066_01,1,1.125331135314316,0.097,,0.8544167820639326,-0.2340572314858726
Taiwan,D078,0,0.5703805063055397,0.097,,-0.16063498801374132,-0.2340572314858726
Taiwan,E015,1,0.8921838385057409,0.097,,0.4279706011900185,-0.2340572314858726
Taiwan,E016,1,0.8693665690175701,0.097,,0.3862358799884668,-0.2340572314858726
Taiwan,E018,1,2.571494195585732,0.097,,3.499571679484964,-0.2340572314858726
Taiwan,E023,1,1.0443425126140669,0.097,,0.7062817218787124,-0.2340572314858726
Taiwan,E025,0,0.7280421301369875,0.097,,0.12774149446592903,-0.2340572314858726
Taiwan,E026,1,0.6522319938723887,0.097,,-0.01092167480132063,-0.2340572314858726
Taiwan,E027,0,0.15970872390770702,0.097,,-0.9117885102440603,-0.2340572314858726
Taiwan,E028,1,0.7736659917405002,0.097,,0.21119140704849865,-0.2340572314858726
Taiwan,E034,1,0.7023231168928858,0.097,,0.08069923781562861,-0.2340572314858726
Taiwan,E035,1,1.0529242098682325,0.097,,0.7219783740361674,-0.2340572314858726
Taiwan,E036,1,0.16193568228148766,0.097,,-0.9077152144929898,-0.2340572314858726
Taiwan,E037,1,0.30371599587655507,0.097,,-0.6483869954514273,-0.2340572314858726
Taiwan,E039,1,0.8265904480142802,0.097,,0.30799472650243376,-0.2340572314858726
Taiwan,E040,1,0.6168542873591167,0.097,,-0.07563050066881465,-0.2340572314858726
Taiwan,E069_01,1,0.12412355667401838,0.097,,-0.9768767993655317,-0.2340572314858726
Taiwan,E069_04,1,0.8748117354248206,0.097,,0.3961955511936681,-0.2340572314858726
Taiwan,E069_05,1,1.3780649060193244,0.097,,1.3166882849735484,-0.2340572314858726
Taiwan,E069_07,1,1.066904902603615,0.097,,0.7475502468589976,-0.2340572314858726
Taiwan,E069_08,1,0.8221130935927221,0.097,,0.29980526550662373,-0.2340572314858726
Taiwan,E069_10,1,2.143515079183285,0.097,,2.716761575392421,-0.2340572314858726
Taiwan,E069_12,1,0.0159342074024981,0.097,,-1.1747642955519206,-0.2340572314858726
Taiwan,E069_13,1,0.8649251125936387,0.097,,0.37811207947510045,-0.2340572314858726
Taiwan,E069_14,1,0.09241839134125426,0.097,,-1.0348682359174823,-0.2340572314858726
Taiwan,E069_15,1,0.5053206126689365,0.097,,-0.2796350517038303,-0.2340572314858726
Taiwan,E069_40,1,0.7091472393913094,0.097,,0.09318113667143148,-0.2340572314858726
Taiwan,E069_41,1,1.7987634648760433,0.097,,2.0861816317950104,-0.2340572314858726
Taiwan,E069_54,1,1.4143652082372167,0.097,,1.383084616637213,-0.2340572314858726
Taiwan,E114,1,1.4686741443306406,0.097,,1.4824202671096327,-0.2340572314858726
Taiwan,E115,1,0.059489972039174444,0.097,,-1.0950971077328657,-0.2340572314858726
Taiwan,E117,1,0.7787075180746895,0.097,,0.22041278632425965,-0.2340572314858726
Taiwan,E117B,1,0.1565133025396137,0.097,,-0.9176332069545056,-0.2340572314858726
Taiwan,E124,1,0.1794577747266634,0.097,,-0.8756658212276675,-0.2340572314858726
Taiwan,E224,1,0.3286793416517871,0.097,,-0.6027269186956452,-0.2340572314858726
Taiwan,E225,1,1.0947255780338518,0.097,,0.798436621905834,-0.2340572314858726
Taiwan,E226,1,0.12258040812738902,0.097,,-0.9796993489435847,-0.2340572314858726
Taiwan,E227,1,0.44992297934589515,0.097,,-0.38096202174998506,-0.2340572314858726
Taiwan,E229,1,0.5871699682100047,0.097,,-0.12992563814739616,-0.2340572314858726
Taiwan,E233,1,1.806359668932225,0.097,,2.1000757333061135,-0.2340572314858726
Taiwan,E233A,1,0.594304582350597,0.097,,-0.11687582374288823,-0.2340572314858726
Taiwan,E233B,1,1.1085768941109226,0.097,,0.8237718538471851,-0.2340572314858726
Taiwan,E235,1,0.22129379022144124,0.097,,-0.7991442004542642,-0.2340572314858726
Taiwan,E236,1,1.8351552393380488,0.097,,2.1527452739516213,-0.2340572314858726
Taiwan,E248B,1,0.14531487020199588,0.097,,-0.9381160895249735,-0.2340572314858726
Taiwan,E254B,1,2.2214408734685716,0.097,,2.859294462624697,-0.2340572314858726
Taiwan,E258B,1,0.8931060362609768,0.097,,0.42965737910301205,-0.2340572314858726
Taiwan,E259B,1,0.032133241461797475,0.097,,-1.1451348882930987,-0.2340572314858726
Taiwan,E260B,1,0.3716272446194816,0.097,,-0.5241715614265698,-0.2340572314858726
Taiwan,E261B,1,0.027396145441272758,0.097,,-1.1537994387040966,-0.2340572314858726
Taiwan,E262B,1,1.0667308116031553,0.097,,0.7472318196531633,-0.2340572314858726
Taiwan,E268,0,0.0848243990211461,0.097,,-1.0487582919757126,-0.2340572314858726
Taiwan,E277,0,0.09898294861358062,0.097,,-1.0228611038759297,-0.2340572314858726
Taiwan,E286,1,0.44653114845804753,0.097,,-0.38716596813105925,-0.2340572314858726
Taiwan,E287,1,0.4110476547003421,0.097,,-0.45206828784124986,-0.2340572314858726
Taiwan,E289,1,1.048061912956033,0.097,,0.7130848205750479,-0.2340572314858726
Taiwan,F028,1,0.18279709855601758,0.097,,-0.8695579147101042,-0.2340572314858726
Taiwan,F028B,1,0.5476642298324219,0.097,,-0.2021849844247687,-0.2340572314858726
Taiwan,F114A,1,1.016639772901252,0.097,,0.6556110612620738,-0.2340572314858726
Taiwan,F114B,1,0.14182987093250446,0.097,,-0.9444904487783995,-0.2340572314858726
Taiwan,F114C,1,2.2219088924292034,0.097,,2.8601505089999715,-0.2340572314858726
Taiwan,F114D,1,0.6062722270248826,0.097,,-0.09498598656585512,-0.2340572314858726
Taiwan,F116,1,0.9697729205631518,0.097,,0.5698876131983629,-0.2340572314858726
Taiwan,F117,1,0.2728336041242046,0.097,,-0.7048735093390613,-0.2340572314858726
Taiwan,F120,0,0.8585796192748364,0.097,,0.3665056339850378,-0.2340572314858726
Taiwan,F121,0,1.5759838850544654,0.097,,1.678698884655937,-0.2340572314858726
Taiwan,F122,0,2.1834604977619647,0.097,,2.7898251340502505,-0.2340572314858726
Taiwan,F123,1,0.4267767444659629,0.097,,-0.42329844855514726,-0.2340572314858726
Taiwan,F144_02,1,1.6930777323987305,0.097,,1.8928734630761759,-0.2340572314858726
Taiwan,F202,1,1.540514321151547,0.097,,1.6138220438316497,-0.2340572314858726
Taiwan,F206,1,0.9672988641642469,0.097,,0.565362354201061,-0.2340572314858726
Taiwan,G007_18_B,1,0.18215042928971384,0.097,,-0.8707407276471558,-0.2340572314858726
Taiwan,G007_33_B,1,0.7545627267919339,0.097,,0.17624991516310368,-0.2340572314858726
Taiwan,G007_34_B,1,1.432000887346116,0.097,,1.4153417695446424,-0.2340572314858726
Taiwan,G007_35_B,1,0.5563621611582881,0.097,,-0.18627573029147015,-0.2340572314858726
Taiwan,G007_36_B,1,0.015999140536580633,0.097,,-1.1746455273422065,-0.2340572314858726
Taiwan,G052,1,0.07064385451701793,0.097,,-1.0746957106345405,-0.2340572314858726
Taiwan,G058,1,0.7236262754274955,0.097,,0.11966452165975024,-0.2340572314858726
Taiwan,G062,1,0.15472356070745535,0.097,,-0.9209067965672594,-0.2340572314858726
Taiwan,G063,1,1.2802191153054168,0.097,,1.1377200347055936,-0.2340572314858726
Taiwan,H001,1,1.837796862904483,0.097,,2.1575770275109916,-0.2340572314858726
Taiwan,H006_01,1,0.1625540422549035,0.097,,-0.9065841816537586,-0.2340572314858726
Taiwan,H006_02,1,0.1577441466207818,0.097,,-0.9153818887327193,-0.2340572314858726
Taiwan,H008_01,1,1.5106447063443262,0.097,,1.559187984878041,-0.2340572314858726
Taiwan,H008_02,1,0.8202794490563503,0.097,,0.2964513741241382,-0.2340572314858726
Taiwan,H008_03,1,1.0678561734738317,0.097,,0.7492902019652048,-0.2340572314858726
Taiwan,H008_04,1,0.7488494306351567,0.097,,0.16579981190387674,-0.2340572314858726
Taiwan,H008_07,1,0.3991200974838132,0.097,,-0.47388480165792113,-0.2340572314858726
Taiwan,H008_08,1,0.9764976897620467,0.097,,0.5821877864424122,-0.2340572314858726
Taiwan,H008_09,1,0.1982937760103367,0.097,,-0.8412131772540438,-0.2340572314858726
Thailand,A001,1,0.40961881840439596,0.129,8.860740909109282,-0.45468175061710414,0.46592701221019406
Thailand,A002,1,1.441116572485862,0.129,8.860740909109282,1.4320151308364328,0.46592701221019406
Thailand,A003,1,0.9266612010838419,0.129,8.860740909109282,0.4910326216350078,0.46592701221019406
Thailand,A004,1,0.389477899092277,0.129,8.860740909109282,-0.4915212003448648,0.46592701221019406
Thailand,A005,1,0.0577418242468058,0.129,8.860740909109282,-1.0982946183189346,0.46592701221019406
Thailand,A006,1,1.6609352530058072,0.129,8.860740909109282,1.834082142016234,0.46592701221019406
Thailand,A008,1,0.47136814138251415,0.129,8.860740909109282,-0.3417370014562818,0.46592701221019406
Thailand,A009,1,0.8073302012096037,0.129,8.860740909109282,0.27276610148737773,0.46592701221019406
Thailand,A062,1,0.2750187216524506,0.129,8.860740909109282,-0.7008767440433168,0.46592701221019406
Thailand,A165,1,0.3796002423105183,0.129,8.860740909109282,-0.5095882723985579,0.46592701221019406
Thailand,A170,1,0.25789039506065187,0.129,8.860740909109282,-0.7322059061645095,0.46592701221019406
Thailand,A173,1,0.7894433465228755,0.129,8.860740909109282,0.24004952714397157,0.46592701221019406
Thailand,B008,1,0.0719931307072665,0.129,8.860740909109282,-1.07222777004011,0.46592701221019406
Thailand,C001_01,1,0.9308766553334815,0.129,8.860740909109282,0.49874304500261607,0.46592701221019406
Thailand,C002_01,1,0.5226607917252748,0.129,8.860740909109282,-0.24791839345616176,0.46592701221019406
Thailand,C006,1,0.33332887606231115,0.129,8.860740909109282,-0.5942225258961105,0.46592701221019406
Thailand,C038,1,0.04375257037719898,0.129,8.860740909109282,-1.1238821501823968,0.46592701221019406
Thailand,C039,1,0.09126312465537566,0.129,8.860740909109282,-1.0369813166729855,0.46592701221019406
Thailand,C041,1,0.2195746197490739,0.129,8.860740909109282,-0.8022887090642619,0.46592701221019406
Thailand,D001_B,1,0.290644871499049,0.129,8.860740909109282,-0.6722951906002306,0.46592701221019406
Thailand,D026_03,1,0.07003346566891265,0.129,8.860740909109282,-1.0758121636094864,0.46592701221019406
Thailand,D026_05,1,0.7197472474357409,0.129,8.860740909109282,0.11256945045270593,0.46592701221019406
Thailand,D054,1,0.25088430013778507,0.129,8.860740909109282,-0.7450206480190965,0.46592701221019406
Thailand,D057,1,0.7682823581736208,0.129,8.860740909109282,0.20134428462740825,0.46592701221019406
Thailand,D059,1,0.2951086534545792,0.129,8.860740909109282,-0.6641305547959705,0.46592701221019406
Thailand,D060,1,0.46209921038906443,0.129,8.860740909109282,-0.35869066241245334,0.46592701221019406
Thailand,D061,1,0.7736388598180148,0.129,8.860740909109282,0.21114178046100637,0.46592701221019406
Thailand,D066_01,1,0.4177367144933248,0.129,8.860740909109282,-0.4398334301294027,0.46592701221019406
Thailand,D078,1,0.0069996062410611175,0.129,8.860740909109282,-1.1911064388882628,0.46592701221019406
Thailand,E015,0,0.2997601337655237,0.129,8.860740909109282,-0.6556226027795201,0.46592701221019406
Thailand,E016,1,0.9692430257789298,0.129,8.860740909109282,0.5689183906935787,0.46592701221019406
Thailand,E018,0,2.3221886524309436,0.129,8.860740909109282,3.0435706955389814,0.46592701221019406
Thailand,E023,1,1.1832502712776678,0.129,8.860740909109282,0.9603557943071999,0.46592701221019406
Thailand,E025,0,0.8171479630600218,0.129,8.860740909109282,0.29072362063150015,0.46592701221019406
Thailand,E026,1,1.0536888110448297,0.129,8.860740909109282,0.7233768944398556,0.46592701221019406
Thailand,E027,0,0.3234358594800761,0.129,8.860740909109282,-0.6123176923276574,0.46592701221019406
Thailand,E028,1,0.05197811893535419,0.129,8.860740909109282,-1.1088369241976483,0.46592701221019406
Thailand,E034,1,0.7049169469425701,0.129,8.860740909109282,0.08544357297912844,0.46592701221019406
Thailand,E035,1,0.03730157906282874,0.129,8.860740909109282,-1.1356815604544475,0.46592701221019406
Thailand,E036,1,0.3555899408892308,0.129,8.860740909109282,-0.5535051501959718,0.46592701221019406
Thailand,E037,1,0.34045125930295045,0.129,8.860740909109282,-0.5811950828450131,0.46592701221019406
Thailand,E039,1,1.3109503434243335,0.129,8.860740909109282,1.1939300574863299,0.46592701221019406
Thailand,E040,1,0.024329949846806,0.129,8.860740909109282,-1.1594077705139496,0.46592701221019406
Thailand,E069_01,1,0.1629423648366298,0.129,8.860740909109282,-0.9058739067151637,0.46592701221019406
Thailand,E069_04,1,0.4531156987376472,0.129,8.860740909109282,-0.37512226718344327,0.46592701221019406
Thailand,E069_05,1,0.6614275532632163,0.129,8.860740909109282,0.005897783270446562,0.46592701221019406
Thailand,E069_07,1,0.4743382827431114,0.129,8.860740909109282,-0.3363043609872726,0.46592701221019406
Thailand,E069_08,1,0.40144217034865426,0.129,8.860740909109282,-0.46963753343531145,0.46592701221019406
Thailand,E069_10,1,0.3823265082513919,0.129,8.860740909109282,-0.5046017007571688,0.46592701221019406
Thailand,E069_12,1,0.09851422408717167,0.129,8.860740909109282,-1.0237184407908548,0.46592701221019406
Thailand,E069_13,1,0.20540266544693744,0.129,8.860740909109282,-0.828210415515046,0.46592701221019406
Thailand,E069_14,1,0.29512678519643615,0.129,8.860740909109282,-0.664097390302222,0.46592701221019406
Thailand,E069_15,1,0.38077783011723043,0.129,8.860740909109282,-0.5074343644198247,0.46592701221019406
Thailand,E069_40,0,0.82638643642269,0.129,8.860740909109282,0.3076215719976271,0.46592701221019406
Thailand,E069_41,1,1.5453286146446927,0.129,8.860740909109282,1.6226277949677814,0.46592701221019406
Thailand,E069_54,1,0.3102396409427223,0.129,8.860740909109282,-0.6364546953050177,0.46592701221019406
Thailand,E114,1,3.397730524012996,0.129,8.860740909109282,5.010828003620618,0.46592701221019406
Thailand,E115,1,0.5348266367919599,0.129,8.860740909109282,-0.22566603095053406,0.46592701221019406
Thailand,E117,1,0.10701101103684893,0.129,8.860740909109282,-1.0081770967822037,0.46592701221019406
Thailand,E117B,0,1.7751732696907732,0.129,8.860740909109282,2.0430331639357053,0.46592701221019406
Thailand,E124,1,0.42896573711110036,0.129,8.860740909109282,-0.4192945953419299,0.46592701221019406
Thailand,E224,0,1.751404750433178,0.129,8.860740909109282,1.9995585262230853,0.46592701221019406
Thailand,E225,1,0.23530561984076298,0.129,8.860740909109282,-0.7735153756297509,0.46592701221019406
Thailand,E226,1,0.11887080872581361,0.129,8.860740909109282,-0.9864845208886528,0.46592701221019406
Thailand,E227,1,0.6698271037028519,0.129,8.860740909109282,0.021261273454857125,0.46592701221019406
Thailand,E229,0,2.2629944059553795,0.129,8.860740909109282,2.935299398016972,0.46592701221019406
Thailand,E233,1,0.1940455942850331,0.129,8.860740909109282,-0.8489834619505097,0.46592701221019406
Thailand,E233A,1,0.5181905206934047,0.129,8.860740909109282,-0.25609489833143595,0.46592701221019406
Thailand,E233B,1,0.551441022584241,0.129,8.860740909109282,-0.19527691014292142,0.46592701221019406
Thailand,E235,1,0.007485612780173345,0.129,8.860740909109282,-1.190217491706283,0.46592701221019406
Thailand,E236,1,0.8470825309229341,0.129,8.860740909109282,0.34547648423313565,0.46592701221019406
Thailand,E248B,1,0.3741641737953245,0.129,8.860740909109282,-0.5195313027875256,0.46592701221019406
Thailand,E254B,1,0.05563619173057945,0.129,8.860740909109282,-1.1021459987859614,0.46592701221019406
Thailand,E258B,1,1.4180412778069422,0.129,8.860740909109282,1.3898084596759053,0.46592701221019406
Thailand,E259B,1,0.032440451323257506,0.129,8.860740909109282,-1.1445729753996632,0.46592701221019406
Thailand,E260B,1,0.4163751972586069,0.129,8.860740909109282,-0.4423237606324244,0.46592701221019406
Thailand,E261B,1,0.260556342502232,0.129,8.860740909109282,-0.7273296621744029,0.46592701221019406
Thailand,E262B,1,0.548899610606512,0.129,8.860740909109282,-0.19992536820683612,0.46592701221019406
Thailand,E268,1,0.3165169672407155,0.129,8.860740909109282,-0.6249729330777829,0.46592701221019406
Thailand,E277,1,0.20566537911488744,0.129,8.860740909109282,-0.8277298899336035,0.46592701221019406
Thailand,E286,1,0.32150402130794137,0.129,8.860740909109282,-0.6158511881985089,0.46592701221019406
Thailand,E287,1,0.7108163513483107,0.129,8.860740909109282,0.09623408401097786,0.46592701221019406
Thailand,E289,0,1.0971376003645932,0.129,8.860740909109282,0.8028484153308796,0.46592701221019406
Thailand,F028,1,0.7332284320201663,0.129,8.860740909109282,0.13722768050031692,0.46592701221019406
Thailand,F028B,1,1.3106569094340126,0.129,8.860740909109282,1.193393341829645,0.46592701221019406
Thailand,F114A,1,1.3891596922728733,0.129,8.860740909109282,1.3369815900652344,0.46592701221019406
Thailand,F114B,1,1.6940707208719252,0.129,8.860740909109282,1.8946897232166204,0.46592701221019406
Thailand,F114C,1,0.980067649923544,0.129,8.860740909109282,0.588717546373502,0.46592701221019406
Thailand,F114D,1,0.5448435288292678,0.129,8.860740909109282,-0.20734428580483108,0.46592701221019406
Thailand,F116,1,1.947101693462716,0.129,8.860740909109282,2.3575048335833046,0.46592701221019406
Thailand,F117,1,0.030545491163782607,0.129,8.860740909109282,-1.1480390182574527,0.46592701221019406
Thailand,F120,1,1.2544991647070813,0.129,8.860740909109282,1.0906760635548953,0.46592701221019406
Thailand,F121,1,0.8357814138568694,0.129,8.860740909109282,0.3248057825848589,0.46592701221019406
Thailand,F122,1,1.2942641347933028,0.129,8.860740909109282,1.1634095666147983,0.46592701221019406
Thailand,F123,1,1.4890267935457429,0.129,8.860740909109282,1.5196469887883872,0.46592701221019406
Thailand,F144_02,1,0.4324864264515944,0.129,8.860740909109282,-0.4128549559214914,0.46592701221019406
Thailand,F202,1,1.4990054386838196,0.129,8.860740909109282,1.5378987771113835,0.46592701221019406
Thailand,F206,1,0.40537027417673366,0.129,8.860740909109282,-0.46245269836113073,0.46592701221019406
Thailand,G007_18_B,1,1.371048778683134,0.129,8.860740909109282,1.3038551929840665,0.46592701221019406
Thailand,G007_33_B,1,0.1557141665294149,0.129,8.860740909109282,-0.9190948944980154,0.46592701221019406
Thailand,G007_34_B,1,0.8372738837237075,0.129,8.860740909109282,0.3275356365591259,0.46592701221019406
Thailand,G007_35_B,1,0.18009512784049397,0.129,8.860740909109282,-0.8745000483236638,0.46592701221019406
Thailand,G007_36_B,1,0.4922743400785971,0.129,8.860740909109282,-0.30349779082603495,0.46592701221019406
Thailand,G052,1,1.3664563396516247,0.129,8.860740909109282,1.295455232475447,0.46592701221019406
Thailand,G058,1,0.19841685585109312,0.129,8.860740909109282,-0.8409880537859546,0.46592701221019406
Thailand,G062,0,1.3045139522069122,0.129,8.860740909109282,1.1821573520299449,0.46592701221019406
Thailand,G063,0,1.6782792789835395,0.129,8.860740909109282,1.8658058366094183,0.46592701221019406
Thailand,H001,1,0.06253519237018179,0.129,8.860740909109282,-1.089527141458953,0.46592701221019406
Thailand,H006_01,1,0.4439289356036268,0.129,8.860740909109282,-0.3919256361554321,0.46592701221019406
Thailand,H006_02,1,1.101562431113794,0.129,8.860740909109282,0.8109418060750125,0.46592701221019406
Thailand,H008_01,1,0.5533394553723803,0.129,8.860740909109282,-0.19180451555276448,0.46592701221019406
Thailand,H008_02,1,1.431888435938858,0.129,8.860740909109282,1.4151360863829006,0.46592701221019406
Thailand,H008_03,1,0.11028487611995266,0.129,8.860740909109282,-1.002188919863591,0.46592701221019406
Thailand,H008_04,1,0.07703008406016158,0.129,8.860740909109282,-1.063014755135006,0.46592701221019406
Thailand,H008_07,1,0.7780772137315848,0.129,8.860740909109282,0.21925990621977384,0.46592701221019406
Thailand,H008_08,1,0.17578722159212606,0.129,8.860740909109282,-0.8823795742385093,0.46592701221019406
Thailand,H008_09,1,0.7037088457477644,0.129,8.860740909109282,0.08323385342549743,0.46592701221019406
Tunisia,A001,1,0.14423120424120942,0.156,8.184769508331126,-0.9400982064812763,1.0565387178287502
Tunisia,A002,1,0.6655514241379947,0.156,8.184769508331126,0.01344069287754491,1.0565387178287502
Tunisia,A003,1,0.24897865453679718,0.156,8.184769508331126,-0.7485062354557276,1.0565387178287502
Tunisia,A004,1,0.2861642875664121,0.156,8.184769508331126,-0.6804905586457234,1.0565387178287502
Tunisia,A005,1,0.5491126100510525,0.156,8.184769508331126,-0.19953577415665452,1.0565387178287502
Tunisia,A006,1,2.229869103064143,0.156,8.184769508331126,2.8747104094178133,1.0565387178287502
Tunisia,A008,1,0.12766032640502542,0.156,8.184769508331126,-0.9704077475469436,1.0565387178287502
Tunisia,A009,1,1.8315777910188917,0.156,8.184769508331126,2.1462018175450432,1.0565387178287502
Tunisia,A062,0,0.3053663513381642,0.156,8.184769508331126,-0.6453683553328353,1.0565387178287502
Tunisia,A165,1,0.140237377314315,0.156,8.184769508331126,-0.94740325467767,1.0565387178287502
Tunisia,A170,1,0.9136271493682441,0.156,8.184769508331126,0.46719223552925165,1.0565387178287502
Tunisia,A173,1,0.6789726541004673,0.156,8.184769508331126,0.03798926083639265,1.0565387178287502
Tunisia,B008,1,1.3305289309701471,0.156,8.184769508331126,1.2297409547178466,1.0565387178287502
Tunisia,C001_01,1,0.17068334603439977,0.156,8.184769508331126,-0.8917149955324355,1.0565387178287502
Tunisia,C002_01,1,0.6251989634539677,0.156,8.184769508331126,-0.06036738031532927,1.0565387178287502
Tunisia,C006,1,0.00623769030456892,0.156,8.184769508331126,-1.1925000477600434,1.0565387178287502
Tunisia,C038,1,0.14501224922633354,0.156,8.184769508331126,-0.9386696089570665,1.0565387178287502
Tunisia,C039,1,1.1226290267029981,0.156,8.184769508331126,0.8494743962272692,1.0565387178287502
Tunisia,C041,1,1.1691566720426558,0.156,8.184769508331126,0.9345774059200808,1.0565387178287502
Tunisia,D001_B,1,1.6424474926467563,0.156,8.184769508331126,1.800266460230729,1.0565387178287502
Tunisia,D026_03,1,0.23939162039362746,0.156,8.184769508331126,-0.7660417340535056,1.0565387178287502
Tunisia,D026_05,1,0.043753661229194586,0.156,8.184769508331126,-1.1238801549215733,1.0565387178287502
Tunisia,D054,1,0.0014146514770769238,0.156,8.184769508331126,-1.201321794854453,1.0565387178287502
Tunisia,D057,1,0.587814722130627,0.156,8.184769508331126,-0.12874632854005108,1.0565387178287502
Tunisia,D059,1,0.12522140636128343,0.156,8.184769508331126,-0.9748687391704689,1.0565387178287502
Tunisia,D060,1,0.11314341287374127,0.156,8.184769508331126,-0.9969604136864778,1.0565387178287502
Tunisia,D061,1,0.7220798269891292,0.156,8.184769508331126,0.11683593629982138,1.0565387178287502
Tunisia,D066_01,1,0.20883270791909453,0.156,8.184769508331126,-0.8219365769052521,1.0565387178287502
Tunisia,D078,1,0.013170415305077355,0.156,8.184769508331126,-1.1798195057165157,1.0565387178287502
Tunisia,E015,1,0.1884822715905397,0.156,8.184769508331126,-0.8591592510268196,1.0565387178287502
Tunisia,E016,1,0.9937252640312842,0.156,8.184769508331126,0.6136984809835975,1.0565387178287502
Tunisia,E018,1,0.07637357331392296,0.156,8.184769508331126,-1.0642155689735897,1.0565387178287502
Tunisia,E023,1,0.614166821262524,0.156,8.184769508331126,-0.08054610410410165,1.0565387178287502
Tunisia,E025,0,1.2961368990860673,0.156,8.184769508331126,1.1668350113497727,1.0565387178287502
Tunisia,E026,0,1.5500882639048181,0.156,8.184769508331126,1.631333597166922,1.0565387178287502
Tunisia,E027,0,0.6285881080278223,0.156,8.184769508331126,-0.05416834743039532,1.0565387178287502
Tunisia,E028,0,1.3212896135058645,0.156,8.184769508331126,1.2128414594182721,1.0565387178287502
Tunisia,E034,1,0.32251803646936567,0.156,8.184769508331126,-0.6139964684618582,1.0565387178287502
Tunisia,E035,1,0.2806555662785566,0.156,8.184769508331126,-0.6905664771181284,1.0565387178287502
Tunisia,E036,1,0.6886228076007126,0.156,8.184769508331126,0.055640210091899095,1.0565387178287502
Tunisia,E037,1,0.5563641133727679,0.156,8.184769508331126,-0.18627215952560422,1.0565387178287502
Tunisia,E039,1,1.6773946514598466,0.156,8.184769508331126,1.864187777836537,1.0565387178287502
Tunisia,E040,1,0.9684605146414698,0.156,8.184769508331126,0.5674871114523911,1.0565387178287502
Tunisia,E069_01,1,1.6033378543584857,0.156,8.184769508331126,1.728731614612996,1.0565387178287502
Tunisia,E069_04,1,0.0370149022277544,0.156,8.184769508331126,-1.1362059167010603,1.0565387178287502
Tunisia,E069_05,1,0.007129940527212418,0.156,8.184769508331126,-1.1908680464242414,1.0565387178287502
Tunisia,E069_07,1,1.468912840361551,0.156,8.184769508331126,1.4828568623958096,1.0565387178287502
Tunisia,E069_08,0,0.46275902977449823,0.156,8.184769508331126,-0.3574837967921505,1.0565387178287502
Tunisia,E069_10,0,0.049665043168094884,0.156,8.184769508331126,-1.1130677359656682,1.0565387178287502
Tunisia,E069_12,1,0.10810940867070241,0.156,8.184769508331126,-1.006168034346355,1.0565387178287502
Tunisia,E069_13,1,0.2882452080734653,0.156,8.184769508331126,-0.6766843785394893,1.0565387178287502
Tunisia,E069_14,1,1.1026028210836252,0.156,8.184769508331126,0.8128447675732894,1.0565387178287502
Tunisia,E069_15,1,0.3912270309234364,0.156,8.184769508331126,-0.48832188986838365,1.0565387178287502
Tunisia,E069_40,1,0.14346034281328607,0.156,8.184769508331126,-0.9415081774156202,1.0565387178287502
Tunisia,E069_41,1,1.5771784001526197,0.156,8.184769508331126,1.6808837540864514,1.0565387178287502
Tunisia,E069_54,0,0.14488940933433994,0.156,8.184769508331126,-0.9388942935385166,1.0565387178287502
Tunisia,E114,1,1.096932830171576,0.156,8.184769508331126,0.80247387327972,1.0565387178287502
Tunisia,E115,1,0.16289863767070667,0.156,8.184769508331126,-0.9059538874104736,1.0565387178287502
Tunisia,E117,1,0.3304112879773685,0.156,8.184769508331126,-0.5995590419665008,1.0565387178287502
Tunisia,E117B,1,0.22726711027071972,0.156,8.184769508331126,-0.788218491441031,1.0565387178287502
Tunisia,E124,1,0.2881373705186627,0.156,8.184769508331126,-0.6768816225737536,1.0565387178287502
Tunisia,E224,1,0.5837531625053919,0.156,8.184769508331126,-0.13617526558663967,1.0565387178287502
Tunisia,E225,1,1.561287115616583,0.156,8.184769508331126,1.6518172468082755,1.0565387178287502
Tunisia,E226,1,0.25884669869005544,0.156,8.184769508331126,-0.7304567457148824,1.0565387178287502
Tunisia,E227,1,0.985892203744717,0.156,8.184769508331126,0.5993711493375251,1.0565387178287502
Tunisia,E229,1,0.6124720131525648,0.156,8.184769508331126,-0.08364605188689589,1.0565387178287502
Tunisia,E233,0,1.8254570361011586,0.156,8.184769508331126,2.135006437652325,1.0565387178287502
Tunisia,E233A,1,0.09220406895651147,0.156,8.184769508331126,-1.0352602497375027,1.0565387178287502
Tunisia,E233B,0,0.2563779866029441,0.156,8.184769508331126,-0.7349722295126221,1.0565387178287502
Tunisia,E235,1,0.10706139965817135,0.156,8.184769508331126,-1.0080849317199592,1.0565387178287502
Tunisia,E236,0,0.49774727527205415,0.156,8.184769508331126,-0.293487328155578,1.0565387178287502
Tunisia,E248B,1,0.4006532853361823,0.156,8.184769508331126,-0.47108047103451317,1.0565387178287502
Tunisia,E254B,1,0.3479893739313602,0.156,8.184769508331126,-0.567407231824315,1.0565387178287502
Tunisia,E258B,1,0.3100323271590667,0.156,8.184769508331126,-0.6368338897991963,1.0565387178287502
Tunisia,E259B,1,1.3770133489618244,0.156,8.184769508331126,1.3147648979247588,1.0565387178287502
Tunisia,E260B,1,0.30818000844863946,0.156,8.184769508331126,-0.6402219378299292,1.0565387178287502
Tunisia,E261B,1,0.5121359682540827,0.156,8.184769508331126,-0.26716918827600084,1.0565387178287502
Tunisia,E262B,1,0.5400939279968608,0.156,8.184769508331126,-0.21603170857739057,1.0565387178287502
Tunisia,E268,1,1.744247915376736,0.156,8.184769508331126,1.986468067878762,1.0565387178287502
Tunisia,E277,1,0.5501857446233602,0.156,8.184769508331126,-0.19757292000312715,1.0565387178287502
Tunisia,E286,1,0.20925114898177175,0.156,8.184769508331126,-0.8211712127104185,1.0565387178287502
Tunisia,E287,1,0.34683713306662783,0.156,8.184769508331126,-0.5695147780962986,1.0565387178287502
Tunisia,E289,0,1.0766573978372926,0.156,8.184769508331126,0.7653883878253394,1.0565387178287502
Tunisia,F028,1,0.6765585103495734,0.156,8.184769508331126,0.033573587153954074,1.0565387178287502
Tunisia,F028B,1,0.22221000557346948,0.156,8.184769508331126,-0.797468364864151,1.0565387178287502
Tunisia,F114A,1,0.3950088441399239,0.156,8.184769508331126,-0.4814046327308338,1.0565387178287502
Tunisia,F114B,1,0.08680104135292437,0.156,8.184769508331126,-1.0451428454966887,1.0565387178287502
Tunisia,F114C,1,0.172857691115084,0.156,8.184769508331126,-0.8877379339569755,1.0565387178287502
Tunisia,F114D,1,0.8655696754200932,0.156,8.184769508331126,0.3792910395550044,1.0565387178287502
Tunisia,F116,1,0.3792245530631744,0.156,8.184769508331126,-0.5102754398970375,1.0565387178287502
Tunisia,F117,1,0.23382772662563098,0.156,8.184769508331126,-0.7762185676716898,1.0565387178287502
Tunisia,F120,1,0.7787019288106555,0.156,8.184769508331126,0.220402563086273,1.0565387178287502
Tunisia,F121,1,0.833570894586901,0.156,8.184769508331126,0.32076255534898757,1.0565387178287502
Tunisia,F122,1,0.9076128863459488,0.156,8.184769508331126,0.45619163834568316,1.0565387178287502
Tunisia,F123,1,0.6067788039776526,0.156,8.184769508331126,-0.09405941435256078,1.0565387178287502
Tunisia,F144_02,0,0.015407687454049633,0.156,8.184769508331126,-1.1757273451958294,1.0565387178287502
Tunisia,F202,0,2.8855199882981846,0.156,8.184769508331126,4.073951489292836,1.0565387178287502
Tunisia,F206,1,1.4566072238077603,0.156,8.184769508331126,1.4603488459851734,1.0565387178287502
Tunisia,G007_18_B,1,0.6451526864377747,0.156,8.184769508331126,-0.023870328549608178,1.0565387178287502
Tunisia,G007_33_B,1,0.3694816205854718,0.156,8.184769508331126,-0.5280960897716102,1.0565387178287502
Tunisia,G007_34_B,1,1.5388128265615209,0.156,8.184769508331126,1.6107098659096812,1.0565387178287502
Tunisia,G007_35_B,1,0.9967892045311166,0.156,8.184769508331126,0.6193026880340924,1.0565387178287502
Tunisia,G007_36_B,1,1.381113725985895,0.156,8.184769508331126,1.322264835286219,1.0565387178287502
Tunisia,G052,1,0.07689913274638081,0.156,8.184769508331126,-1.0632542761948964,1.0565387178287502
Tunisia,G058,1,0.940530840802192,0.156,8.184769508331126,0.5164013690704273,1.0565387178287502
Tunisia,G062,1,1.1961668077513368,0.156,8.184769508331126,0.9839812350680989,1.0565387178287502
Tunisia,G063,0,1.458545938990659,0.156,8.184769508331126,1.4638949204920042,1.0565387178287502
Tunisia,H001,1,1.8181240821387408,0.156,8.184769508331126,2.121593842890976,1.0565387178287502
Tunisia,H006_01,1,0.024183562160674223,0.156,8.184769508331126,-1.1596755260081477,1.0565387178287502
Tunisia,H006_02,0,0.6371095362242313,0.156,8.184769508331126,-0.03858193249145854,1.0565387178287502
Tunisia,H008_01,0,0.18624906549095172,0.156,8.184769508331126,-0.8632439743983092,1.0565387178287502
Tunisia,H008_02,1,0.21676256881941944,0.156,8.184769508331126,-0.8074321887262141,1.0565387178287502
Tunisia,H008_03,1,0.108562881414431,0.156,8.184769508331126,-1.0053385942355728,1.0565387178287502
Tunisia,H008_04,1,0.8571730728381571,0.156,8.184769508331126,0.36393294125235665,1.0565387178287502
Tunisia,H008_07,1,0.05232966223943865,0.156,8.184769508331126,-1.1081939216773928,1.0565387178287502
Tunisia,H008_08,1,0.5267959102951884,0.156,8.184769508331126,-0.24035491086065788,1.0565387178287502
Tunisia,H008_09,0,0.6028371154900003,0.156,8.184769508331126,-0.1012690969213195,1.0565387178287502
Turkey,A001,1,0.8958355460984192,0.12,,0.4346498841063652,0.2690564436706751
Turkey,A002,1,1.814415871726182,0.12,,2.11481121152463,0.2690564436706751
Turkey,A003,1,1.3555521321755906,0.12,,1.2755105121322836,0.2690564436706751
Turkey,A004,1,0.741340653423394,0.12,,0.1520656215065573,0.2690564436706751
Turkey,A005,1,2.1716359819213795,0.12,,2.76819709164991,0.2690564436706751
Turkey,A006,1,1.7360344585646479,0.12,,1.971444958723164,0.2690564436706751
Turkey,A008,1,0.5623608093412531,0.12,,-0.175303693973451,0.2690564436706751
Turkey,A009,1,0.19936473310532254,0.12,,-0.8392543058912266,0.2690564436706751
Turkey,A062,0,0.4087674625614777,0.12,,-0.45623895266382253,0.2690564436706751
Turkey,A165,1,0.6231988088458073,0.12,,-0.06402583274211303,0.2690564436706751
Turkey,A170,1,0.27056629675664856,0.12,,-0.7090206068220547,0.2690564436706751
Turkey,A173,1,0.2875955215829902,0.12,,-0.6778727102354642,0.2690564436706751
Turkey,B008,1,1.1647010876672863,0.12,,0.9264277641852342,0.2690564436706751
Turkey,C001_01,1,0.5868614600501255,0.12,,-0.13048992573875914,0.2690564436706751
Turkey,C002_01,1,0.5017489549171967,0.12,,-0.2861679166714592,0.2690564436706751
Turkey,C006,1,0.5389472125252008,0.12,,-0.21812914843679387,0.2690564436706751
Turkey,C038,1,1.0628735177265176,0.12,,0.7401765019861049,0.2690564436706751
Turkey,C039,1,0.9656286646137363,0.12,,0.5623074175607388,0.2690564436706751
Turkey,C041,1,0.25081541728854434,0.12,,-0.7451466405928407,0.2690564436706751
Turkey,D001_B,1,0.47934728143207816,0.12,,-0.3271424775335428,0.2690564436706751
Turkey,D026_03,1,0.0328958176378731,0.12,,-1.1437400717871204,0.2690564436706751
Turkey,D026_05,1,0.07457621432268023,0.12,,-1.0675030910163785,0.2690564436706751
Turkey,D054,1,0.44082938857977955,0.12,,-0.39759497055841253,0.2690564436706751
Turkey,D057,1,0.5214473302712187,0.12,,-0.2501379173786064,0.2690564436706751
Turkey,D059,1,0.15661449481522516,0.12,,-0.917448117699519,0.2690564436706751
Turkey,D060,1,0.1072693010753718,0.12,,-1.0077046623941854,0.2690564436706751
Turkey,D061,1,0.06176618747780232,0.12,,-1.09093371663232,0.2690564436706751
Turkey,D066_01,1,0.208784094943186,0.12,,-0.8220254941614282,0.2690564436706751
Turkey,D078,1,0.20862180115470882,0.12,,-0.8223223432659343,0.2690564436706751
Turkey,E015,1,0.7023295323810846,0.12,,0.08071097228769099,0.2690564436706751
Turkey,E016,1,0.9200685492087872,0.12,,0.4789741021821462,0.2690564436706751
Turkey,E018,1,0.8668931277552427,0.12,,0.3817117461281394,0.2690564436706751
Turkey,E023,1,0.3658012315162616,0.12,,-0.5348278335412298,0.2690564436706751
Turkey,E025,0,1.1404382468639451,0.12,,0.8820489704382417,0.2690564436706751
Turkey,E026,1,0.45850905764200767,0.12,,-0.36525735629521955,0.2690564436706751
Turkey,E027,0,0.3943127528023564,0.12,,-0.48267784282809173,0.2690564436706751
Turkey,E028,1,0.1704512497689695,0.12,,-0.8921395192877725,0.2690564436706751
Turkey,E034,1,0.41316301351117196,0.12,,-0.4481991171564315,0.2690564436706751
Turkey,E035,1,1.3189382087224586,0.12,,1.2085405406287424,0.2690564436706751
Turkey,E036,1,0.9393744803469745,0.12,,0.5142862877180323,0.2690564436706751
Turkey,E037,1,0.7234114688705036,0.12,,0.11927162224761986,0.2690564436706751
Turkey,E039,1,0.7007152785232221,0.12,,0.07775836506440564,0.2690564436706751
Turkey,E040,1,0.44257540505262327,0.12,,-0.3944013583365283,0.2690564436706751
Turkey,E069_01,1,1.8019964443932535,0.12,,2.092095025545785,0.2690564436706751
Turkey,E069_04,1,0.32745830381068886,0.12,,-0.6049603004726014,0.2690564436706751
Turkey,E069_05,1,0.41816396485786084,0.12,,-0.4390519529742848,0.2690564436706751
Turkey,E069_07,1,1.1010167766469725,0.12,,0.8099437577740544,0.2690564436706751
Turkey,E069_08,1,0.6709684280797749,0.12,,0.023348852544726222,0.2690564436706751
Turkey,E069_10,1,0.31102649233870033,0.12,,-0.6350154773628699,0.2690564436706751
Turkey,E069_12,0,2.2385215397701947,0.12,,2.8905364500327235,0.2690564436706751
Turkey,E069_13,1,1.0693804643066134,0.12,,0.752078259185163,0.2690564436706751
Turkey,E069_14,1,0.7410378219462709,0.12,,0.1515117170494382,0.2690564436706751
Turkey,E069_15,1,0.6500417777809867,0.12,,-0.014927765801525742,0.2690564436706751
Turkey,E069_40,1,0.5786896468304585,0.12,,-0.14543686523170624,0.2690564436706751
Turkey,E069_41,1,1.7072004841914534,0.12,,1.9187051739640009,0.2690564436706751
Turkey,E069_54,1,0.6393783709793098,0.12,,-0.034432041287137,0.2690564436706751
Turkey,E114,1,0.09349139581115201,0.12,,-1.0329056197322979,0.2690564436706751
Turkey,E115,1,0.40052800470091265,0.12,,-0.4713096199424332,0.2690564436706751
Turkey,E117,1,0.3555302161670885,0.12,,-0.5536143917784819,0.2690564436706751
Turkey,E117B,1,0.2019646698919033,0.12,,-0.8344988009879839,0.2690564436706751
Turkey,E124,1,0.42373624308405894,0.12,,-0.42885978347089965,0.2690564436706751
Turkey,E224,1,0.9960719518762637,0.12,,0.6179907720926657,0.2690564436706751
Turkey,E225,1,0.384860023337668,0.12,,-0.49996768677751735,0.2690564436706751
Turkey,E226,1,0.32300797065347847,0.12,,-0.6131003372840388,0.2690564436706751
Turkey,E227,1,0.596267956788028,0.12,,-0.1132846453679772,0.2690564436706751
Turkey,E229,1,0.1774159688984679,0.12,,-0.8794004572686548,0.2690564436706751
Turkey,E233,1,0.12322230148970922,0.12,,-0.9785252715400001,0.2690564436706751
Turkey,E233A,0,1.4057292616703199,0.12,,1.3672887378854723,0.2690564436706751
Turkey,E233B,1,1.4883383672103414,0.12,,1.5183877986302188,0.2690564436706751
Turkey,E235,1,1.1450060303570042,0.12,,0.8904038338758105,0.2690564436706751
Turkey,E236,1,0.2808750737593631,0.12,,-0.6901649793176197,0.2690564436706751
Turkey,E248B,1,1.0448870597966144,0.12,,0.7072777448628165,0.2690564436706751
Turkey,E254B,1,0.21211148631852716,0.12,,-0.8159394131143378,0.2690564436706751
Turkey,E258B,1,1.7151944121620084,0.12,,1.9333267462485093,0.2690564436706751
Turkey,E259B,1,1.1273063136439883,0.12,,0.8580295507589314,0.2690564436706751
Turkey,E260B,1,0.9475151465502729,0.12,,0.5291762566762239,0.2690564436706751
Turkey,E261B,1,0.25558303555764716,0.12,,-0.7364262624003675,0.2690564436706751
Turkey,E262B,1,1.230489783281561,0.12,,1.0467608685077714,0.2690564436706751
Turkey,E268,1,2.6506552776303685,0.12,,3.6443640128033237,0.2690564436706751
Turkey,E277,1,0.21305063595777882,0.12,,-0.8142216287676601,0.2690564436706751
Turkey,E286,0,0.17458137465417678,0.12,,-0.8845851705651491,0.2690564436706751
Turkey,E287,1,0.06648870503497942,0.12,,-1.0822958314672964,0.2690564436706751
Turkey,E289,0,0.854342881918543,0.12,,0.35875628201017634,0.2690564436706751
Turkey,F028,1,0.04108835143128539,0.12,,-1.1287552326073222,0.2690564436706751
Turkey,F028B,1,1.6158514215840225,0.12,,1.7516199904401477,0.2690564436706751
Turkey,F114A,1,1.4912084222838462,0.12,,1.5236373727910497,0.2690564436706751
Turkey,F114B,1,1.3661559398778027,0.12,,1.294905775809917,0.2690564436706751
Turkey,F114C,1,1.3490711466007772,0.12,,1.263656239813839,0.2690564436706751
Turkey,F114D,1,1.9801962088060838,0.12,,2.418037509146083,0.2690564436706751
Turkey,F116,0,1.3980246538490366,0.12,,1.3531963566934435,0.2690564436706751
Turkey,F117,0,0.27979982599702624,0.12,,-0.6921316986749462,0.2690564436706751
Turkey,F120,1,0.5436592140843597,0.12,,-0.209510497924088,0.2690564436706751
Turkey,F121,0,0.9004554780527336,0.12,,0.44310013150268107,0.2690564436706751
Turkey,F122,1,0.6158685386906494,0.12,,-0.07743351859234901,0.2690564436706751
Turkey,F123,1,0.8792848055555635,0.12,,0.4043771758581937,0.2690564436706751
Turkey,F144_02,1,0.03278908051831103,0.12,,-1.1439353030319934,0.2690564436706751
Turkey,F202,1,0.9201155083753257,0.12,,0.47905999448071235,0.2690564436706751
Turkey,F206,1,0.7407395525723975,0.12,,0.15096615706610983,0.2690564436706751
Turkey,G007_18_B,1,0.5879446344516824,0.12,,-0.12850870788598007,0.2690564436706751
Turkey,G007_33_B,1,0.6925688025437209,0.12,,0.06285776953276744,0.2690564436706751
Turkey,G007_34_B,1,0.883178983153894,0.12,,0.4114999569806197,0.2690564436706751
Turkey,G007_35_B,1,0.2449804917921987,0.12,,-0.7558192142304558,0.2690564436706751
Turkey,G007_36_B,1,0.6669550666573458,0.12,,0.016008074099129375,0.2690564436706751
Turkey,G052,1,2.9064299353300487,0.12,,4.1121975559471515,0.2690564436706751
Turkey,G058,1,0.15601493153594612,0.12,,-0.9185447697908821,0.2690564436706751
Turkey,G062,1,1.239601580652775,0.12,,1.063427118741166,0.2690564436706751
Turkey,G063,1,0.024326836072400715,0.12,,-1.1594134658714401,0.2690564436706751
Turkey,H001,1,1.644116024878836,0.12,,1.803318347204223,0.2690564436706751
Turkey,H006_01,1,0.23956296333968405,0.12,,-0.7657283332722583,0.2690564436706751
Turkey,H006_02,1,0.5646745246839919,0.12,,-0.17107171236763183,0.2690564436706751
Turkey,H008_01,1,0.8812794613767954,0.12,,0.4080255705372906,0.2690564436706751
Turkey,H008_02,1,0.4840395734545669,0.12,,-0.3185598774351236,0.2690564436706751
Turkey,H008_03,1,1.0967506972493308,0.12,,0.8021407367168432,0.2690564436706751
Turkey,H008_04,1,1.74205607290279,0.12,,1.982459002086938,0.2690564436706751
Turkey,H008_07,1,0.42217368478106665,0.12,,-0.4317178351396307,0.2690564436706751
Turkey,H008_08,1,0.569170645264452,0.12,,-0.16284792647548804,0.2690564436706751
Turkey,H008_09,1,0.788624434399349,0.12,,0.23855166741182146,0.2690564436706751
Ukraine,A001,1,0.05415817321065864,0.086,8.187780656356447,-1.1048494200209873,-0.4746768152563957
Ukraine,A002,1,0.18228371689833142,0.086,8.187780656356447,-0.8704969333058494,-0.4746768152563957
Ukraine,A003,1,0.3553277559986847,0.086,8.187780656356447,-0.5539847085986926,-0.4746768152563957
Ukraine,A004,1,0.25417540811615413,0.086,8.187780656356447,-0.7390009323825413,-0.4746768152563957
Ukraine,A005,1,0.5733398459830104,0.086,8.187780656356447,-0.15522210473934436,-0.4746768152563957
Ukraine,A006,1,0.3009898028763565,0.086,8.187780656356447,-0.653373433678135,-0.4746768152563957
Ukraine,A008,0,0.5349141504169287,0.086,8.187780656356447,-0.2255059611077641,-0.4746768152563957
Ukraine,A009,1,1.374100856540164,0.086,8.187780656356447,1.3094377022547141,-0.4746768152563957
Ukraine,A062,1,0.8994834149932879,0.086,8.187780656356447,0.4413221457188287,-0.4746768152563957
Ukraine,A165,1,0.4833557610323405,0.086,8.187780656356447,-0.3198106283547536,-0.4746768152563957
Ukraine,A170,1,0.7946587200777557,0.086,8.187780656356447,0.24958888773169285,-0.4746768152563957
Ukraine,A173,1,0.9678396185439978,0.086,8.187780656356447,0.5663514398271531,-0.4746768152563957
Ukraine,B008,1,0.4274546543463062,0.086,8.187780656356447,-0.4220584938852613,-0.4746768152563957
Ukraine,C001_01,1,0.6840680501833348,0.086,8.187780656356447,0.047309172451592905,-0.4746768152563957
Ukraine,C002_01,1,0.561671693200191,0.086,8.187780656356447,-0.17656414584468075,-0.4746768152563957
Ukraine,C006,1,1.3316155859949717,0.086,8.187780656356447,1.2317285389258004,-0.4746768152563957
Ukraine,C038,1,0.08702772783646466,0.086,8.187780656356447,-1.0447282166912735,-0.4746768152563957
Ukraine,C039,1,1.789919146821224,0.086,8.187780656356447,2.070004623918275,-0.4746768152563957
Ukraine,C041,1,0.23032861742461752,0.086,8.187780656356447,-0.7826187351866413,-0.4746768152563957
Ukraine,D001_B,1,0.12724016667195714,0.086,8.187780656356447,-0.9711762553356961,-0.4746768152563957
Ukraine,D026_03,1,0.7526357107008463,0.086,8.187780656356447,0.17272523928748507,-0.4746768152563957
Ukraine,D026_05,1,1.051022266384202,0.086,8.187780656356447,0.7184995580854562,-0.4746768152563957
Ukraine,D054,1,0.9109596998636553,0.086,8.187780656356447,0.4623132441385007,-0.4746768152563957
Ukraine,D057,1,1.8647685685652169,0.086,8.187780656356447,2.2069105648417673,-0.4746768152563957
Ukraine,D059,1,0.09997636063809168,0.086,8.187780656356447,-1.0210440690242033,-0.4746768152563957
Ukraine,D060,0,0.6065377674637059,0.086,8.187780656356447,-0.09450029058072533,-0.4746768152563957
Ukraine,D061,1,1.3063817553214478,0.086,8.187780656356447,1.1855737223491432,-0.4746768152563957
Ukraine,D066_01,1,0.09379780881490118,0.086,8.187780656356447,-1.0323451643592028,-0.4746768152563957
Ukraine,D078,1,0.9772346744811847,0.086,8.187780656356447,0.5835357940030441,-0.4746768152563957
Ukraine,E015,1,0.21913017296682263,0.086,8.187780656356447,-0.803101639925941,-0.4746768152563957
Ukraine,E016,1,0.03178292406364779,0.086,8.187780656356447,-1.1457756485274209,-0.4746768152563957
Ukraine,E018,0,0.3349121581769508,0.086,8.187780656356447,-0.5913265686181309,-0.4746768152563957
Ukraine,E023,0,0.3683490275023068,0.086,8.187780656356447,-0.5301676985846279,-0.4746768152563957
Ukraine,E025,0,0.2973543509258328,0.086,8.187780656356447,-0.6600229836462154,-0.4746768152563957
Ukraine,E026,0,0.19513409718203242,0.086,8.187780656356447,-0.8469924978276158,-0.4746768152563957
Ukraine,E027,0,0.5472429208669085,0.086,8.187780656356447,-0.2029555942571385,-0.4746768152563957
Ukraine,E028,1,0.2210900786381882,0.086,8.187780656356447,-0.7995168062183763,-0.4746768152563957
Ukraine,E034,1,1.279204338812372,0.086,8.187780656356447,1.1358639224288345,-0.4746768152563957
Ukraine,E035,1,0.37948698860130287,0.086,8.187780656356447,-0.509795423038629,-0.4746768152563957
Ukraine,E036,0,0.9793892941502277,0.086,8.187780656356447,0.5874767761275488,-0.4746768152563957
Ukraine,E037,0,0.37520955138265927,0.086,8.187780656356447,-0.5176192185137967,-0.4746768152563957
Ukraine,E039,1,0.08173231252127394,0.086,8.187780656356447,-1.0544139804475583,-0.4746768152563957
Ukraine,E040,1,0.4850758874197604,0.086,8.187780656356447,-0.3166643712950464,-0.4746768152563957
Ukraine,E069_01,1,1.4939589548268517,0.086,8.187780656356447,1.528668330105975,-0.4746768152563957
Ukraine,E069_04,1,0.21530008147416985,0.086,8.187780656356447,-0.8101072021254482,-0.4746768152563957
Ukraine,E069_05,1,0.5597635038108469,0.086,8.187780656356447,-0.18005438608597332,-0.4746768152563957
Ukraine,E069_07,1,0.8036689475031232,0.086,8.187780656356447,0.26606935791920755,-0.4746768152563957
Ukraine,E069_08,1,0.39105249421808336,0.086,8.187780656356447,-0.4886411323062715,-0.4746768152563957
Ukraine,E069_10,1,0.2351841726295265,0.086,8.187780656356447,-0.7737375128799723,-0.4746768152563957
Ukraine,E069_12,1,0.16541471108104425,0.086,8.187780656356447,-0.9013517757354761,-0.4746768152563957
Ukraine,E069_13,1,1.3723628437898503,0.086,8.187780656356447,1.3062587295201944,-0.4746768152563957
Ukraine,E069_14,1,0.7099184400757262,0.086,8.187780656356447,0.09459172813467683,-0.4746768152563957
Ukraine,E069_15,1,0.5698308465437065,0.086,8.187780656356447,-0.16164036233899579,-0.4746768152563957
Ukraine,E069_40,1,0.6433066771500009,0.086,8.187780656356447,-0.02724683611115736,-0.4746768152563957
Ukraine,E069_41,1,0.8859114994524605,0.086,8.187780656356447,0.41649796105636994,-0.4746768152563957
Ukraine,E069_54,1,0.7922888479279089,0.086,8.187780656356447,0.24525419056258344,-0.4746768152563957
Ukraine,E114,0,1.676388708042737,0.086,8.187780656356447,1.8623478220048648,-0.4746768152563957
Ukraine,E115,1,1.4948040913475502,0.086,8.187780656356447,1.530214156484845,-0.4746768152563957
Ukraine,E117,1,0.6117959580309251,0.086,8.187780656356447,-0.08488261404579671,-0.4746768152563957
Ukraine,E117B,1,0.25811800321842154,0.086,8.187780656356447,-0.7317895915387546,-0.4746768152563957
Ukraine,E124,1,0.29151825321343916,0.086,8.187780656356447,-0.6706977013664069,-0.4746768152563957
Ukraine,E224,1,0.6023733511588363,0.086,8.187780656356447,-0.10211736121842957,-0.4746768152563957
Ukraine,E225,1,0.3289238647673158,0.086,8.187780656356447,-0.6022796651774617,-0.4746768152563957
Ukraine,E226,1,0.23815548382184612,0.086,8.187780656356447,-0.7683027326895204,-0.4746768152563957
Ukraine,E227,1,1.032850613109998,0.086,8.187780656356447,0.6852620629696036,-0.4746768152563957
Ukraine,E229,1,0.8061775405824458,0.086,8.187780656356447,0.2706577874343145,-0.4746768152563957
Ukraine,E233,1,0.49415739268231723,0.086,8.187780656356447,-0.3000535278976921,-0.4746768152563957
Ukraine,E233A,0,0.772618250943193,0.086,8.187780656356447,0.20927500026328816,-0.4746768152563957
Ukraine,E233B,0,0.12176190874148551,0.086,8.187780656356447,-0.981196453743615,-0.4746768152563957
Ukraine,E235,1,0.38288047830285643,0.086,8.187780656356447,-0.5035884425465899,-0.4746768152563957
Ukraine,E236,1,0.7190562212422029,0.086,8.187780656356447,0.11130550493349164,-0.4746768152563957
Ukraine,E248B,1,0.6128800937382178,0.086,8.187780656356447,-0.08289963788329113,-0.4746768152563957
Ukraine,E254B,0,0.582062920163046,0.086,8.187780656356447,-0.13926686219321158,-0.4746768152563957
Ukraine,E258B,1,0.7089007799538092,0.086,8.187780656356447,0.09273034145612773,-0.4746768152563957
Ukraine,E259B,1,0.31579920739062783,0.086,8.187780656356447,-0.626285776722313,-0.4746768152563957
Ukraine,E260B,1,0.06577967333239615,0.086,8.187780656356447,-1.0835927105897396,-0.4746768152563957
Ukraine,E261B,0,0.2589638412572603,0.086,8.187780656356447,-0.7302424820237049,-0.4746768152563957
Ukraine,E262B,1,0.40748878972057456,0.086,8.187780656356447,-0.4585777537438885,-0.4746768152563957
Ukraine,E268,1,0.2989326726768668,0.086,8.187780656356447,-0.6571360992939971,-0.4746768152563957
Ukraine,E277,1,0.04335957273806003,0.086,8.187780656356447,-1.1246009761975269,-0.4746768152563957
Ukraine,E286,0,0.7747498508842189,0.086,8.187780656356447,0.21317387735276982,-0.4746768152563957
Ukraine,E287,1,1.415365558682419,0.086,8.187780656356447,1.3849143424488843,-0.4746768152563957
Ukraine,E289,0,2.244185445474418,0.086,8.187780656356447,2.9008962139650465,-0.4746768152563957
Ukraine,F028,1,1.0171277448347593,0.086,8.187780656356447,0.6565036033171023,-0.4746768152563957
Ukraine,F028B,1,1.1240417808329015,0.086,8.187780656356447,0.8520584433573793,-0.4746768152563957
Ukraine,F114A,1,0.18894383381246393,0.086,8.187780656356447,-0.8583150145742868,-0.4746768152563957
Ukraine,F114B,1,0.13115885861656076,0.086,8.187780656356447,-0.9640086353946867,-0.4746768152563957
Ukraine,F114C,1,0.8507469271368875,0.086,8.187780656356447,0.3521789757140139,-0.4746768152563957
Ukraine,F114D,1,1.299659942453585,0.086,8.187780656356447,1.1732789564853008,-0.4746768152563957
Ukraine,F116,1,1.125977430810099,0.086,8.187780656356447,0.855598911342999,-0.4746768152563957
Ukraine,F117,1,1.154760384849419,0.086,8.187780656356447,0.9082453755840805,-0.4746768152563957
Ukraine,F120,0,0.6345391967869635,0.086,8.187780656356447,-0.04328330133242959,-0.4746768152563957
Ukraine,F121,0,0.24215973316466982,0.086,8.187780656356447,-0.7609786210103872,-0.4746768152563957
Ukraine,F122,1,0.8587379791060755,0.086,8.187780656356447,0.3667952875480865,-0.4746768152563957
Ukraine,F123,1,2.6469684864028036,0.086,8.187780656356447,3.6376205589430572,-0.4746768152563957
Ukraine,F144_02,1,0.2580882177524459,0.086,8.187780656356447,-0.731844071682358,-0.4746768152563957
Ukraine,F202,1,1.0448808315181874,0.086,8.187780656356447,0.7072663528133054,-0.4746768152563957
Ukraine,F206,0,0.3443783997179783,0.086,8.187780656356447,-0.5740120099350182,-0.4746768152563957
Ukraine,G007_18_B,1,0.5382161505798232,0.086,8.187780656356447,-0.21946632274186215,-0.4746768152563957
Ukraine,G007_33_B,1,1.0271802258698703,0.086,8.187780656356447,0.6748904437583632,-0.4746768152563957
Ukraine,G007_34_B,1,0.3664161735145878,0.086,8.187780656356447,-0.5337030524683423,-0.4746768152563957
Ukraine,G007_35_B,1,0.3888166616785043,0.086,8.187780656356447,-0.4927306596592733,-0.4746768152563957
Ukraine,G007_36_B,1,1.1760454509608878,0.086,8.187780656356447,0.9471775668517202,-0.4746768152563957
Ukraine,G052,1,0.5050383198695269,0.086,8.187780656356447,-0.28015138917736865,-0.4746768152563957
Ukraine,G058,1,0.6409919428468699,0.086,8.187780656356447,-0.03148068148195967,-0.4746768152563957
Ukraine,G062,1,0.5034281761005177,0.086,8.187780656356447,-0.28309647869953297,-0.4746768152563957
Ukraine,G063,1,0.19158408911321956,0.086,8.187780656356447,-0.8534857636888958,-0.4746768152563957
Ukraine,H001,0,0.058450253584514056,0.086,8.187780656356447,-1.0969988409729388,-0.4746768152563957
Ukraine,H006_01,1,0.3523878384643218,0.086,8.187780656356447,-0.5593620671260046,-0.4746768152563957
Ukraine,H006_02,1,0.1722099088953611,0.086,8.187780656356447,-0.8889227825802286,-0.4746768152563957
Ukraine,H008_01,0,0.11573360084442717,0.086,8.187780656356447,-0.9922227401943786,-0.4746768152563957
Ukraine,H008_02,0,0.18230072572001088,0.086,8.187780656356447,-0.870465822728349,-0.4746768152563957
Ukraine,H008_03,0,0.14980539079913402,0.086,8.187780656356447,-0.9299025464773031,-0.4746768152563957
Ukraine,H008_04,0,1.5764320069195736,0.086,8.187780656356447,1.6795185375558734,-0.4746768152563957
Ukraine,H008_07,1,0.47331471606393655,0.086,8.187780656356447,-0.33817655126002666,-0.4746768152563957
Ukraine,H008_08,1,0.22556666474411946,0.086,8.187780656356447,-0.7913287505370143,-0.4746768152563957
Ukraine,H008_09,0,0.2934146569546102,0.086,8.187780656356447,-0.6672290180752538,-0.4746768152563957
United Kingdom,A001,1,0.8772010776016638,0.046,10.66197089696958,0.40056586069355615,-1.3496571198764789
United Kingdom,A002,1,0.549039990138433,0.046,10.66197089696958,-0.19966860213628762,-1.3496571198764789
United Kingdom,A003,1,0.27551995525925604,0.046,10.66197089696958,-0.6999599452630019,-1.3496571198764789
United Kingdom,A004,1,0.8332131449028464,0.046,10.66197089696958,0.3201082008333561,-1.3496571198764789
United Kingdom,A005,1,1.0976662963141828,0.046,10.66197089696958,0.8038154450654388,-1.3496571198764789
United Kingdom,A006,1,0.21524538348648625,0.046,10.66197089696958,-0.8102072493842775,-1.3496571198764789
United Kingdom,A008,1,0.5364516406836728,0.046,10.66197089696958,-0.22269376100354346,-1.3496571198764789
United Kingdom,A009,1,0.32849985451135105,0.046,10.66197089696958,-0.6030552158991842,-1.3496571198764789
United Kingdom,A062,1,0.5446410857246257,0.046,10.66197089696958,-0.20771457141397442,-1.3496571198764789
United Kingdom,A165,1,0.1349792319369832,0.046,10.66197089696958,-0.9570208485564614,-1.3496571198764789
United Kingdom,A170,1,0.6700552727643861,0.046,10.66197089696958,0.021678614021171917,-1.3496571198764789
United Kingdom,A173,1,0.3150659388965527,0.046,10.66197089696958,-0.6276269869921033,-1.3496571198764789
United Kingdom,B008,1,0.1975383117076375,0.046,10.66197089696958,-0.8425949855404044,-1.3496571198764789
United Kingdom,C001_01,1,0.7217825831218526,0.046,10.66197089696958,0.11629225205503957,-1.3496571198764789
United Kingdom,C002_01,1,1.1128230342193057,0.046,10.66197089696958,0.8315384042531383,-1.3496571198764789
United Kingdom,C006,1,0.07084786489431823,0.046,10.66197089696958,-1.074322558350773,-1.3496571198764789
United Kingdom,C038,1,0.23311603015816915,0.046,10.66197089696958,-0.7775203208751154,-1.3496571198764789
United Kingdom,C039,1,1.0499084704532227,0.046,10.66197089696958,0.7164623308581167,-1.3496571198764789
United Kingdom,C041,1,0.3016944410339116,0.046,10.66197089696958,-0.6520845907221985,-1.3496571198764789
United Kingdom,D001_B,1,0.4626345310490102,0.046,10.66197089696958,-0.3577115155207602,-1.3496571198764789
United Kingdom,D026_03,1,0.32115881464972695,0.046,10.66197089696958,-0.6164826004560083,-1.3496571198764789
United Kingdom,D026_05,1,1.248287496149229,0.046,10.66197089696958,1.0793143949033148,-1.3496571198764789
United Kingdom,D054,1,0.5806894046516723,0.046,10.66197089696958,-0.1417791385619026,-1.3496571198764789
United Kingdom,D057,1,0.1499494993000602,0.046,10.66197089696958,-0.9296389598061615,-1.3496571198764789
United Kingdom,D059,1,0.07103597168843509,0.046,10.66197089696958,-1.0739784950695528,-1.3496571198764789
United Kingdom,D060,1,0.13880533040407883,0.046,10.66197089696958,-0.9500225899393775,-1.3496571198764789
United Kingdom,D061,1,0.5887367371096508,0.046,10.66197089696958,-0.12705988494025222,-1.3496571198764789
United Kingdom,D066_01,1,0.12465969851024328,0.046,10.66197089696958,-0.9758961504727738,-1.3496571198764789
United Kingdom,D078,1,0.03258205630617365,0.046,10.66197089696958,-1.1443139678753045,-1.3496571198764789
United Kingdom,E015,1,0.21158439145759492,0.046,10.66197089696958,-0.8169035143219422,-1.3496571198764789
United Kingdom,E016,1,0.513785187543132,0.046,10.66197089696958,-0.26415262631338843,-1.3496571198764789
United Kingdom,E018,0,0.6416804485624827,0.046,10.66197089696958,-0.030221346130651566,-1.3496571198764789
United Kingdom,E023,1,0.015234491804136843,0.046,10.66197089696958,-1.1760441347295718,-1.3496571198764789
United Kingdom,E025,1,1.4510749505030893,0.046,10.66197089696958,1.4502298488763856,-1.3496571198764789
United Kingdom,E026,1,0.17263001891313098,0.046,10.66197089696958,-0.8881543657249737,-1.3496571198764789
United Kingdom,E027,1,0.6222743284014516,0.046,10.66197089696958,-0.06571678588711896,-1.3496571198764789
United Kingdom,E028,1,0.29134244487464894,0.046,10.66197089696958,-0.6710192697297083,-1.3496571198764789
United Kingdom,E034,1,0.04605040550808218,0.046,10.66197089696958,-1.1196792148309842,-1.3496571198764789
United Kingdom,E035,1,0.017983484011682725,0.046,10.66197089696958,-1.17101599481885,-1.3496571198764789
United Kingdom,E036,1,0.2569135755327706,0.046,10.66197089696958,-0.7339925919325629,-1.3496571198764789
United Kingdom,E037,1,0.01958031266510253,0.046,10.66197089696958,-1.1680952597724557,-1.3496571198764789
United Kingdom,E039,1,0.3804641736870509,0.046,10.66197089696958,-0.5080080686342314,-1.3496571198764789
United Kingdom,E040,1,0.18559294596714684,0.046,10.66197089696958,-0.8644440726578793,-1.3496571198764789
United Kingdom,E069_01,1,0.5178241925830269,0.046,10.66197089696958,-0.2567649435164145,-1.3496571198764789
United Kingdom,E069_04,1,2.3758219962191407,0.046,10.66197089696958,3.1416706303829742,-1.3496571198764789
United Kingdom,E069_05,1,0.034925995904025155,0.046,10.66197089696958,-1.1400267035433334,-1.3496571198764789
United Kingdom,E069_07,0,1.4172757867753787,0.046,10.66197089696958,1.388408311652008,-1.3496571198764789
United Kingdom,E069_08,1,0.5065876820863368,0.046,10.66197089696958,-0.27731747426952646,-1.3496571198764789
United Kingdom,E069_10,1,0.627660249006523,0.046,10.66197089696958,-0.055865480279194246,-1.3496571198764789
United Kingdom,E069_12,1,0.05141887717661279,0.046,10.66197089696958,-1.1098598248079705,-1.3496571198764789
United Kingdom,E069_13,1,0.06071239151381044,0.046,10.66197089696958,-1.092861198830982,-1.3496571198764789
United Kingdom,E069_14,1,0.04475546309311967,0.046,10.66197089696958,-1.1220477743419521,-1.3496571198764789
United Kingdom,E069_15,1,0.3321015118911972,0.046,10.66197089696958,-0.5964674790672501,-1.3496571198764789
United Kingdom,E069_40,1,0.6248450161520461,0.046,10.66197089696958,-0.06101477995153019,-1.3496571198764789
United Kingdom,E069_41,1,0.90421886201154,0.046,10.66197089696958,0.4499836799648055,-1.3496571198764789
United Kingdom,E069_54,1,0.2748718878112757,0.046,10.66197089696958,-0.7011453155929304,-1.3496571198764789
United Kingdom,E114,1,0.19008239496196455,0.046,10.66197089696958,-0.8562324896617437,-1.3496571198764789
United Kingdom,E115,1,0.1126391359155814,0.046,10.66197089696958,-0.99788277901455,-1.3496571198764789
United Kingdom,E117,1,0.3529999691842783,0.046,10.66197089696958,-0.5582424281197014,-1.3496571198764789
United Kingdom,E117B,1,0.9232679453496,0.046,10.66197089696958,0.48482606908902637,-1.3496571198764789
United Kingdom,E124,1,0.7940015022462734,0.046,10.66197089696958,0.248386780574225,-1.3496571198764789
United Kingdom,E224,1,0.2913903085756797,0.046,10.66197089696958,-0.6709317229608353,-1.3496571198764789
United Kingdom,E225,1,0.37376852913539177,0.046,10.66197089696958,-0.5202549704282017,-1.3496571198764789
United Kingdom,E226,1,0.563165797567827,0.046,10.66197089696958,-0.17383130222981963,-1.3496571198764789
United Kingdom,E227,1,0.08873631195991324,0.046,10.66197089696958,-1.0416030714113576,-1.3496571198764789
United Kingdom,E229,1,0.69543715628383,0.046,10.66197089696958,0.06810423181051464,-1.3496571198764789
United Kingdom,E233,1,0.45659689519471874,0.046,10.66197089696958,-0.3687548635964789,-1.3496571198764789
United Kingdom,E233A,1,0.4210989663683948,0.046,10.66197089696958,-0.43368358627152176,-1.3496571198764789
United Kingdom,E233B,0,0.5308803783052636,0.046,10.66197089696958,-0.2328840724351609,-1.3496571198764789
United Kingdom,E235,1,0.6686873649212054,0.046,10.66197089696958,0.01917659455323508,-1.3496571198764789
United Kingdom,E236,1,0.28061618764078267,0.046,10.66197089696958,-0.6906385039866213,-1.3496571198764789
United Kingdom,E248B,1,0.3560721139988305,0.046,10.66197089696958,-0.552623214681713,-1.3496571198764789
United Kingdom,E254B,1,0.14515726481837957,0.046,10.66197089696958,-0.9384043631393295,-1.3496571198764789
United Kingdom,E258B,1,0.40611996061582456,0.046,10.66197089696958,-0.46108145827737473,-1.3496571198764789
United Kingdom,E259B,1,0.16683963643796573,0.046,10.66197089696958,-0.8987454663988146,-1.3496571198764789
United Kingdom,E260B,1,0.7346141586049836,0.046,10.66197089696958,0.13976229195805115,-1.3496571198764789
United Kingdom,E261B,1,0.40008929587917674,0.046,10.66197089696958,-0.4721120555876493,-1.3496571198764789
United Kingdom,E262B,1,0.010545902436028284,0.046,10.66197089696958,-1.1846199623590792,-1.3496571198764789
United Kingdom,E268,0,0.8526267537160447,0.046,10.66197089696958,0.35561733796980727,-1.3496571198764789
United Kingdom,E277,1,0.057601004091702636,0.046,10.66197089696958,-1.098552190326656,-1.3496571198764789
United Kingdom,E286,1,0.590780226838572,0.046,10.66197089696958,-0.12332216890201303,-1.3496571198764789
United Kingdom,E287,1,0.8040323289169121,0.046,10.66197089696958,0.2667340133461931,-1.3496571198764789
United Kingdom,E289,1,0.088214875498938,0.046,10.66197089696958,-1.0425568229255082,-1.3496571198764789
United Kingdom,F028,1,0.24120848058288397,0.046,10.66197089696958,-0.7627185426655033,-1.3496571198764789
United Kingdom,F028B,1,0.9724488243591282,0.046,10.66197089696958,0.5747820682051351,-1.3496571198764789
United Kingdom,F114A,1,0.43701701863014647,0.046,10.66197089696958,-0.4045681185526367,-1.3496571198764789
United Kingdom,F114B,1,0.395822302985162,0.046,10.66197089696958,-0.4799167475072074,-1.3496571198764789
United Kingdom,F114C,0,0.9835158078127828,0.046,10.66197089696958,0.5950245196176459,-1.3496571198764789
United Kingdom,F114D,1,0.04859776562494357,0.046,10.66197089696958,-1.1150198771160889,-1.3496571198764789
United Kingdom,F116,1,0.5044893752918232,0.046,10.66197089696958,-0.2811554553701898,-1.3496571198764789
United Kingdom,F117,1,0.007592308492424952,0.046,10.66197089696958,-1.1900223361988929,-1.3496571198764789
United Kingdom,F120,1,0.5453205173974941,0.046,10.66197089696958,-0.20647183325648505,-1.3496571198764789
United Kingdom,F121,1,0.4388660993052243,0.046,10.66197089696958,-0.4011859931632005,-1.3496571198764789
United Kingdom,F122,1,0.11015507191903488,0.046,10.66197089696958,-1.00242634275676,-1.3496571198764789
United Kingdom,F123,1,0.9230297233855765,0.046,10.66197089696958,0.48439034091139493,-1.3496571198764789
United Kingdom,F144_02,1,0.5089644390938713,0.046,10.66197089696958,-0.27297018411174856,-1.3496571198764789
United Kingdom,F202,1,0.2763186748099067,0.046,10.66197089696958,-0.6984990194593287,-1.3496571198764789
United Kingdom,F206,1,0.21134618277286532,0.046,10.66197089696958,-0.8173392182106187,-1.3496571198764789
United Kingdom,G007_18_B,1,0.7051329368427908,0.046,10.66197089696958,0.0858386368263926,-1.3496571198764789
United Kingdom,G007_33_B,1,1.2323342017663899,0.046,10.66197089696958,1.0501344663558063,-1.3496571198764789
United Kingdom,G007_34_B,1,0.20170954360865587,0.046,10.66197089696958,-0.8349654485992609,-1.3496571198764789
United Kingdom,G007_35_B,0,0.066477761734947,0.046,10.66197089696958,-1.082315847691241,-1.3496571198764789
United Kingdom,G007_36_B,0,1.8774625488437464,0.046,10.66197089696958,2.230128931445058,-1.3496571198764789
United Kingdom,G052,1,1.830640293618736,0.046,10.66197089696958,2.144487055283811,-1.3496571198764789
United Kingdom,G058,1,0.32241060068112426,0.046,10.66197089696958,-0.6141929776310052,-1.3496571198764789
United Kingdom,G062,1,1.0837351114124358,0.046,10.66197089696958,0.7783341262694672,-1.3496571198764789
United Kingdom,G063,1,0.01875521697267116,0.046,10.66197089696958,-1.1696044297766088,-1.3496571198764789
United Kingdom,H001,1,0.6044676817695857,0.046,10.66197089696958,-0.09828665289512144,-1.3496571198764789
United Kingdom,H006_01,1,0.7287093758510207,0.046,10.66197089696958,0.1289619434711241,-1.3496571198764789
United Kingdom,H006_02,1,0.13554194701018993,0.046,10.66197089696958,-0.9559915949593837,-1.3496571198764789
United Kingdom,H008_01,1,0.24823575017916236,0.046,10.66197089696958,-0.74986507053726,-1.3496571198764789
United Kingdom,H008_02,1,0.43377124879757534,0.046,10.66197089696958,-0.4105049068750515,-1.3496571198764789
United Kingdom,H008_03,0,0.22510866598168858,0.046,10.66197089696958,-0.7921664691198895,-1.3496571198764789
United Kingdom,H008_04,0,0.4579426022392294,0.046,10.66197089696958,-0.36629345127232976,-1.3496571198764789
United Kingdom,H008_07,1,0.4509332733653999,0.046,10.66197089696958,-0.37911410829752373,-1.3496571198764789
United Kingdom,H008_08,1,0.44736992462722325,0.046,10.66197089696958,-0.38563177537459453,-1.3496571198764789
United Kingdom,H008_09,1,1.5058865068281853,0.046,10.66197089696958,1.5504848343836115,-1.3496571198764789
United States,A001,1,0.8575929441734848,0.0,11.071721421678935,0.3647009215371802,-2.3558844701895745
United States,A002,1,0.028021103800712217,0.0,11.071721421678935,-1.1526563368571687,-2.3558844701895745
United States,A003,1,0.06652975181084972,0.0,11.071721421678935,-1.0822207534327375,-2.3558844701895745
United States,A004,1,0.05928730278091164,0.0,11.071721421678935,-1.0954678069961632,-2.3558844701895745
United States,A005,1,0.4504669651853622,0.0,11.071721421678935,-0.37996702550998707,-2.3558844701895745
United States,A006,1,0.15299176657210178,0.0,11.071721421678935,-0.9240743949275687,-2.3558844701895745
United States,A008,1,0.23043966775811978,0.0,11.071721421678935,-0.7824156147076349,-2.3558844701895745
United States,A009,1,0.436057378015138,0.0,11.071721421678935,-0.4063233826319705,-2.3558844701895745
United States,A062,1,3.2094716084094146,0.0,11.071721421678935,4.666486479298647,-2.3558844701895745
United States,A165,1,0.3288541531035373,0.0,11.071721421678935,-0.6024071737232937,-2.3558844701895745
United States,A170,1,0.4307038579057356,0.0,11.071721421678935,-0.416115424985182,-2.3558844701895745
United States,A173,1,0.647331238315672,0.0,11.071721421678935,-0.019885572385234668,-2.3558844701895745
United States,B008,1,0.6678308412813282,0.0,11.071721421678935,0.017609940167558225,-2.3558844701895745
United States,C001_01,0,0.2256021362544875,0.0,11.071721421678935,-0.7912638701359404,-2.3558844701895745
United States,C002_01,1,1.7303481395218239,0.0,11.071721421678935,1.9610441988934935,-2.3558844701895745
United States,C006,1,0.773830552050132,0.0,11.071721421678935,0.21149240181243753,-2.3558844701895745
United States,C038,1,0.434117933344763,0.0,11.071721421678935,-0.40987079143326893,-2.3558844701895745
United States,C039,1,0.9620974837447159,0.0,11.071721421678935,0.5558485882447585,-2.3558844701895745
United States,C041,1,0.12561909577885172,0.0,11.071721421678935,-0.9741413314946457,-2.3558844701895745
United States,D001_B,1,2.0126022289389147,0.0,11.071721421678935,2.477310868572229,-2.3558844701895745
United States,D026_03,1,1.205957595884825,0.0,11.071721421678935,1.0018894169961088,-2.3558844701895745
United States,D026_05,1,0.8046764086701739,0.0,11.071721421678935,0.26791208984425435,-2.3558844701895745
United States,D054,1,0.6532879180149674,0.0,11.071721421678935,-0.008990299983516213,-2.3558844701895745
United States,D057,1,0.6612770721277967,0.0,11.071721421678935,0.0056225405103044745,-2.3558844701895745
United States,D059,1,0.804728969016823,0.0,11.071721421678935,0.2680082271763219,-2.3558844701895745
United States,D060,1,0.7067977073007178,0.0,11.071721421678935,0.08888364319589634,-2.3558844701895745
United States,D061,1,0.6699887848285033,0.0,11.071721421678935,0.02155700194709028,-2.3558844701895745
United States,D066_01,0,0.030542568975157062,0.0,11.071721421678935,-1.148044363188302,-2.3558844701895745
United States,D078,1,0.4628375920654026,0.0,11.071721421678935,-0.35734009969861574,-2.3558844701895745
United States,E015,1,0.1882254895255898,0.0,11.071721421678935,-0.85962892720327,-2.3558844701895745
United States,E016,1,0.05570838039796758,0.0,11.071721421678935,-1.102013959590434,-2.3558844701895745
United States,E018,1,0.7583649070392339,0.0,11.071721421678935,0.18320442532749373,-2.3558844701895745
United States,E023,1,0.22062200171362203,0.0,11.071721421678935,-0.800372958614603,-2.3558844701895745
United States,E025,1,0.14647842471484018,0.0,11.071721421678935,-0.9359878496309958,-2.3558844701895745
United States,E026,1,0.7403894800599194,0.0,11.071721421678935,0.15032584474845176,-2.3558844701895745
United States,E027,0,0.38489572682519985,0.0,11.071721421678935,-0.4999023820705349,-2.3558844701895745
United States,E028,1,0.45898398261008616,0.0,11.071721421678935,-0.3643886782465736,-2.3558844701895745
United States,E034,1,0.22455055138934205,0.0,11.071721421678935,-0.7931873080472719,-2.3558844701895745
United States,E035,1,1.4547998758243657,0.0,11.071721421678935,1.4570430532284955,-2.3558844701895745
United States,E036,1,1.678476599098776,0.0,11.071721421678935,1.866166751836419,-2.3558844701895745
United States,E037,1,0.4106033651371593,0.0,11.071721421678935,-0.4528809311359178,-2.3558844701895745
United States,E039,1,0.05105633590628413,0.0,11.071721421678935,-1.1105229435413084,-2.3558844701895745
United States,E040,1,0.5412253639473991,0.0,11.071721421678935,-0.21396221625809242,-2.3558844701895745
United States,E069_01,1,0.6110021200298893,0.0,11.071721421678935,-0.08633461108118272,-2.3558844701895745
United States,E069_04,1,0.09217367696070601,0.0,11.071721421678935,-1.0353158392756092,-2.3558844701895745
United States,E069_05,1,0.6568230227959687,0.0,11.071721421678935,-0.002524293499705843,-2.3558844701895745
United States,E069_07,1,0.9706474844800066,0.0,11.071721421678935,0.5714872647807661,-2.3558844701895745
United States,E069_08,1,0.475955324198893,0.0,11.071721421678935,-0.3333466550109557,-2.3558844701895745
United States,E069_10,1,0.22420855795647537,0.0,11.071721421678935,-0.793812843043072,-2.3558844701895745
United States,E069_12,1,0.34350604285816316,0.0,11.071721421678935,-0.5756076246228984,-2.3558844701895745
United States,E069_13,1,0.4037766918024353,0.0,11.071721421678935,-0.4653674956876701,-2.3558844701895745
United States,E069_14,1,0.7036194992706124,0.0,11.071721421678935,0.08307043114062625,-2.3558844701895745
United States,E069_15,1,0.6584810646482441,0.0,11.071721421678935,0.0005084056793563608,-2.3558844701895745
United States,E069_40,1,0.5126784949794992,0.0,11.071721421678935,-0.26617686087935993,-2.3558844701895745
United States,E069_41,1,0.1264282176130862,0.0,11.071721421678935,-0.9726613790320003,-2.3558844701895745
United States,E069_54,1,1.2673841246082975,0.0,11.071721421678935,1.114243748086527,-2.3558844701895745
United States,E114,1,0.4567182365634315,0.0,11.071721421678935,-0.3685329199412108,-2.3558844701895745
United States,E115,1,0.1600592453271011,0.0,11.071721421678935,-0.9111473768375775,-2.3558844701895745
United States,E117,1,0.8309495447665307,0.0,11.071721421678935,0.31596788419074007,-2.3558844701895745
United States,E117B,1,0.5550691216874125,0.0,11.071721421678935,-0.18864080915629974,-2.3558844701895745
United States,E124,1,0.7893964720954332,0.0,11.071721421678935,0.2399637898403997,-2.3558844701895745
United States,E224,1,0.08019859358833162,0.0,11.071721421678935,-1.0572192824623798,-2.3558844701895745
United States,E225,1,0.06154499654665245,0.0,11.071721421678935,-1.091338293606293,-2.3558844701895745
United States,E226,1,0.1543275046850364,0.0,11.071721421678935,-0.9216312166248137,-2.3558844701895745
United States,E227,1,0.9378295199965337,0.0,11.071721421678935,0.5114604241971354,-2.3558844701895745
United States,E229,1,0.7637082815470269,0.0,11.071721421678935,0.19297791051483534,-2.3558844701895745
United States,E233,1,0.10667551200144793,0.0,11.071721421678935,-1.0087907529741995,-2.3558844701895745
United States,E233A,1,1.0903192024253976,0.0,11.071721421678935,0.7903769871794485,-2.3558844701895745
United States,E233B,1,0.5982042071298775,0.0,11.071721421678935,-0.10974307926448733,-2.3558844701895745
United States,E235,1,1.7980988206785078,0.0,11.071721421678935,2.084965941184145,-2.3558844701895745
United States,E236,1,0.15597837412384333,0.0,11.071721421678935,-0.9186116363983328,-2.3558844701895745
United States,E248B,1,0.4351968692241848,0.0,11.071721421678935,-0.4078973261969765,-2.3558844701895745
United States,E254B,1,0.9265267093086881,0.0,11.071721421678935,0.49078662477097224,-2.3558844701895745
United States,E258B,1,0.6191621930037492,0.0,11.071721421678935,-0.0714091454935971,-2.3558844701895745
United States,E259B,1,0.11927154620323704,0.0,11.071721421678935,-0.9857515380528251,-2.3558844701895745
United States,E260B,1,0.022810709878993616,0.0,11.071721421678935,-1.1621865892734764,-2.3558844701895745
United States,E261B,1,0.7006779054765052,0.0,11.071721421678935,0.07769000659206558,-2.3558844701895745
United States,E262B,1,0.6536554128031565,0.0,11.071721421678935,-0.008318120845865827,-2.3558844701895745
United States,E268,0,0.1958405813176435,0.0,11.071721421678935,-0.8457002784212433,-2.3558844701895745
United States,E277,1,0.30573459336734593,0.0,11.071721421678935,-0.6446948094280303,-2.3558844701895745
United States,E286,1,0.9597755384656407,0.0,11.071721421678935,0.551601553387336,-2.3558844701895745
United States,E287,1,0.36017870946937547,0.0,11.071721421678935,-0.5451119032542172,-2.3558844701895745
United States,E289,1,1.182955240036838,0.0,11.071721421678935,0.9598161571438589,-2.3558844701895745
United States,F028,1,0.39055876085997016,0.0,11.071721421678935,-0.4895442124955747,-2.3558844701895745
United States,F028B,1,0.6144743140588107,0.0,11.071721421678935,-0.07998367369886998,-2.3558844701895745
United States,F114A,1,0.008550149848237779,0.0,11.071721421678935,-1.188270363117237,-2.3558844701895745
United States,F114B,1,1.4370662341811227,0.0,11.071721421678935,1.4246067185367977,-2.3558844701895745
United States,F114C,1,1.0058152236516942,0.0,11.071721421678935,0.6358120425715611,-2.3558844701895745
United States,F114D,1,1.1055715697741164,0.0,11.071721421678935,0.8182748607305517,-2.3558844701895745
United States,F116,1,0.7378918242199134,0.0,11.071721421678935,0.14575742037172598,-2.3558844701895745
United States,F117,1,0.09295586876821853,0.0,11.071721421678935,-1.0338851441159804,-2.3558844701895745
United States,F120,1,0.05281378792861951,0.0,11.071721421678935,-1.1073084147294672,-2.3558844701895745
United States,F121,1,0.2496674315341059,0.0,11.071721421678935,-0.7472464039071883,-2.3558844701895745
United States,F122,1,0.16240773525516766,0.0,11.071721421678935,-0.9068517895656947,-2.3558844701895745
United States,F123,1,0.7425622171091856,0.0,11.071721421678935,0.15429996509805863,-2.3558844701895745
United States,F144_02,1,1.558851324690362,0.0,11.071721421678935,1.6473619786061002,-2.3558844701895745
United States,F202,1,0.6318753835464037,0.0,11.071721421678935,-0.04815564168785202,-2.3558844701895745
United States,F206,1,0.14975834261386542,0.0,11.071721421678935,-0.9299886015986769,-2.3558844701895745
United States,G007_18_B,1,1.2417176709759783,0.0,11.071721421678935,1.0672976274241606,-2.3558844701895745
United States,G007_33_B,1,0.841084671669885,0.0,11.071721421678935,0.33450589093484795,-2.3558844701895745
United States,G007_34_B,1,0.36765442612643057,0.0,11.071721421678935,-0.5314381834155775,-2.3558844701895745
United States,G007_35_B,1,0.4590815029241801,0.0,11.071721421678935,-0.3642103053206498,-2.3558844701895745
United States,G007_36_B,0,1.7679939385885666,0.0,11.071721421678935,2.029901558415617,-2.3558844701895745
United States,G052,1,1.4556213166310865,0.0,11.071721421678935,1.4585455381366852,-2.3558844701895745
United States,G058,1,0.5298729653549935,0.0,11.071721421678935,-0.2347267161676264,-2.3558844701895745
United States,G062,1,0.25842228861514216,0.0,11.071721421678935,-0.7312330277393735,-2.3558844701895745
United States,G063,1,0.09953160012107418,0.0,11.071721421678935,-1.02185757373338,-2.3558844701895745
United States,H001,1,1.1827581847124422,0.0,11.071721421678935,0.9594557262417651,-2.3558844701895745
United States,H006_01,1,0.8572121150257993,0.0,11.071721421678935,0.36400435272502163,-2.3558844701895745
United States,H006_02,1,0.7360192792273399,0.0,11.071721421678935,0.14233237675540142,-2.3558844701895745
United States,H008_01,1,0.3999700265130771,0.0,11.071721421678935,-0.4723302093743955,-2.3558844701895745
United States,H008_02,1,0.2839943800229008,0.0,11.071721421678935,-0.6844595035893126,-2.3558844701895745
United States,H008_03,1,0.35801040360076397,0.0,11.071721421678935,-0.5490779185985644,-2.3558844701895745
United States,H008_04,1,0.25191819305420765,0.0,11.071721421678935,-0.743129570182569,-2.3558844701895745
United States,H008_07,1,0.44872237296030887,0.0,11.071721421678935,-0.3831580326618614,-2.3558844701895745
United States,H008_08,1,0.8723999684966904,0.0,11.071721421678935,0.39178422492166093,-2.3558844701895745
United States,H008_09,1,0.6166410693001918,0.0,11.071721421678935,-0.07602049458324782,-2.3558844701895745
Uruguay,A001,1,0.19497841405868527,0.084,9.780050582221856,-0.847277255464898,-0.5184258304873997
Uruguay,A002,1,0.7503654616361694,0.084,9.780050582221856,0.16857276119094952,-0.5184258304873997
Uruguay,A003,1,0.32779421296631206,0.084,9.780050582221856,-0.6043458941359339,-0.5184258304873997
Uruguay,A004,1,0.06930950272845583,0.084,9.780050582221856,-1.0771363532324334,-0.5184258304873997
Uruguay,A005,1,0.6279388733752861,0.084,9.780050582221856,-0.05535585267645605,-0.5184258304873997
Uruguay,A006,1,0.9532976202053328,0.084,9.780050582221856,0.5397528914472844,-0.5184258304873997
Uruguay,A008,1,0.2551754416514008,0.084,9.780050582221856,-0.7371717862260584,-0.5184258304873997
Uruguay,A009,1,0.22384355911681092,0.084,9.780050582221856,-0.7944804568791702,-0.5184258304873997
Uruguay,A062,1,1.5864720877447385,0.084,9.780050582221856,1.6978826969613858,-0.5184258304873997
Uruguay,A165,1,0.7954370835823407,0.084,9.780050582221856,0.2510125806005594,-0.5184258304873997
Uruguay,A170,1,1.090089263197536,0.084,9.780050582221856,0.7899564088287797,-0.5184258304873997
Uruguay,A173,1,0.7383462439656411,0.084,9.780050582221856,0.14658859262948704,-0.5184258304873997
Uruguay,B008,1,0.224803898107262,0.084,9.780050582221856,-0.7927239154119174,-0.5184258304873997
Uruguay,C001_01,1,0.5755216558745103,0.084,9.780050582221856,-0.15123138939175443,-0.5184258304873997
Uruguay,C002_01,1,0.07732553759508227,0.084,9.780050582221856,-1.0624743455599548,-0.5184258304873997
Uruguay,C006,1,0.818236162344757,0.084,9.780050582221856,0.2927140294218113,-0.5184258304873997
Uruguay,C038,1,0.6399237457203396,0.084,9.780050582221856,-0.03343450462837744,-0.5184258304873997
Uruguay,C039,1,0.4523767755066746,0.084,9.780050582221856,-0.37647382044664063,-0.5184258304873997
Uruguay,C041,1,0.045601485233876915,0.084,9.780050582221856,-1.1205003280888781,-0.5184258304873997
Uruguay,D001_B,1,1.5710367648004384,0.084,9.780050582221856,1.669650182108097,-0.5184258304873997
Uruguay,D026_03,1,1.0278937155456154,0.084,9.780050582221856,0.6761954768918343,-0.5184258304873997
Uruguay,D026_05,1,1.436287028483641,0.084,9.780050582221856,1.4231814852256903,-0.5184258304873997
Uruguay,D054,1,0.11072841403682138,0.084,9.780050582221856,-1.0013776513937844,-0.5184258304873997
Uruguay,D057,1,0.04015854146571691,0.084,9.780050582221856,-1.130455933898664,-0.5184258304873997
Uruguay,D059,0,0.45978471389685843,0.084,9.780050582221856,-0.36292407280690325,-0.5184258304873997
Uruguay,D060,1,0.7177471909307176,0.084,9.780050582221856,0.10891117746488094,-0.5184258304873997
Uruguay,D061,1,0.173461083062072,0.084,9.780050582221856,-0.886634278907634,-0.5184258304873997
Uruguay,D066_01,1,0.05680745281489064,0.084,9.780050582221856,-1.1000036629191174,-0.5184258304873997
Uruguay,D078,1,0.7262502606420864,0.084,9.780050582221856,0.12446401317755527,-0.5184258304873997
Uruguay,E015,1,0.1521716050027664,0.084,9.780050582221856,-0.9255745400020785,-0.5184258304873997
Uruguay,E016,1,0.5592034967167359,0.084,9.780050582221856,-0.18107868655960072,-0.5184258304873997
Uruguay,E018,0,0.9289691800976707,0.084,9.780050582221856,0.49525411100870853,-0.5184258304873997
Uruguay,E023,1,0.0635339401732608,0.084,9.780050582221856,-1.0877003470156577,-0.5184258304873997
Uruguay,E025,1,0.0676143897278511,0.084,9.780050582221856,-1.0802368586860787,-0.5184258304873997
Uruguay,E026,0,3.03354458446719,0.084,9.780050582221856,4.344701030787644,-0.5184258304873997
Uruguay,E027,1,0.917264579900703,0.084,9.780050582221856,0.4738454044915101,-0.5184258304873997
Uruguay,E028,0,0.5001865824785334,0.084,9.780050582221856,-0.289025628378568,-0.5184258304873997
Uruguay,E034,1,0.15253641086972342,0.084,9.780050582221856,-0.9249072791294295,-0.5184258304873997
Uruguay,E035,1,0.4456602146697103,0.084,9.780050582221856,-0.38875897990050473,-0.5184258304873997
Uruguay,E036,1,0.2937012091867059,0.084,9.780050582221856,-0.6667048897380575,-0.5184258304873997
Uruguay,E037,1,0.03595961869414811,0.084,9.780050582221856,-1.1381361197907192,-0.5184258304873997
Uruguay,E039,1,0.016640606381298016,0.084,9.780050582221856,-1.1734722319045785,-0.5184258304873997
Uruguay,E040,1,1.3563198328911932,0.084,9.780050582221856,1.2769147018557085,-0.5184258304873997
Uruguay,E069_01,1,0.28045956687291235,0.084,9.780050582221856,-0.6909249766552651,-0.5184258304873997
Uruguay,E069_04,1,0.22453502116458438,0.084,9.780050582221856,-0.7932157141455912,-0.5184258304873997
Uruguay,E069_05,1,1.5786995610119372,0.084,9.780050582221856,1.6836660863194663,-0.5184258304873997
Uruguay,E069_07,1,0.5263480334159116,0.084,9.780050582221856,-0.2411741156607294,-0.5184258304873997
Uruguay,E069_08,1,0.31057052146181663,0.084,9.780050582221856,-0.6358494867710787,-0.5184258304873997
Uruguay,E069_10,1,0.952168850576658,0.084,9.780050582221856,0.5376882760568257,-0.5184258304873997
Uruguay,E069_12,1,0.9015282184128065,0.084,9.780050582221856,0.44506226460859477,-0.5184258304873997
Uruguay,E069_13,1,0.5817122622831002,0.084,9.780050582221856,-0.13990824519761744,-0.5184258304873997
Uruguay,E069_14,1,0.43557557724220586,0.084,9.780050582221856,-0.40720463711088345,-0.5184258304873997
Uruguay,E069_15,1,0.747651801348043,0.084,9.780050582221856,0.16360924635761723,-0.5184258304873997
Uruguay,E069_40,1,0.5669813766189167,0.084,9.780050582221856,-0.1668522845168429,-0.5184258304873997
Uruguay,E069_41,1,0.26760717484022395,0.084,9.780050582221856,-0.7144330917930285,-0.5184258304873997
Uruguay,E069_54,1,1.9041103779071036,0.084,9.780050582221856,2.2788700710087726,-0.5184258304873997
Uruguay,E114,0,0.7550144834115545,0.084,9.780050582221856,0.1770762163373347,-0.5184258304873997
Uruguay,E115,1,0.0712298196988702,0.084,9.780050582221856,-1.07362393061673,-0.5184258304873997
Uruguay,E117,1,0.33524632580979824,0.084,9.780050582221856,-0.5907153476743321,-0.5184258304873997
Uruguay,E117B,1,0.32674670843850845,0.084,9.780050582221856,-0.6062618687641824,-0.5184258304873997
Uruguay,E124,1,0.1844844761495916,0.084,9.780050582221856,-0.8664715579720175,-0.5184258304873997
Uruguay,E224,1,0.4942801560349553,0.084,9.780050582221856,-0.2998289833132152,-0.5184258304873997
Uruguay,E225,1,0.8811924976638397,0.084,9.780050582221856,0.40786650653023493,-0.5184258304873997
Uruguay,E226,1,0.5963450949928822,0.084,9.780050582221856,-0.11314355304861584,-0.5184258304873997
Uruguay,E227,1,1.214307789313829,0.084,9.780050582221856,1.0171626290217275,-0.5184258304873997
Uruguay,E229,1,1.1356248089660643,0.084,9.780050582221856,0.8732447842584192,-0.5184258304873997
Uruguay,E233,1,0.05944573212174473,0.084,9.780050582221856,-1.0951780262941715,-0.5184258304873997
Uruguay,E233A,1,0.6111596990591464,0.084,9.780050582221856,-0.08604638567118508,-0.5184258304873997
Uruguay,E233B,1,0.4146514222702033,0.084,9.780050582221856,-0.44547669129279677,-0.5184258304873997
Uruguay,E235,1,0.5006540718754247,0.084,9.780050582221856,-0.2881705506202914,-0.5184258304873997
Uruguay,E236,1,1.738602047128621,0.084,9.780050582221856,1.9761412959835563,-0.5184258304873997
Uruguay,E248B,1,1.0663046829641918,0.084,9.780050582221856,0.7464523942292598,-0.5184258304873997
Uruguay,E254B,1,0.378319517646986,0.084,9.780050582221856,-0.5119308264362433,-0.5184258304873997
Uruguay,E258B,1,0.6371396728068054,0.084,9.780050582221856,-0.0385268101258157,-0.5184258304873997
Uruguay,E259B,1,0.2346093965931587,0.084,9.780050582221856,-0.7747888270016545,-0.5184258304873997
Uruguay,E260B,1,0.2193610936795133,0.084,9.780050582221856,-0.8026792663562724,-0.5184258304873997
Uruguay,E261B,1,0.8214027471129748,0.084,9.780050582221856,0.2985059815452309,-0.5184258304873997
Uruguay,E262B,1,0.2526731689939628,0.084,9.780050582221856,-0.7417486551534549,-0.5184258304873997
Uruguay,E268,0,0.04408022046077919,0.084,9.780050582221856,-1.123282850389011,-0.5184258304873997
Uruguay,E277,1,0.9867799414705782,0.084,9.780050582221856,0.6009948969339729,-0.5184258304873997
Uruguay,E286,1,0.8224049575709431,0.084,9.780050582221856,0.30033910947801323,-0.5184258304873997
Uruguay,E287,1,1.3084529768591269,0.084,9.780050582221856,1.189362162217748,-0.5184258304873997
Uruguay,E289,1,0.19434295323207632,0.084,9.780050582221856,-0.848439567215074,-0.5184258304873997
Uruguay,F028,1,1.5908885587474777,0.084,9.780050582221856,1.7059607970201862,-0.5184258304873997
Uruguay,F028B,1,0.15935483638290363,0.084,9.780050582221856,-0.9124358005428419,-0.5184258304873997
Uruguay,F114A,1,0.028462891695875896,0.084,9.780050582221856,-1.1518482693254932,-0.5184258304873997
Uruguay,F114B,1,0.36741576117476094,0.084,9.780050582221856,-0.5318747218551869,-0.5184258304873997
Uruguay,F114C,1,0.011871120368354759,0.084,9.780050582221856,-1.1821960263589535,-0.5184258304873997
Uruguay,F114D,1,0.34880868435171564,0.084,9.780050582221856,-0.5659086435734821,-0.5184258304873997
Uruguay,F116,1,0.04606022872899912,0.084,9.780050582221856,-1.1196612473267442,-0.5184258304873997
Uruguay,F117,1,0.8666544467811372,0.084,9.780050582221856,0.38127517838213576,-0.5184258304873997
Uruguay,F120,1,0.827199917235684,0.084,9.780050582221856,0.30910949740214205,-0.5184258304873997
Uruguay,F121,1,0.973022984090801,0.084,9.780050582221856,0.5758322550532567,-0.5184258304873997
Uruguay,F122,1,0.592213264555965,0.084,9.780050582221856,-0.12070102136997765,-0.5184258304873997
Uruguay,F123,1,0.058261716882829696,0.084,9.780050582221856,-1.0973436905915637,-0.5184258304873997
Uruguay,F144_02,1,0.2703818800804693,0.084,9.780050582221856,-0.7093579205645798,-0.5184258304873997
Uruguay,F202,0,0.4355701315610206,0.084,9.780050582221856,-0.4072145977236613,-0.5184258304873997
Uruguay,F206,1,0.04077801804265873,0.084,9.780050582221856,-1.1293228586968762,-0.5184258304873997
Uruguay,G007_18_B,1,0.20056172998749427,0.084,9.780050582221856,-0.8370648970672452,-0.5184258304873997
Uruguay,G007_33_B,1,0.5146256053865134,0.084,9.780050582221856,-0.2626154307955586,-0.5184258304873997
Uruguay,G007_34_B,1,0.22584770159257783,0.084,9.780050582221856,-0.7908147103042927,-0.5184258304873997
Uruguay,G007_35_B,1,0.8764519479468139,0.084,9.780050582221856,0.39919563901540217,-0.5184258304873997
Uruguay,G007_36_B,1,0.13539619328079025,0.084,9.780050582221856,-0.9562581908929478,-0.5184258304873997
Uruguay,G052,1,0.6874543630822508,0.084,9.780050582221856,0.0535030259628882,-0.5184258304873997
Uruguay,G058,1,0.3346002051667569,0.084,9.780050582221856,-0.5918971571329037,-0.5184258304873997
Uruguay,G062,1,1.14445411524479,0.084,9.780050582221856,0.8893943343234155,-0.5184258304873997
Uruguay,G063,1,0.15164588247578742,0.084,9.780050582221856,-0.926536131094484,-0.5184258304873997
Uruguay,H001,1,0.7564215859527205,0.084,9.780050582221856,0.1796499262322895,-0.5184258304873997
Uruguay,H006_01,0,0.40340817968306036,0.084,9.780050582221856,-0.4660415356103471,-0.5184258304873997
Uruguay,H006_02,1,1.4250693886156756,0.084,9.780050582221856,1.4026634704530785,-0.5184258304873997
Uruguay,H008_01,1,0.8600763424734263,0.084,9.780050582221856,0.3692432676638367,-0.5184258304873997
Uruguay,H008_02,1,0.42686537585730455,0.084,9.780050582221856,-0.4231363342228751,-0.5184258304873997
Uruguay,H008_03,1,0.18790285736624446,0.084,9.780050582221856,-0.8602190487876215,-0.5184258304873997
Uruguay,H008_04,1,0.5631270255818133,0.084,9.780050582221856,-0.1739022194807884,-0.5184258304873997
Uruguay,H008_07,1,0.5861157944639291,0.084,9.780050582221856,-0.1318538113415317,-0.5184258304873997
Uruguay,H008_08,1,0.7210568110153822,0.084,9.780050582221856,0.11496475331400446,-0.5184258304873997
Uruguay,H008_09,1,1.2085663385804732,0.084,9.780050582221856,1.0066610286539326,-0.5184258304873997
Uzbekistan,A001,1,0.7431107867093032,0.15,7.498932301233292,0.15530334542507038,0.9252916721357376
Uzbekistan,A002,1,1.6555061060818805,0.15,7.498932301233292,1.8241517718047668,0.9252916721357376
Uzbekistan,A003,1,0.8333214640116016,0.15,7.498932301233292,0.32030632567064404,0.9252916721357376
Uzbekistan,A004,1,0.6299558469667189,0.15,7.498932301233292,-0.05166663690272019,0.9252916721357376
Uzbekistan,A005,1,0.08801970336588731,0.15,7.498932301233292,-1.042913809310904,0.9252916721357376
Uzbekistan,A006,1,0.17760100959314434,0.15,7.498932301233292,-0.8790620021433706,0.9252916721357376
Uzbekistan,A008,1,0.5030592794851632,0.15,7.498932301233292,-0.2837712218979687,0.9252916721357376
Uzbekistan,A009,1,0.7042131088780064,0.15,7.498932301233292,0.08415619346113498,0.9252916721357376
Uzbekistan,A062,1,0.04791436309170659,0.15,7.498932301233292,-1.1162698783139913,0.9252916721357376
Uzbekistan,A165,1,0.6047733171369424,0.15,7.498932301233292,-0.09772761988494554,0.9252916721357376
Uzbekistan,A170,1,0.7844829670788056,0.15,7.498932301233292,0.2309765724129293,0.9252916721357376
Uzbekistan,A173,1,0.39778844413050196,0.15,7.498932301233292,-0.4763205085888652,0.9252916721357376
Uzbekistan,B008,1,0.08791818243757955,0.15,7.498932301233292,-1.0430994996995477,0.9252916721357376
Uzbekistan,C001_01,1,1.083617931331779,0.15,7.498932301233292,0.7781197939630043,0.9252916721357376
Uzbekistan,C002_01,1,0.4031710794744508,0.15,7.498932301233292,-0.4664752120021818,0.9252916721357376
Uzbekistan,C006,1,0.409985415834214,0.15,7.498932301233292,-0.4540112128240263,0.9252916721357376
Uzbekistan,C038,1,0.5550755705457071,0.15,7.498932301233292,-0.18862901364750176,0.9252916721357376
Uzbekistan,C039,1,1.3039910594864654,0.15,7.498932301233292,1.1812009368937044,0.9252916721357376
Uzbekistan,C041,1,1.1664707434093304,0.15,7.498932301233292,0.9296646146355139,0.9252916721357376
Uzbekistan,D001_B,1,0.11665877812207162,0.15,7.498932301233292,-0.9905305124821838,0.9252916721357376
Uzbekistan,D026_03,1,1.0060043557566265,0.15,7.498932301233292,0.6361579812332272,0.9252916721357376
Uzbekistan,D026_05,1,2.1517544897228578,0.15,7.498932301233292,2.7318321561169228,0.9252916721357376
Uzbekistan,D054,1,2.6377680088191853,0.15,7.498932301233292,3.620792105079526,0.9252916721357376
Uzbekistan,D057,1,0.5136011941203539,0.15,7.498932301233292,-0.2644891658895434,0.9252916721357376
Uzbekistan,D059,1,0.23139405795717305,0.15,7.498932301233292,-0.7806699540844112,0.9252916721357376
Uzbekistan,D060,1,1.046196282640604,0.15,7.498932301233292,0.7096724244897075,0.9252916721357376
Uzbekistan,D061,1,2.04967183331408,0.15,7.498932301233292,2.545114319131964,0.9252916721357376
Uzbekistan,D066_01,1,1.1439054449637103,0.15,7.498932301233292,0.8883907698423845,0.9252916721357376
Uzbekistan,D078,1,0.39069020943988436,0.15,7.498932301233292,-0.48930378189374907,0.9252916721357376
Uzbekistan,E015,0,1.0365869796413434,0.15,7.498932301233292,0.6920961942653466,0.9252916721357376
Uzbekistan,E016,1,0.6184000602028467,0.15,7.498932301233292,-0.07280315102877805,0.9252916721357376
Uzbekistan,E018,1,0.6748726623220583,0.15,7.498932301233292,0.030490028121923442,0.9252916721357376
Uzbekistan,E023,1,0.29634126120764487,0.15,7.498932301233292,-0.6618760106686928,0.9252916721357376
Uzbekistan,E025,1,0.2317636715555437,0.15,7.498932301233292,-0.7799938994632263,0.9252916721357376
Uzbekistan,E026,1,0.23690995453278574,0.15,7.498932301233292,-0.7705809114021072,0.9252916721357376
Uzbekistan,E027,1,0.2706891172404287,0.15,7.498932301233292,-0.7087959577398733,0.9252916721357376
Uzbekistan,E028,1,0.2050549330734112,0.15,7.498932301233292,-0.8288464475200761,0.9252916721357376
Uzbekistan,E034,1,1.0114674645279806,0.15,7.498932301233292,0.6461504705442037,0.9252916721357376
Uzbekistan,E035,1,1.0450954898897726,0.15,7.498932301233292,0.7076589811817582,0.9252916721357376
Uzbekistan,E036,1,1.1862070330350118,0.15,7.498932301233292,0.9657639623470321,0.9252916721357376
Uzbekistan,E037,1,0.001641418747553877,0.15,7.498932301233292,-1.2009070182828787,0.9252916721357376
Uzbekistan,E039,1,1.6616726155213002,0.15,7.498932301233292,1.8354308405984425,0.9252916721357376
Uzbekistan,E040,1,1.6646467148508566,0.15,7.498932301233292,1.8408707205283839,0.9252916721357376
Uzbekistan,E069_01,1,0.14936098870579942,0.15,7.498932301233292,-0.9307153955991633,0.9252916721357376
Uzbekistan,E069_04,1,0.8793617382948752,0.15,7.498932301233292,0.40451789236365054,0.9252916721357376
Uzbekistan,E069_05,1,0.46135976937502093,0.15,7.498932301233292,-0.3600431627448045,0.9252916721357376
Uzbekistan,E069_07,0,0.9765543137955582,0.15,7.498932301233292,0.5822913566024236,0.9252916721357376
Uzbekistan,E069_08,1,0.9713430168225347,0.15,7.498932301233292,0.5727594524286843,0.9252916721357376
Uzbekistan,E069_10,1,0.09629154276574059,0.15,7.498932301233292,-1.0277839134504083,0.9252916721357376
Uzbekistan,E069_12,1,0.40620170332626204,0.15,7.498932301233292,-0.4609319439267581,0.9252916721357376
Uzbekistan,E069_13,1,0.6257188356470303,0.15,7.498932301233292,-0.05941648997986844,0.9252916721357376
Uzbekistan,E069_14,1,1.679032043729242,0.15,7.498932301233292,1.8671827071770621,0.9252916721357376
Uzbekistan,E069_15,1,0.19620723092371792,0.15,7.498932301233292,-0.845029645193367,0.9252916721357376
Uzbekistan,E069_40,1,0.08640375292429164,0.15,7.498932301233292,-1.0458695197297374,0.9252916721357376
Uzbekistan,E069_41,1,0.4094583010054966,0.15,7.498932301233292,-0.45497535055440314,0.9252916721357376
Uzbekistan,E069_54,1,1.338958906712183,0.15,7.498932301233292,1.2451600953609505,0.9252916721357376
Uzbekistan,E114,1,1.0208320054229967,0.15,7.498932301233292,0.6632790101197493,0.9252916721357376
Uzbekistan,E115,1,0.0414350934604921,0.15,7.498932301233292,-1.1281210120260512,0.9252916721357376
Uzbekistan,E117,1,1.09470373084666,0.15,7.498932301233292,0.7983966615474326,0.9252916721357376
Uzbekistan,E117B,1,0.015691070936618673,0.15,7.498932301233292,-1.1752090127702832,0.9252916721357376
Uzbekistan,E124,1,1.8017396137755446,0.15,7.498932301233292,2.0916252605622208,0.9252916721357376
Uzbekistan,E224,1,0.09868074062364462,0.15,7.498932301233292,-1.0234138679221008,0.9252916721357376
Uzbekistan,E225,1,0.38717766356825223,0.15,7.498932301233292,-0.4957285262189291,0.9252916721357376
Uzbekistan,E226,0,0.7888768893864783,0.15,7.498932301233292,0.2390134289959252,0.9252916721357376
Uzbekistan,E227,0,0.16572705026846865,0.15,7.498932301233292,-0.9007804808697939,0.9252916721357376
Uzbekistan,E229,0,0.7457253468175011,0.15,7.498932301233292,0.160085597623867,0.9252916721357376
Uzbekistan,E233,0,1.2065753516639595,0.15,7.498932301233292,1.0030193447127531,0.9252916721357376
Uzbekistan,E233A,1,0.3080484915000828,0.15,7.498932301233292,-0.6404624934838008,0.9252916721357376
Uzbekistan,E233B,1,0.2525660437818444,0.15,7.498932301233292,-0.7419445962525306,0.9252916721357376
Uzbekistan,E235,1,0.16821376469750654,0.15,7.498932301233292,-0.8962320692617539,0.9252916721357376
Uzbekistan,E236,1,1.1395656518427473,0.15,7.498932301233292,0.8804529201329923,0.9252916721357376
Uzbekistan,E248B,1,0.005502565851431461,0.15,7.498932301233292,-1.1938446527363766,0.9252916721357376
Uzbekistan,E254B,1,0.3270750285994432,0.15,7.498932301233292,-0.605661343342481,0.9252916721357376
Uzbekistan,E258B,1,0.18898660946554563,0.15,7.498932301233292,-0.8582367742766691,0.9252916721357376
Uzbekistan,E259B,1,0.19475444141779194,0.15,7.498932301233292,-0.8476869204219298,0.9252916721357376
Uzbekistan,E260B,1,0.6738095159405616,0.15,7.498932301233292,0.028545443216564464,0.9252916721357376
Uzbekistan,E261B,1,0.3008180744971302,0.15,7.498932301233292,-0.6536875394493414,0.9252916721357376
Uzbekistan,E262B,1,1.4891293718180656,0.15,7.498932301233292,1.5198346131489158,0.9252916721357376
Uzbekistan,E268,1,0.47588017238891545,0.15,7.498932301233292,-0.33348411404560624,0.9252916721357376
Uzbekistan,E277,1,0.7950763615055519,0.15,7.498932301233292,0.2503527893265059,0.9252916721357376
Uzbekistan,E286,1,0.8201923950918115,0.15,7.498932301233292,0.29629214503928214,0.9252916721357376
Uzbekistan,E287,0,1.4828121648597694,0.15,7.498932301233292,1.5082799058114023,0.9252916721357376
Uzbekistan,E289,1,1.373389101564436,0.15,7.498932301233292,1.3081358420347071,0.9252916721357376
Uzbekistan,F028,1,0.3902555292827498,0.15,7.498932301233292,-0.4900988487697073,0.9252916721357376
Uzbekistan,F028B,1,1.0872978412447545,0.15,7.498932301233292,0.7848506613152296,0.9252916721357376
Uzbekistan,F114A,1,0.33647122381593897,0.15,7.498932301233292,-0.588474905328103,0.9252916721357376
Uzbekistan,F114B,1,0.12833242319009497,0.15,7.498932301233292,-0.9691784255213666,0.9252916721357376
Uzbekistan,F114C,1,0.7825345415214041,0.15,7.498932301233292,0.22741273680752144,0.9252916721357376
Uzbekistan,F114D,1,0.5510875599059495,0.15,7.498932301233292,-0.19592342336139823,0.9252916721357376
Uzbekistan,F116,1,1.87324800213008,0.15,7.498932301233292,2.22242016803772,0.9252916721357376
Uzbekistan,F117,1,0.877656274105765,0.15,7.498932301233292,0.40139845370826516,0.9252916721357376
Uzbekistan,F120,1,0.545610079247242,0.15,7.498932301233292,-0.205942200073334,0.9252916721357376
Uzbekistan,F121,1,0.041332263274768785,0.15,7.498932301233292,-1.1283090971575562,0.9252916721357376
Uzbekistan,F122,1,0.37683159042436076,0.15,7.498932301233292,-0.5146523715289486,0.9252916721357376
Uzbekistan,F123,1,0.20557176435384988,0.15,7.498932301233292,-0.8279011192717274,0.9252916721357376
Uzbekistan,F144_02,0,0.9195708796156676,0.15,7.498932301233292,0.478063822285154,0.9252916721357376
Uzbekistan,F202,1,0.033172285916670416,0.15,7.498932301233292,-1.1432343878558042,0.9252916721357376
Uzbekistan,F206,1,0.2622126181503294,0.15,7.498932301233292,-0.7243001935325873,0.9252916721357376
Uzbekistan,G007_18_B,1,0.3407962730909042,0.15,7.498932301233292,-0.5805640233635793,0.9252916721357376
Uzbekistan,G007_33_B,1,1.5063243017041374,0.15,7.498932301233292,1.5512855983444704,0.9252916721357376
Uzbekistan,G007_34_B,1,0.053742189739842884,0.15,7.498932301233292,-1.1056102890718589,0.9252916721357376
Uzbekistan,G007_35_B,1,1.232367370850994,0.15,7.498932301233292,1.0501951354248718,0.9252916721357376
Uzbekistan,G007_36_B,1,0.7477106701019954,0.15,7.498932301233292,0.16371692230170692,0.9252916721357376
Uzbekistan,G052,1,1.5640294032548259,0.15,7.498932301233292,1.6568331234930758,0.9252916721357376
Uzbekistan,G058,1,0.15491740725764205,0.15,7.498932301233292,-0.9205522347853549,0.9252916721357376
Uzbekistan,G062,1,0.5737640209145696,0.15,7.498932301233292,-0.1544462528119922,0.9252916721357376
Uzbekistan,G063,1,0.5257596812633607,0.15,7.498932301233292,-0.24225026165040517,0.9252916721357376
Uzbekistan,H001,1,0.8686084890232957,0.15,7.498932301233292,0.38484928738035823,0.9252916721357376
Uzbekistan,H006_01,1,0.7366876095259948,0.15,7.498932301233292,0.14355480955786148,0.9252916721357376
Uzbekistan,H006_02,1,0.5007433914801437,0.15,7.498932301233292,-0.28800717748737936,0.9252916721357376
Uzbekistan,H008_01,1,0.7944014292798113,0.15,7.498932301233292,0.24911828103944583,0.9252916721357376
Uzbekistan,H008_02,0,0.8131973509766415,0.15,7.498932301233292,0.28349761604927626,0.9252916721357376
Uzbekistan,H008_03,1,0.972502984335365,0.15,7.498932301233292,0.5748811313953953,0.9252916721357376
Uzbekistan,H008_04,1,0.7881290045810241,0.15,7.498932301233292,0.23764548425290113,0.9252916721357376
Uzbekistan,H008_07,1,0.12256613924338117,0.15,7.498932301233292,-0.9797254479426887,0.9252916721357376
Uzbekistan,H008_08,1,0.17780358548383196,0.15,7.498932301233292,-0.8786914736572874,0.9252916721357376
Uzbekistan,H008_09,0,0.12496256567525843,0.15,7.498932301233292,-0.9753421807394732,0.9252916721357376
Zimbabwe,A001,1,0.4053967827086999,0.11,7.381473251506214,-0.46240421200777254,0.05031136751565441
Zimbabwe,A002,1,0.456742480009375,0.11,7.381473251506214,-0.3684885766223075,0.05031136751565441
Zimbabwe,A003,0,0.7743755159219541,0.11,7.381473251506214,0.21248918695656732,0.05031136751565441
Zimbabwe,A004,1,0.7069865879214918,0.11,7.381473251506214,0.08922912187170667,0.05031136751565441
Zimbabwe,A005,1,0.9499319764904519,0.11,7.381473251506214,0.5335968436267013,0.05031136751565441
Zimbabwe,A006,1,1.1516697254210146,0.11,7.381473251506214,0.9025922973469901,0.05031136751565441
Zimbabwe,A008,1,0.6449803649023417,0.11,7.381473251506214,-0.024185519253826677,0.05031136751565441
Zimbabwe,A009,1,0.9681378085733621,0.11,7.381473251506214,0.5668968546826445,0.05031136751565441
Zimbabwe,A062,1,1.0934025060223642,0.11,7.381473251506214,0.7960166109769348,0.05031136751565441
Zimbabwe,A165,1,1.2680768904311248,0.11,7.381473251506214,1.1155108755352627,0.05031136751565441
Zimbabwe,A170,1,1.177815177934784,0.11,7.381473251506214,0.9504145475910991,0.05031136751565441
Zimbabwe,A173,1,0.34071307194481193,0.11,7.381473251506214,-0.5807162053167096,0.05031136751565441
Zimbabwe,B008,1,0.1298174157345014,0.11,7.381473251506214,-0.966462248204036,0.05031136751565441
Zimbabwe,C001_01,1,0.5245691741301777,0.11,7.381473251506214,-0.24442780017304086,0.05031136751565441
Zimbabwe,C002_01,1,0.7161603271512941,0.11,7.381473251506214,0.1060086690182232,0.05031136751565441
Zimbabwe,C006,1,0.04499285814217142,0.11,7.381473251506214,-1.1216135586619407,0.05031136751565441
Zimbabwe,C038,1,1.5865646043586394,0.11,7.381473251506214,1.6980519176952544,0.05031136751565441
Zimbabwe,C039,1,0.15702540119502628,0.11,7.381473251506214,-0.91669653507874,0.05031136751565441
Zimbabwe,C041,0,0.23463158121178265,0.11,7.381473251506214,-0.7747482494525436,0.05031136751565441
Zimbabwe,D001_B,1,0.38458268697009323,0.11,7.381473251506214,-0.5004749585168368,0.05031136751565441
Zimbabwe,D026_03,1,1.5963861887159843,0.11,7.381473251506214,1.716016428528762,0.05031136751565441
Zimbabwe,D026_05,1,0.639558634416864,0.11,7.381473251506214,-0.03410232417032523,0.05031136751565441
Zimbabwe,D054,1,0.39315153688427307,0.11,7.381473251506214,-0.4848018052338974,0.05031136751565441
Zimbabwe,D057,1,0.4800147211500874,0.11,7.381473251506214,-0.32592167367862057,0.05031136751565441
Zimbabwe,D059,1,0.4404611747960544,0.11,7.381473251506214,-0.3982684647998819,0.05031136751565441
Zimbabwe,D060,1,0.39211155582484153,0.11,7.381473251506214,-0.4867040188003704,0.05031136751565441
Zimbabwe,D061,0,2.240002048915147,0.11,7.381473251506214,2.893244426832181,0.05031136751565441
Zimbabwe,D066_01,1,1.4350390321386275,0.11,7.381473251506214,1.4208987940585154,0.05031136751565441
Zimbabwe,D078,1,0.25533279184621016,0.11,7.381473251506214,-0.7368839793736748,0.05031136751565441
Zimbabwe,E015,1,0.18456281948934597,0.11,7.381473251506214,-0.8663282613587071,0.05031136751565441
Zimbabwe,E016,1,1.0070694224389751,0.11,7.381473251506214,0.6381060785317197,0.05031136751565441
Zimbabwe,E018,1,0.9206768462062748,0.11,7.381473251506214,0.48008672898488636,0.05031136751565441
Zimbabwe,E023,1,0.3288803416880477,0.11,7.381473251506214,-0.6023592725809693,0.05031136751565441
Zimbabwe,E025,1,0.6400644808911825,0.11,7.381473251506214,-0.03317708806407616,0.05031136751565441
Zimbabwe,E026,1,0.13564706043196487,0.11,7.381473251506214,-0.9557993335954816,0.05031136751565441
Zimbabwe,E027,0,0.7838558783721117,0.11,7.381473251506214,0.22982957398018164,0.05031136751565441
Zimbabwe,E028,0,0.6837453219903552,0.11,7.381473251506214,0.046718875213579036,0.05031136751565441
Zimbabwe,E034,1,0.23361908753864427,0.11,7.381473251506214,-0.7766001862580704,0.05031136751565441
Zimbabwe,E035,1,0.47730987778921974,0.11,7.381473251506214,-0.3308690616041655,0.05031136751565441
Zimbabwe,E036,1,0.20345700374487657,0.11,7.381473251506214,-0.8317691957946121,0.05031136751565441
Zimbabwe,E037,0,0.7810385667318597,0.11,7.381473251506214,0.22467647203234511,0.05031136751565441
Zimbabwe,E039,1,0.8208092428970287,0.11,7.381473251506214,0.29742041199461944,0.05031136751565441
Zimbabwe,E040,0,1.096266753750674,0.11,7.381473251506214,0.8012555630108388,0.05031136751565441
Zimbabwe,E069_01,1,0.8366778646649148,0.11,7.381473251506214,0.3264454671476448,0.05031136751565441
Zimbabwe,E069_04,1,0.6445922902249555,0.11,7.381473251506214,-0.024895340754356905,0.05031136751565441
Zimbabwe,E069_05,1,0.8334371135888635,0.11,7.381473251506214,0.3205178585565841,0.05031136751565441
Zimbabwe,E069_07,1,0.3560648553600343,0.11,7.381473251506214,-0.5526364913477322,0.05031136751565441
Zimbabwe,E069_08,1,0.8284897736445205,0.11,7.381473251506214,0.31146875417652226,0.05031136751565441
Zimbabwe,E069_10,1,1.2572717636650022,0.11,7.381473251506214,1.0957473822143227,0.05031136751565441
Zimbabwe,E069_12,1,0.2672903211501262,0.11,7.381473251506214,-0.7150126440670098,0.05031136751565441
Zimbabwe,E069_13,1,0.8830495550662619,0.11,7.381473251506214,0.4112632220305515,0.05031136751565441
Zimbabwe,E069_14,1,0.008555031111068217,0.11,7.381473251506214,-1.1882614348735028,0.05031136751565441
Zimbabwe,E069_15,1,0.20995422923036447,0.11,7.381473251506214,-0.8198852193021123,0.05031136751565441
Zimbabwe,E069_40,1,0.6896161262567122,0.11,7.381473251506214,0.05745707416469868,0.05031136751565441
Zimbabwe,E069_41,1,1.2820032795575187,0.11,7.381473251506214,1.140983422451347,0.05031136751565441
Zimbabwe,E069_54,1,0.8099309781615214,0.11,7.381473251506214,0.2775231431242824,0.05031136751565441
Zimbabwe,E114,1,0.4562628810774898,0.11,7.381473251506214,-0.3693658037471906,0.05031136751565441
Zimbabwe,E115,1,0.637391088947082,0.11,7.381473251506214,-0.03806694868071804,0.05031136751565441
Zimbabwe,E117,0,0.7371350136650905,0.11,7.381473251506214,0.14437314967604523,0.05031136751565441
Zimbabwe,E117B,1,0.3380030504083982,0.11,7.381473251506214,-0.5856730645645291,0.05031136751565441
Zimbabwe,E124,1,1.4363925487852405,0.11,7.381473251506214,1.4233744908073018,0.05031136751565441
Zimbabwe,E224,1,0.30375829531726306,0.11,7.381473251506214,-0.6483096261866322,0.05031136751565441
Zimbabwe,E225,1,0.34221147068278224,0.11,7.381473251506214,-0.5779755069342687,0.05031136751565441
Zimbabwe,E226,1,0.289426656207182,0.11,7.381473251506214,-0.6745234096952408,0.05031136751565441
Zimbabwe,E227,1,0.08589615838391722,0.11,7.381473251506214,-1.04679795319707,0.05031136751565441
Zimbabwe,E229,1,0.4187011797135868,0.11,7.381473251506214,-0.4380693414378484,0.05031136751565441
Zimbabwe,E233,1,0.5896435641745686,0.11,7.381473251506214,-0.1254012213235566,0.05031136751565441
Zimbabwe,E233A,1,0.4544818725737544,0.11,7.381473251506214,-0.3726234193615184,0.05031136751565441
Zimbabwe,E233B,0,0.3859769618788515,0.11,7.381473251506214,-0.4979247114495655,0.05031136751565441
Zimbabwe,E235,0,0.4658095573720075,0.11,7.381473251506214,-0.35190412307765573,0.05031136751565441
Zimbabwe,E236,1,0.9206132660225747,0.11,7.381473251506214,0.4799704354361756,0.05031136751565441
Zimbabwe,E248B,1,0.02918372619455854,0.11,7.381473251506214,-1.1505298018878984,0.05031136751565441
Zimbabwe,E254B,1,0.9538422134734612,0.11,7.381473251506214,0.5407489987258246,0.05031136751565441
Zimbabwe,E258B,1,2.3323714148712646,0.11,7.381473251506214,3.062195831720537,0.05031136751565441
Zimbabwe,E259B,1,1.41475994680702,0.11,7.381473251506214,1.38380662696219,0.05031136751565441
Zimbabwe,E260B,1,1.2838633388684475,0.11,7.381473251506214,1.144385628696937,0.05031136751565441
Zimbabwe,E261B,0,0.5957517264528535,0.11,7.381473251506214,-0.11422887443646688,0.05031136751565441
Zimbabwe,E262B,0,1.859555140796152,0.11,7.381473251506214,2.1973747632613394,0.05031136751565441
Zimbabwe,E268,1,0.09185257576226856,0.11,7.381473251506214,-1.0359031606026077,0.05031136751565441
Zimbabwe,E277,1,0.11396807871675772,0.11,7.381473251506214,-0.9954520299133635,0.05031136751565441
Zimbabwe,E286,0,0.10614488822933336,0.11,7.381473251506214,-1.0097613088596702,0.05031136751565441
Zimbabwe,E287,1,0.1264972405963306,0.11,7.381473251506214,-0.9725351301412776,0.05031136751565441
Zimbabwe,E289,1,1.1082894098781138,0.11,7.381473251506214,0.8232460208016342,0.05031136751565441
Zimbabwe,F028,1,0.9835994199810953,0.11,7.381473251506214,0.595177453365279,0.05031136751565441
Zimbabwe,F028B,1,0.6782898528654111,0.11,7.381473251506214,0.03674035946386352,0.05031136751565441
Zimbabwe,F114A,1,0.5079238212676515,0.11,7.381473251506214,-0.2748735623786866,0.05031136751565441
Zimbabwe,F114B,1,0.35353677034861797,0.11,7.381473251506214,-0.5572605732598989,0.05031136751565441
Zimbabwe,F114C,1,1.8025896048273797,0.11,7.381473251506214,2.0931799662902897,0.05031136751565441
Zimbabwe,F114D,1,0.10844275071313876,0.11,7.381473251506214,-1.0055583234774428,0.05031136751565441
Zimbabwe,F116,1,0.6855210549712109,0.11,7.381473251506214,0.04996684144910217,0.05031136751565441
Zimbabwe,F117,1,1.813168391190749,0.11,7.381473251506214,2.1125294638169274,0.05031136751565441
Zimbabwe,F120,0,0.06093262957735266,0.11,7.381473251506214,-1.0924583647326833,0.05031136751565441
Zimbabwe,F121,0,1.0766819689170195,0.11,7.381473251506214,0.7654333304142216,0.05031136751565441
Zimbabwe,F122,0,0.7765919529386417,0.11,7.381473251506214,0.21654323825311764,0.05031136751565441
Zimbabwe,F123,1,0.15088090657207676,0.11,7.381473251506214,-0.9279353369058464,0.05031136751565441
Zimbabwe,F144_02,0,0.9047679912651531,0.11,7.381473251506214,0.45098808394552886,0.05031136751565441
Zimbabwe,F202,1,0.8220734116081618,0.11,7.381473251506214,0.29973268379112944,0.05031136751565441
Zimbabwe,F206,1,0.9390533950128205,0.11,7.381473251506214,0.5136989954081541,0.05031136751565441
Zimbabwe,G007_18_B,1,0.31760984972758693,0.11,7.381473251506214,-0.6229739583135464,0.05031136751565441
Zimbabwe,G007_33_B,1,0.48292769304511757,0.11,7.381473251506214,-0.32059360101111467,0.05031136751565441
Zimbabwe,G007_34_B,1,0.6220373995879426,0.11,7.381473251506214,-0.06615014878277742,0.05031136751565441
Zimbabwe,G007_35_B,1,0.8685804725937372,0.11,7.381473251506214,0.38479804295440734,0.05031136751565441
Zimbabwe,G007_36_B,1,0.5452036973119228,0.11,7.381473251506214,-0.2066855071014028,0.05031136751565441
Zimbabwe,G052,1,0.7643138417861529,0.11,7.381473251506214,0.19408553155440686,0.05031136751565441
Zimbabwe,G058,1,0.10356248373905834,0.11,7.381473251506214,-1.0144847457059212,0.05031136751565441
Zimbabwe,G062,1,1.4398094074395058,0.11,7.381473251506214,1.429624215095951,0.05031136751565441
Zimbabwe,G063,1,0.6558744633105155,0.11,7.381473251506214,-0.004259289253207477,0.05031136751565441
Zimbabwe,H001,1,0.2735840446679335,0.11,7.381473251506214,-0.703500889933961,0.05031136751565441
Zimbabwe,H006_01,1,0.06124440956596868,0.11,7.381473251506214,-1.0918880926890517,0.05031136751565441
Zimbabwe,H006_02,1,1.1820186903951109,0.11,7.381473251506214,0.9581031284131795,0.05031136751565441
Zimbabwe,H008_01,1,0.3259688483672739,0.11,7.381473251506214,-0.6076846408107511,0.05031136751565441
Zimbabwe,H008_02,1,0.19884061027151137,0.11,7.381473251506214,-0.8402129710091462,0.05031136751565441
Zimbabwe,H008_03,1,0.377671914273278,0.11,7.381473251506214,-0.513115347934966,0.05031136751565441
Zimbabwe,H008_04,1,1.244527557233629,0.11,7.381473251506214,1.0724371477174155,0.05031136751565441
Zimbabwe,H008_07,0,0.548720365708929,0.11,7.381473251506214,-0.20025322232765047,0.05031136751565441
Zimbabwe,H008_08,1,0.21861389109237103,0.11,7.381473251506214,-0.8040459632641398,0.05031136751565441
Zimbabwe,H008_09,1,0.3129579461170894,0.11,7.381473251506214,-0.6314826845807826,0.05031136751565441
